-- Volcando datos para la tabla explore_andina.areas: ~18 rows (aproximadamente)
/*!40000 ALTER TABLE `areas` DISABLE KEYS */;
INSERT INTO `areas` (`id_area`, `area_nombre`, `area_descripcion`) VALUES
	(1, 'Administracion', NULL),
	(2, 'Asistente de Diamantina', NULL),
	(3, 'BbSs', NULL),
	(4, 'Diamantina', NULL),
	(5, 'Exploraciones', NULL),
	(6, 'Geologia', NULL),
	(7, 'Geotecnia', NULL),
	(8, 'Ingenieria Y Planeamiento', NULL),
	(9, 'Laboratorio', NULL),
	(10, 'Mantenimiento', NULL),
	(11, 'Medio Ambiente', NULL),
	(12, 'Mina', NULL),
	(13, 'Recursos Humanos', NULL),
	(14, 'S.S.O.M.A.R.C.', NULL),
	(15, 'Seguridad', NULL),
	(16, 'Seguridad Y Salud Ocupacional', NULL),
	(17, 'Unidad Medica', NULL),
	(18, 'Unidad Medica Ocupacional', NULL);
/*!40000 ALTER TABLE `areas` ENABLE KEYS */;

-- Volcando datos para la tabla explore_andina.cargos: ~102 rows (aproximadamente)
/*!40000 ALTER TABLE `cargos` DISABLE KEYS */;
INSERT INTO `cargos` (`id_cargo`, `cargo_nombre`, `cargo_descripcion`, `id_area`) VALUES
	(1, 'Administrador', NULL, 1),
	(2, 'Almacenero', NULL, 1),
	(3, 'Analista de Recursos humanos', NULL, 13),
	(4, 'Asistena Social', NULL, 13),
	(5, 'Asistente', NULL, 4),
	(6, 'Asistente Administrativo', NULL, 1),
	(7, 'Asistente De Almacen', NULL, 1),
	(8, 'Asistente De Costos', NULL, 8),
	(9, 'Asistente de Diamantina', NULL, 4),
	(10, 'Asistente de Geologia', NULL, 6),
	(11, 'Asistente De Guardia', NULL, 12),
	(12, 'Asistente De Planeamiento', NULL, 8),
	(13, 'Asistente De Planner', NULL, 10),
	(14, 'Asistente de Recursos Humanos', NULL, 13),
	(15, 'Asistente De Salud Ocupacional', NULL, 16),
	(16, 'Asistente de Seguridad Minera', NULL, 15),
	(17, 'Asistente De Ssoma', NULL, 16),
	(18, 'Asistente Recursos Humanos', NULL, 13),
	(19, 'Auxiliar Administrativo', NULL, 1),
	(20, 'Auxiliar Contable', NULL, 1),
	(21, 'Auxiliar De Limpieza', NULL, 13),
	(22, 'Auxiliar De Medio Ambiente', NULL, 11),
	(23, 'Auxiliar General', NULL, 13),
	(24, 'Ayudante 02 -  Diamantina', NULL, 4),
	(25, 'Ayudante 03 - Diamantina', NULL, 4),
	(26, 'Ayudante 3 Diamantina ', NULL, 4),
	(27, 'Ayudante De Cocina', NULL, 1),
	(28, 'Ayudante De Diamantina', NULL, 4),
	(29, 'Ayudante De Mina', NULL, 12),
	(30, 'Ayudante De Perforista', NULL, 12),
	(31, 'Ayudante De Topografia', NULL, 8),
	(32, 'Ayudante Diamantina', NULL, 4),
	(33, 'Ayudante Mina', NULL, 12),
	(34, 'Ayudante Perforista', NULL, 12),
	(35, 'Ayudante Perforista De Diamantina', NULL, 4),
	(36, 'Bodeguero', NULL, 12),
	(37, 'Capataz', NULL, 12),
	(39, 'Cocinero', NULL, 1),
	(40, 'Conductor', NULL, 12),
	(41, 'Conductor De Camioneta', NULL, 12),
	(42, 'Coordinador De Recursos Humanos', NULL, 13),
	(43, 'Electricista', NULL, 10),
	(44, 'Electricista 2', NULL, 10),
	(45, 'Enfermero Ocupacional', NULL, 16),
	(46, 'Enmaderador', NULL, 12),
	(47, 'Geologo', NULL, 6),
	(48, 'Geologo de Exploraciones', NULL, 6),
	(49, 'Geologo Junior', NULL, 6),
	(50, 'Ingeniero Junior', NULL, 12),
	(51, 'Ingeniero Proyectista', NULL, 8),
	(52, 'Inspector De Seguridad Y Salud Ocupacional', NULL, 16),
	(53, 'Jefe De Geologia', NULL, 6),
	(54, 'Jefe De Guardia', NULL, 12),
	(55, 'Jefe De Mantenimiento ', NULL, 10),
	(56, 'Jefe De Medio Ambiente', NULL, 11),
	(57, 'Jefe de Seguridad Minera', NULL, 15),
	(58, 'Jefe De Seguridad Y Salud Ocupacional', NULL, 14),
	(59, 'Jefe De Servicios Mina', NULL, 12),
	(60, 'Laboratorista', NULL, 9),
	(61, 'Limpieza', NULL, 13),
	(62, 'Maestro Albanil', NULL, 8),
	(63, 'Maestro Motorista', NULL, 12),
	(64, 'Maestro Perforista', NULL, 12),
	(65, 'Maestro Perforista 1', NULL, 12),
	(66, 'Maestro Perforista 2', NULL, 12),
	(67, 'Mecanico', NULL, 10),
	(68, 'Mecanico Electricista', NULL, 10),
	(69, 'Medico Ocupacional', NULL, 18),
	(70, 'Muestrero', NULL, 6),
	(71, 'Operador De Retroescavadora', NULL, 10),
	(72, 'Operador De Volquete Encapsulado', NULL, 10),
	(73, 'Operario Albanil', NULL, 8),
	(74, 'Operario De Medio Ambiente', NULL, 11),
	(75, 'Operario Medio Ambiente', NULL, 11),
	(76, 'Operario Medio Ambiente ', NULL, 11),
	(77, 'Perforfista', NULL, 4),
	(78, 'Perforista', NULL, 4),
	(79, 'Perforista  1  Diamantina', NULL, 4),
	(80, 'Perforista 01 - Diamantina', NULL, 4),
	(81, 'Perforista 02 - Diamantina', NULL, 4),
	(82, 'Perforista 1 Diamantina', NULL, 4),
	(83, 'Perforista De Diamantina', NULL, 4),
	(84, 'Perforista Diamantina', NULL, 4),
	(85, 'Perforista Pack Sack', NULL, 6),
	(86, 'Polvorero', NULL, 1),
	(87, 'Relacionista Comunitario', NULL, 14),
	(88, 'Soldador', NULL, 10),
	(89, 'Soporte Ti', NULL, 1),
	(90, 'Superintendente De Mina', NULL, 12),
	(91, 'Supervisor De Diamantina', NULL, 4),
	(92, 'Supervisor De Laboratorio Quimico', NULL, 9),
	(93, 'Supervisor De Mantenimiento', NULL, 10),
	(94, 'Supervisor De Medio Ambiente', NULL, 11),
	(95, 'Supervisor De Mina', NULL, 12),
	(96, 'Supervisor De Obras Civiles', NULL, 8),
	(97, 'Supervisor De Seguridad Y Salud Ocupacional', NULL, 16),
	(98, 'Supervisor De Ssoma', NULL, 14),
	(99, 'Supervisor Diamantina', NULL, 4),
	(100, 'Topografo', NULL, 8),
	(101, 'Trabajadora Social', NULL, 13),
	(102, 'Trabajora Social', NULL, 13),
	(103, 'Winchero', NULL, 12);
/*!40000 ALTER TABLE `cargos` ENABLE KEYS */;

-- Volcando datos para la tabla explore_andina.colaboradores: ~362 rows (aproximadamente)
/*!40000 ALTER TABLE `colaboradores` DISABLE KEYS */;
INSERT INTO `colaboradores` (`id_colaborador`, `col_nombres`, `col_apePaterno`, `col_apeMaterno`, `col_ccostos`, `col_dni`, `col_guardia`, `col_situacion`, `id_cargo`) VALUES
	(1, 'Fabian ', 'Alca', 'Oscco', '6A16', 47038395, NULL, NULL, 30),
	(2, 'Jhon Orlando', 'Alcca', 'Quispe', '7E13', 73469092, NULL, NULL, 28),
	(3, 'Blanca Luz', 'Alfaro', 'Alvarez', '8E11', 25575746, NULL, NULL, 45),
	(4, 'Luis Miguel', 'Alfaro', 'Angulo', '7F14', 47415677, NULL, NULL, 67),
	(5, 'Carlos Alfonzo', 'Aparcana', 'Ortega', '7F18', 40300462, NULL, NULL, 72),
	(6, 'Edwin ', 'Apaza', 'Mamani', '6A14', 44838741, NULL, NULL, 64),
	(7, 'Wilber ', 'Apaza', 'Mamani', '6A16', 44765354, NULL, NULL, 30),
	(8, 'Dennis Omar', 'Apaza', 'Roman', '7E12', 80219413, NULL, NULL, 83),
	(9, 'Jorge Luis', 'Arechua', 'Quevedo', '6A1D', 30494623, NULL, NULL, 41),
	(10, 'Reynaldo ', 'Arpi', 'Ruelas', '6A16', 71666463, NULL, NULL, 30),
	(11, 'Paulo Cesar', 'Arteaga', 'Polanco', '9A7248', 71258590, NULL, NULL, 51),
	(12, 'Alfonso ', 'Astoyauri', 'Colorado', '6A16', 74930965, NULL, NULL, 30),
	(13, 'Elmer ', 'Astoyauri', 'Rivas', '6A16', 77034192, NULL, NULL, 30),
	(14, 'Yony Manuel', 'Asuncion', 'Ruiz', '7H11', 19075540, NULL, NULL, 52),
	(15, 'Abel ', 'Atoccsa', 'Astoyaure', '6A16', 74927770, NULL, NULL, 30),
	(16, 'Franklin Isaias', 'Atoccsa', 'Poma', '6A16', 70815798, NULL, NULL, 30),
	(17, 'Alex ', 'Auccasi', 'Atahua', '8B11', 41171921, NULL, NULL, 30),
	(18, 'Emilio ', 'Auccasi', 'Atahua', '7F11', 42622972, NULL, NULL, 93),
	(19, 'Marcos ', 'Aviles', 'Sanca', '6A16', 73698786, NULL, NULL, 30),
	(20, 'Felix Percy', 'Ayqui', 'Checya', '6A1A', 44499826, NULL, NULL, 103),
	(21, 'Hernan ', 'Barrientos', 'Najarro', '7C14', 42194747, NULL, NULL, 62),
	(22, 'Frank ', 'Bernardino', 'Zamudio', '7F13', 73546805, NULL, NULL, 44),
	(23, 'Andres Fernando', 'Bocanegra', 'Bacilio', '7I1', 72235402, NULL, NULL, 74),
	(24, 'Richard Anthony', 'Cabana', 'Aguirre', '7E11', 72243800, NULL, NULL, 5),
	(25, 'Isaac Rene', 'Cahua', 'Canaza', '6A14', 43908406, NULL, NULL, 64),
	(26, 'Miguel Angel', 'Calluari', 'Mamani', '7F11', 9850683, NULL, NULL, 55),
	(27, 'David Antonio', 'Canaza', 'Calisaya', '6A11', 71947099, NULL, NULL, 11),
	(28, 'Julio Cesar', 'Cantoral', 'Sante', '7C13', 42253127, NULL, NULL, 31),
	(29, 'Christian Alejandro', 'Carbajal', 'Rivas', '6A16', 74588338, NULL, NULL, 30),
	(30, 'Juan Raphael', 'Cardenas', 'Valenzuela', '6A11', 44413966, NULL, NULL, 11),
	(31, 'Nicolas ', 'Carhuas', 'Corahua', '6A14', 41779807, NULL, NULL, 64),
	(32, 'Eduardo ', 'Carhuas', 'Saire', '7G14', 45823157, NULL, NULL, 74),
	(33, 'Jonatan Elio', 'Carhuaz', 'Lozano', '7D12', 47764924, NULL, NULL, 60),
	(34, 'Carlos ', 'Castillo', 'Dominguez', '8A11', 40370875, NULL, NULL, 1),
	(35, 'Juan Cristian', 'Catacora', 'Chura', '6A11', 71228291, NULL, NULL, 50),
	(36, 'Rolando ', 'Ccahua', 'Merma', '6A14', 71485405, NULL, NULL, 64),
	(37, 'Ruben ', 'Ccahua', 'Merma', '7G12', 70516045, NULL, NULL, 22),
	(38, 'Melecio ', 'Ccahuay', 'Cule', '6A16', 48105203, NULL, NULL, 30),
	(39, 'Alejandro Donato', 'Ccorahua', 'Landa', '7G14', 28803235, NULL, NULL, 74),
	(40, 'Willy ', 'Castillo', 'Tamayo', '8B12', 42102750, NULL, NULL, 7),
	(41, 'La Vega', 'Chavez', 'De', '7E12', 45589516, NULL, NULL, 83),
	(42, 'Richart Alex', 'Chicya', 'Usca', '6A16', 77471738, NULL, NULL, 30),
	(43, 'Frak ', 'Chonta', 'Sarmiento', '6A19', 46216126, NULL, NULL, 103),
	(44, 'Eloy ', 'Choquepata', 'Apaza', '6A16', 48672695, NULL, NULL, 30),
	(45, 'Efrain ', 'Chunga', 'Venturo', '6A14', 42908981, NULL, NULL, 64),
	(46, 'Ruben Beltran', 'Chura', 'Apaza', '6A11', 41186322, NULL, NULL, 54),
	(47, 'Diego Edgardo', 'Coaquira', 'Velasquez', '6A16', 72646805, NULL, NULL, 30),
	(48, 'Edwin ', 'Colorado', 'Astoyaure', '6A16', 77034187, NULL, NULL, 30),
	(49, 'Juan Rene', 'Colorado', 'Ccahuay', '6A1D', 44784201, NULL, NULL, 41),
	(50, 'Abdias ', 'Conde', 'Llacchua', '6A16', 72489287, NULL, NULL, 30),
	(51, 'Valencia ', 'Conde', 'Llacchua', '6A16', 72489288, NULL, NULL, 30),
	(52, 'Jesus ', 'Conde', 'Quispe', '6A16', 28818802, NULL, NULL, 30),
	(53, 'Yossel Yonathan', 'Condori', 'Mamani', '6A16', 73823127, NULL, NULL, 30),
	(54, 'Paul ', 'Conto', 'Paucar', '7F17', 47365114, NULL, NULL, 41),
	(55, 'Nilton ', 'Coronel', 'Alva', '7F13', 42133765, NULL, NULL, 43),
	(56, 'Augusto Junior', 'Cortez', 'Molina', '7F13', 72011819, NULL, NULL, 30),
	(57, 'Emilio Luis', 'Cruces', 'Villa', '7G12', 28849607, NULL, NULL, 22),
	(58, 'Aldair ', 'Cruz', 'Garibay', '7I1', 70830502, NULL, NULL, 76),
	(59, 'Denilzon Rivaldo', 'Cruz', 'Garibay', '6A16', 70830501, NULL, NULL, 30),
	(60, 'Roland Johel', 'Cruz', 'Mamani', '7C12', 46293500, NULL, NULL, 8),
	(61, 'Espiritu ', 'Cruz', 'Marca', '6A1C', 40046071, NULL, NULL, 46),
	(62, 'Juan Carlos', 'Cruz', 'Marca', '7A15', 42535334, NULL, NULL, 85),
	(63, 'Jean Paul', 'Cruz', 'Muñoz', '8F11', 73866306, NULL, NULL, 27),
	(64, 'Jhonatan Roussevel', 'Cruz', 'Simbron', '7F13', 73797643, NULL, NULL, 43),
	(65, 'Manuel Orlando', 'Cuadra', 'Olaechea', '8A11', 9597197, NULL, NULL, 1),
	(66, 'Alex ', 'Cuadros', 'Huayta', '6A14', 70766919, NULL, NULL, 64),
	(67, 'Ricardo ', 'Curihuamani', 'Arone', '61A6', 44830371, NULL, NULL, 30),
	(68, 'Luis Elias', 'Cuzco', 'Fernandez', '6A11', 71130839, NULL, NULL, 11),
	(69, 'Cruz Taipe', 'De', 'La', '6A16', 71375224, NULL, NULL, 30),
	(70, 'Edgar ', 'Diaz', 'Landa', '7E12', 28809294, NULL, NULL, 83),
	(71, 'Bartolome Jimmy', 'Espinoza', 'Linares', '6A11', 42941114, NULL, NULL, 30),
	(72, 'Daniel Angel', 'Espinoza', 'Vasquez', '8G11', 46462427, NULL, NULL, 89),
	(73, 'Cristian Angel', 'Fernandez', 'Quispe', '7A11', 47181217, NULL, NULL, 47),
	(74, 'Juan Cayetano', 'Flores', 'Asto', '7G14', 46795066, NULL, NULL, 74),
	(75, 'Wilman Alcides', 'Flores', 'Asto', '6A18', 76721978, NULL, NULL, 33),
	(76, 'Erico ', 'Flores', 'Pauccara', '7F17', 41373831, NULL, NULL, 41),
	(77, 'Pabel Marcial', 'Flores', 'Ramos', '6A14', 45508889, NULL, NULL, 64),
	(78, 'Juan Luis', 'Garibay', 'Gonzales', '6A14', 28855030, NULL, NULL, 64),
	(79, 'Samir ', 'Garibay', 'Gonzales', '7E13', 74965613, NULL, NULL, 35),
	(80, 'Faustino ', 'Geldres', 'Sosaya', '7A12', 41890302, NULL, NULL, 70),
	(81, 'Jesus ', 'Geldres', 'Sosaya', '7A12', 43983723, NULL, NULL, 70),
	(82, 'Roger Julio', 'Geldres', 'Yañez', '7F18', 6604780, NULL, NULL, 72),
	(83, 'Jaime ', 'Gomez', 'Espinoza', '7E13', 44414447, NULL, NULL, 24),
	(84, 'Victor Milton', 'Gomez', 'Sanchez', '7G14', 28805994, NULL, NULL, 74),
	(85, 'Mauro ', 'Gonzales', 'Godoy', '7C14', 28850995, NULL, NULL, 73),
	(86, 'Marciano ', 'Gonzales', 'Yauyo', '7F14', 43366376, NULL, NULL, 67),
	(87, 'Jose Teofilo', 'Guillen', 'Mejia', '7F17', 42641896, NULL, NULL, 41),
	(88, 'Samir Yoder', 'Guinea', 'Zuñiga', '7E13', 71556345, NULL, NULL, 24),
	(89, 'Benito Raul', 'Gutierrez', 'Mayta', '6A16', 46323060, NULL, NULL, 30),
	(90, 'Fredy ', 'Gutierrez', 'Rivas', '7G12', 46045133, NULL, NULL, 22),
	(91, 'Sabino ', 'Hilario', 'Valdez', '8F11', 80154483, NULL, NULL, 39),
	(92, 'Jorginho Luis', 'Hinostroza', 'Arias', '7F14', 71700553, NULL, NULL, 67),
	(93, 'Carlos ', 'Huacasi', 'Sucari', '8B11', 29732772, NULL, NULL, 2),
	(94, 'Antonio ', 'Huaita', 'Quispe', '6A16', 45844439, NULL, NULL, 30),
	(95, 'Salomon ', 'Huaman', 'Galvez', '8G11', 73015508, NULL, NULL, 89),
	(96, 'De Dios', 'Huaman', 'Juan', '6A14', 16297354, NULL, NULL, 64),
	(97, 'Abel Felix', 'Huaman', 'Zaabedra', '8D12', 47032871, NULL, NULL, 23),
	(98, 'Frank Cesar', 'Huamancha', 'Montoya', '7A12', 70222498, NULL, NULL, 70),
	(99, 'Silvestre ', 'Huamani', 'Llasa', '7E13', 47568552, NULL, NULL, 28),
	(100, 'Jonny Teodoro', 'Huamani', 'Medina', '6A16', 70339597, NULL, NULL, 30),
	(101, 'Irian Guillermo', 'Huanca', 'Paucar', '6A11', 47679317, NULL, NULL, 50),
	(102, 'Jose ', 'Huarcaya', 'Santaria', '6A1A', 28818533, NULL, NULL, 103),
	(103, 'Luis ', 'Huarcaya', 'Vallejo', '6A19', 48714339, NULL, NULL, 30),
	(104, 'Elber Alfredo', 'Huaylla', 'Challco', '6A14', 48274005, NULL, NULL, 64),
	(105, 'Lucio Jhon', 'Huayna', 'Yauri', '7C13', 10790910, NULL, NULL, 100),
	(106, 'Jhonathan ', 'Huayta', 'Crispin', '6A16', 72951628, NULL, NULL, 30),
	(107, 'Gilberto Leoncio', 'Huillca', 'Quispe', '6A12', 24888949, NULL, NULL, 37),
	(108, 'Jhuliño ', 'Huillcamascco', 'Rojas', '6A16', 71211301, NULL, NULL, 30),
	(109, 'Javier ', 'Jaillita', 'Escobar', '7C14', 42115544, NULL, NULL, 62),
	(110, 'Luis Alberto', 'Javier', 'Huaman', '7F12', 45756200, NULL, NULL, 88),
	(111, 'Pepe Edgar', 'Juli', 'Mallea', '7E12', 42825942, NULL, NULL, 81),
	(112, 'Miguel Angel', 'Jurado', 'Huarcaya', '7E13', 43927431, NULL, NULL, 28),
	(113, 'Walter Ricardo', 'Kcupa', 'Ccompi', '6A14', 44890962, NULL, NULL, 64),
	(114, 'Leonel Joselito', 'Lagaychuco', 'Olivares', '6A16', 41918110, NULL, NULL, 30),
	(115, 'Edwin Ignacio', 'Landa', 'Jimenez', '6A16', 45368584, NULL, NULL, 30),
	(116, 'Javier ', 'Landa', 'Jimenez', '6A16', 47568295, NULL, NULL, 64),
	(117, 'Percy Elias', 'Landa', 'Quispe', '6A1C', 40211240, NULL, NULL, 46),
	(118, 'Wilfredo ', 'Landa', 'Roman', '6A16', 77070781, NULL, NULL, 30),
	(119, 'Percy ', 'Laura', 'Baltazar', '7A11', 9725271, NULL, NULL, 53),
	(120, 'Julio Cesar', 'Aguilar', 'Llatas', '6A16', 47617574, NULL, NULL, 49),
	(121, 'Jorge ', 'Ledesma', 'Mejia', '7I1', 28851715, NULL, NULL, 74),
	(122, 'Walter Efrain', 'Liberato', 'Artica', '7E12', 43834946, NULL, NULL, 83),
	(123, 'Yolmer Alex', 'Liberato', 'Artica', '7E12', 41249086, NULL, NULL, 80),
	(124, 'Jheferson Jorge', 'Licla', 'Valverde', '8F11', 77228931, NULL, NULL, 27),
	(125, 'German ', 'Llana', 'Huaman', '8B11', 28802277, NULL, NULL, 2),
	(126, 'James Felix', 'Llantoy', 'Huamani', '7F18', 43320285, NULL, NULL, 72),
	(127, 'Santos Augusto', 'Lopez', 'Remicio', '7F18', 10206832, NULL, NULL, 72),
	(128, 'Yasman ', 'Machaca', 'Huanacuni', '7C11', 42315580, NULL, NULL, 12),
	(129, 'Wilber ', 'Madueño', 'Castro', '6A1D', 47671215, NULL, NULL, 40),
	(130, 'Angel ', 'Mamani', 'Cabana', '7E13', 45697210, NULL, NULL, 28),
	(131, 'Tomas Edgar', 'Mamani', 'Supo', '7C13', 29731927, NULL, NULL, 100),
	(132, 'Gianmario Kelvin', 'Manchego', 'Gil', '7F19', 71257892, NULL, NULL, 93),
	(133, 'Adrian Ubaldo', 'Maquito', 'Quispe', '6A16', 29729944, NULL, NULL, 30),
	(134, 'Carlos Wilfredo', 'Marca', 'Flores', '6A16', 45037686, NULL, NULL, 30),
	(135, 'Jorge Manuel', 'Marin', 'Calcina', '7D12', 44078127, NULL, NULL, 60),
	(136, 'Royer ', 'Maron', 'Ccallata', '7F16', 77203478, NULL, NULL, 71),
	(137, 'Dario ', 'Mayna', 'Maina', '6A16', 42886900, NULL, NULL, 30),
	(138, 'Frotalco ', 'Mejia', 'Casafranca', '6A14', 41890317, NULL, NULL, 64),
	(139, 'James ', 'Mendoza', 'Velasque', '7F16', 44818517, NULL, NULL, 71),
	(140, 'Dranswin ', 'Merma', 'Florez', '6A1A', 48399793, NULL, NULL, 103),
	(141, 'Frank ', 'Merma', 'Mayna', '6A16', 74561737, NULL, NULL, 30),
	(142, 'Ronald ', 'Merma', 'Mayna', '6A14', 46049868, NULL, NULL, 64),
	(143, 'Roberto ', 'Merma', 'Merma', '7A12', 24884291, NULL, NULL, 86),
	(144, 'Washington ', 'Merma', 'Narrea', '6a12', 40231008, NULL, NULL, 37),
	(145, 'David ', 'Merma', 'Suni', '6A16', 74540227, NULL, NULL, 30),
	(146, 'Fredy ', 'Merma', 'Suni', '6A14', 45516692, NULL, NULL, 64),
	(147, 'Severo Raul', 'Merma', 'Suni', '6A14', 73491513, NULL, NULL, 64),
	(148, 'Julio Cesar', 'Merma', 'Vilca', '6A1D', 70087013, NULL, NULL, 40),
	(149, 'Juan Jhordy', 'Meza', 'Baylon', '7E13', 70617328, NULL, NULL, 28),
	(150, 'Anders Andres', 'Miguel', 'Arias', '7E13', 76398549, NULL, NULL, 25),
	(151, 'Olimpo ', 'Miranda', 'Chavez', '6A19', 19976729, NULL, NULL, 63),
	(152, 'Juan Carlos', 'Montalvo', 'Llacza', '7H11', 20037756, NULL, NULL, 97),
	(153, 'Jhon Kelvin', 'Montes', 'Llerena', '6A14', 45789961, NULL, NULL, 64),
	(154, 'Roldan Martin', 'Morales', 'Chambergo', '8A11', 44043918, NULL, NULL, 6),
	(155, 'Santos Celestino', 'Muñoz', 'Rodriguez', '6A11', 19700744, NULL, NULL, 95),
	(156, 'Orlando Cristhian', 'Onofre', 'Arredondo', '6A14', 44636322, NULL, NULL, 64),
	(157, 'Marcos Antonio', 'Palacin', 'Inga', '7D12', 10876424, NULL, NULL, 60),
	(158, 'Rafael Omer', 'Panduro', 'Baldeon', '7C13', 41272161, NULL, NULL, 31),
	(159, 'Winy Danica', 'Paucar', 'Champi', '8E11', 70222481, NULL, NULL, 15),
	(160, 'Josue Calip', 'Peñafiel', 'Taya', '7E13', 72105112, NULL, NULL, 28),
	(161, 'Johon Orlando', 'Perales', 'Narrea', '7F18', 41461181, NULL, NULL, 72),
	(162, 'Zenon ', 'Polanco', 'Alcahuaman', '7F18', 40551147, NULL, NULL, 72),
	(163, 'Ronald Jose', 'Portillo', 'Huamani', '6A16', 41166012, NULL, NULL, 30),
	(164, 'Fritz Nicolas', 'Puente', 'Navarro', '7E13', 48068931, NULL, NULL, 28),
	(165, 'Cesar Juvenal', 'Pumachahua', 'Rojas', '6A14', 45005900, NULL, NULL, 64),
	(166, 'Nabor Fernando', 'Quintanilla', 'Cadenas', '7F17', 30497605, NULL, NULL, 41),
	(167, 'Pio ', 'Quispe', 'Pachavilca', '6A1A', 41808087, NULL, NULL, 103),
	(168, 'Ivan Yosimar', 'Quispe', 'Apaza', '7A12', 73690550, NULL, NULL, 70),
	(169, 'Ebert ', 'Quispe', 'Caceres', '8F11', 47987037, NULL, NULL, 39),
	(170, 'Mario Felipe', 'Quispe', 'Caceres', '8F11', 25017133, NULL, NULL, 39),
	(171, 'Filomeno ', 'Quispe', 'Colque', '7C14', 24871415, NULL, NULL, 62),
	(172, 'Alexs Raul', 'Quispe', 'Jurado', '6A14', 46866629, NULL, NULL, 64),
	(173, 'Fortunato ', 'Quispe', 'Licla', '6A12', 28809423, NULL, NULL, 37),
	(174, 'Jorge ', 'Quispe', 'Puma', '7F16', 44795208, NULL, NULL, 71),
	(175, 'Javier ', 'Quispe', 'Quispe', '7F12', 30860376, NULL, NULL, 88),
	(176, 'Juan Carlos', 'Quispe', 'Quispe', '7E13', 45767528, NULL, NULL, 28),
	(177, 'Jose Feliciano', 'Quispe', 'Serveleon', '8F11', 41770627, NULL, NULL, 39),
	(178, 'Emerson ', 'Ramirez', 'Marca', '6A14', 44242979, NULL, NULL, 64),
	(179, 'Jaime ', 'Ramos', 'Oscco', '6A16', 43644482, NULL, NULL, 30),
	(180, 'Pascual Valerio', 'Ramos', 'Oscco', '8F11', 46000615, NULL, NULL, 27),
	(181, 'Jorge Luis', 'Ramos', 'Palomino', '8F11', 45885137, NULL, NULL, 27),
	(182, 'Luis Silvano', 'Revilla', 'Ceron', '7A12', 30497674, NULL, NULL, 70),
	(183, 'Saturnino ', 'Rivera', 'Garriazo', '6A19', 41243921, NULL, NULL, 46),
	(184, 'Carlos Alberto', 'Roca', 'Ore', '9a7245', 42002859, NULL, NULL, 96),
	(185, 'Percy Lin', 'Rojas', 'Anglas', '7E11', 41791409, NULL, NULL, 91),
	(186, 'Ebert ', 'Rojas', 'Gamboa', '7E12', 45790417, NULL, NULL, 80),
	(187, 'Leonidas ', 'Rojas', 'Garcia', '6A16', 70783676, NULL, NULL, 30),
	(188, 'Persy Eloy', 'Rojas', 'Vasquez', '7D11', 80499762, NULL, NULL, 92),
	(189, 'Dalmacio Primitivo', 'Romero', 'Tarazona', '6A16', 47779767, NULL, NULL, 30),
	(190, 'Trinidad Wilson', 'Ruiz', 'Ponce', '7H11', 17865611, NULL, NULL, 97),
	(191, 'Alfredo ', 'Saire', 'Avendaño', '6A16', 10657720, NULL, NULL, 30),
	(192, 'Jaime ', 'Salas', 'Diaz', '7F14', 47239169, NULL, NULL, 67),
	(193, 'Jose Antonio', 'Salgueron', 'Sanchez', '6A1A', 41164398, NULL, NULL, 103),
	(194, 'Edwar ', 'Sanchez', 'Godoy', '7F18', 40187630, NULL, NULL, 72),
	(195, 'Edgar Anacleto', 'Sanchez', 'Huaman', '6A16', 28809427, NULL, NULL, 30),
	(196, 'Jhermayn Fernando', 'Sanchez', 'Mujica', '6A18', 47243781, NULL, NULL, 29),
	(197, 'Benito Adan', 'Saona', 'Mantilla', '6A14', 19696068, NULL, NULL, 64),
	(198, 'Ponpiyo Miguel', 'Siancas', 'Ventura', '6A14', 10619338, NULL, NULL, 64),
	(199, 'Johan Royer', 'Simon', 'Martinez', '7A12', 42753170, NULL, NULL, 70),
	(200, 'Juan ', 'Soto', 'Parco', '6A14', 28809573, NULL, NULL, 64),
	(201, 'Jorge ', 'Suasaca', 'Pacompia', '6A14', 29580249, NULL, NULL, 64),
	(202, 'Miguel Angel', 'Suel', 'Quispe', '6A16', 72720493, NULL, NULL, 30),
	(203, 'Leonel ', 'Suni', 'Quispe', '6A16', 76559879, NULL, NULL, 30),
	(204, 'Martin Poles', 'Taya', 'Albarado', '6A16', 44870112, NULL, NULL, 30),
	(205, 'Narciso ', 'Taya', 'Alvarado', '6A16', 28855306, NULL, NULL, 30),
	(206, 'Felipe ', 'Taype', 'Ramirez', '6A16', 28835300, NULL, NULL, 64),
	(207, 'Rosendo ', 'Ticona', 'Calcina', '7H11', 1319911, NULL, NULL, 17),
	(208, 'Guido ', 'Tisnado', 'Marce', '6A14', 46125455, NULL, NULL, 64),
	(209, 'Luis Gustavo', 'Tito', 'Condori', '6A16', 70291386, NULL, NULL, 30),
	(210, 'Orestes ', 'Torres', 'Choquecota', '6A19', 80310895, NULL, NULL, 63),
	(211, 'Jesus Elmer', 'Torres', 'Gonzales', '7E11', 43763163, NULL, NULL, 99),
	(212, 'Jhordin Sergio', 'Torres', 'Mayhua', '7E13', 73445006, NULL, NULL, 25),
	(213, 'Fernando ', 'Torres', 'Pachau', '7G14', 29458957, NULL, NULL, 74),
	(214, 'Elvis Leonel', 'Treviños', 'Bolivar', '7F17', 42715487, NULL, NULL, 41),
	(215, 'Teddy Alex', 'Trujillo', 'Gomez', '7E13', 71607403, NULL, NULL, 24),
	(216, 'Rusmel Tony', 'Tunquipa', 'Torres', '7A11', 73424617, NULL, NULL, 49),
	(217, 'Yoham Fernando', 'Turpo', 'Quispe', '7G14', 73083625, NULL, NULL, 74),
	(218, 'Marco Antonio', 'Valdivieso', 'Coloma', '6A11', 42211714, NULL, NULL, 59),
	(219, 'Marco Antonio', 'Vasquez', 'Moreno', '7G11', 10284969, NULL, NULL, 56),
	(220, 'Moises ', 'Velasque', 'Cajamarca', '7F19', 42632874, NULL, NULL, 13),
	(221, 'Lindon ', 'Veliz', 'Palacios', '7F13', 20660502, NULL, NULL, 68),
	(222, 'Idel Trudes', 'Vilca', 'Ticona', '6A11', 43969063, NULL, NULL, 11),
	(223, 'Federico ', 'Villarreal', 'Cerron', '8B12', 40203142, NULL, NULL, 7),
	(224, 'Ever David', 'Yancapallo', 'Alvaro', '6A16', 45615664, NULL, NULL, 30),
	(225, 'Alberto ', 'Yanqui', 'Capacoila', '6A16', 41240700, NULL, NULL, 30),
	(226, 'Jose Clemente', 'Zamata', 'Alccahuaman', '7A11', 45491693, NULL, NULL, 49),
	(227, 'Avel Liner', 'Zamudio', 'Salome', '6A1B', 20439986, NULL, NULL, 36),
	(228, 'Ander Franks', 'Zanabria', 'Idone', '7A15', 42817639, NULL, NULL, 85),
	(229, 'Roberto Pedro', 'Zanabria', 'Quispe', '9A21', 441995, NULL, NULL, 90),
	(230, 'Yhonatan ', 'Zela', 'Quispe', '6A14', 43912704, NULL, NULL, 64),
	(231, 'Anali Pamela', 'Zuñiga', 'Julian', '8A11', 72547407, NULL, NULL, 19),
	(232, 'Aceves ', 'Chumbes', 'Segovia', '7H11', 42125540, NULL, NULL, 58),
	(233, 'Esteban Crhistian', 'Garcia', 'Rojas', '8G11', 45125023, NULL, NULL, 89),
	(234, 'Ricardo Harris', 'Gonzales', 'Navarro', '8C11', 45994459, NULL, NULL, 42),
	(235, 'Diego ', 'Chavez', 'Lazo', '7A11', 70747703, NULL, NULL, 49),
	(236, 'Liz Rosario', 'Perez', 'Meza', '8D12', 47993341, NULL, NULL, 101),
	(237, 'Julio Cesar', 'Sillo', 'Lima', '7H11', 45880502, NULL, NULL, 98),
	(238, 'Jose Carlos', 'Sucso', 'Lopez', '8E11', 46455928, NULL, NULL, 45),
	(239, 'Janet Milagros', 'Vega', 'Asqui', '8A11', 45977904, NULL, NULL, 87),
	(240, 'Luis Anthony', 'Cruces', 'Padilla', '8D12', 70758909, NULL, NULL, 61),
	(241, 'Flay ', 'Garibay', 'Gonzales', '8D12', 74965617, NULL, NULL, 21),
	(242, 'Abel Celestino', 'Jurado', 'Sanchez', '8D12', 70255427, NULL, NULL, 61),
	(243, 'Roberto ', 'Laurente', 'Jayo', '7F18', 21537265, NULL, NULL, 72),
	(244, 'Arces Diomedes', 'Yauri', 'Ccaña', '6A14', 40118115, NULL, NULL, 64),
	(245, 'Edwin ', 'Ramos', 'Huanca', '6A14', 45098160, NULL, NULL, 64),
	(246, 'Amelio ', 'Pedregal', 'Pino', '6A14', 47973088, NULL, NULL, 64),
	(247, 'Ruel ', 'Ccahuay', 'Rojas', '6A14', 46988777, NULL, NULL, 64),
	(248, 'Elvis ', 'Morales', 'Mamani', '6A16', 73638393, NULL, NULL, 34),
	(249, 'Martin Carlos', 'Alvarez', 'Huamani', '6A16', 80481896, NULL, NULL, 34),
	(250, 'Abel ', 'Sullcaray', 'Salvatierra', '6A16', 71248077, NULL, NULL, 34),
	(251, 'Washington ', 'Ccolque', 'Zevallos', '6A16', 77439301, NULL, NULL, 34),
	(252, 'Rigoberto ', 'Merma', 'Velasco', '6A16', 47696649, NULL, NULL, 34),
	(253, 'Cruz Taipe', 'De', 'La', '6A18', 71372838, NULL, NULL, 29),
	(254, 'Abel ', 'Pino', 'Ramirez', '6A18', 74477215, NULL, NULL, 29),
	(255, 'Manuel Adolfo', 'Mamani', 'Huamalla', '6A14', 70413595, NULL, NULL, 64),
	(256, 'Julio Cesar', 'Gonzalez', 'Medina', '6A16', 70333780, NULL, NULL, 34),
	(257, 'Cesar ', 'Quispe', 'Castro', '6A16', 72025065, NULL, NULL, 34),
	(258, 'Jhosep ', 'Hidalgo', 'Rengifo', '6A16', 60242967, NULL, NULL, 34),
	(259, 'Elvis ', 'Merma', 'Merma', '6A16', 71475983, NULL, NULL, 34),
	(260, 'Jean Charli', 'Garcia', 'Palacin', '7E12', 43959363, NULL, NULL, 79),
	(261, 'Jordan Aderlin', 'Rojas', 'Anglas', 'E13', 72635479, NULL, NULL, 26),
	(262, 'Alberto ', 'Mallea', 'Pongo', 'E13', 44557172, NULL, NULL, 26),
	(263, 'Biviano ', 'Mollo', 'Puco', '7E12', 40674513, NULL, NULL, 82),
	(264, 'Daniel Carlos', 'Mendoza', 'Marcos', '8C11', 46652212, NULL, NULL, 18),
	(265, 'Dasaly Heidy', 'Marca', 'Valencia', '8A14', 73306006, NULL, NULL, 20),
	(266, 'Ahilton ', 'Llerena', 'Huachaca', '7A11', 75628158, NULL, NULL, 49),
	(267, 'Virgilio ', 'Luna', 'Huachaca', '7A11', 45881977, NULL, NULL, 49),
	(268, 'Julio Yesper', 'Mayta', 'Lovaton', '7G11', 72845565, NULL, NULL, 94),
	(269, 'Diana ', 'Lupacca', 'Mamani', '8D11', 72192014, NULL, NULL, 4),
	(270, 'Juan Javier', 'Vargas', 'Sullcaray', '6A16', 72275439, NULL, NULL, 34),
	(271, 'Fabian Alfredo', 'Quispe', 'Humpiri', '6A16', 76771345, NULL, NULL, 34),
	(272, 'Edson Ruben', 'Mamani', 'Vica', '6A16', 75400875, NULL, NULL, 34),
	(273, 'Rudy Yusmer', 'Tito', 'Condori', '6A18', 74695055, NULL, NULL, 29),
	(274, 'Alexander ', 'Castillo', 'Menejes', '7A12', 75503891, NULL, NULL, 70),
	(275, 'Nicolas ', 'Alarcon', 'Zenteno', '7H11', 72495849, NULL, NULL, 97),
	(276, 'Dina ', 'Chura', 'Sullcaccori', '7E11', 76148923, NULL, NULL, 9),
	(277, 'Wilson ', 'Allca', 'Holguin', '6A16', 75330895, NULL, NULL, 34),
	(278, 'Emilio Anthoni', 'Llamoca', 'Ccancce', '6A16', 70383487, NULL, NULL, 34),
	(279, 'Helmer ', 'Huamani', 'Huillcamasco', '6A16', 47978507, NULL, NULL, 34),
	(280, 'Gianfranco Jocef', 'Chavez', 'Alzamora', '7A11', 47389900, NULL, NULL, 49),
	(281, 'Jose Luis', 'Yucra', 'Flores', '7F14', 60344338, NULL, NULL, 67),
	(282, 'Rogelio Martín', 'Flores', 'Espinoza', '7D12', 48140575, NULL, NULL, 60),
	(283, 'Ayma Velásquez', 'Diana', 'Liset', '8E11', 71414520, NULL, NULL, 69),
	(284, 'Alex ', 'Solorzano', 'Torres', '8E11', 47394566, NULL, NULL, 45),
	(285, 'Otilia ', 'Orbegoso', 'Perez', '8E11', 19701385, NULL, NULL, 45),
	(286, 'Elquin ', 'Castillo', 'Zavaleta', '6A16', 71122753, NULL, NULL, 34),
	(287, 'Manuel ', 'Mamani', 'Humalla', '6A14', 70403595, NULL, NULL, 64),
	(288, 'Efrain ', 'Clemente', 'Pancca', '6A16', 46571585, NULL, NULL, 34),
	(289, 'Julio Cesar', 'Usca', 'Pacco', '6A18', 46350256, NULL, NULL, 29),
	(290, 'Abraham ', 'Zalasar', 'Jurado', '6A1A', 48514953, NULL, NULL, 103),
	(291, 'Cruz Taype', 'De', 'La', '6A18', 71372828, NULL, NULL, 29),
	(292, 'Letran Bautista', 'Mango', 'Cahuiño', '6A16', 71115706, NULL, NULL, 34),
	(293, 'Jose Luis', 'Chavez', 'Alejo', '6A16', 47697683, NULL, NULL, 34),
	(294, 'Yuber ', 'Cahue', 'Alvarez', '7E13', 74491356, NULL, NULL, 32),
	(295, 'Jesus Manuel', 'Gutierrez', 'Mayta', '6A14', 71649211, NULL, NULL, 64),
	(296, 'Pablo ', 'Mamani', 'Ramos', '6A16', 46054318, NULL, NULL, 34),
	(297, 'Edoy ', 'Tisnado', 'Marce', '6A16', 73381033, NULL, NULL, 34),
	(298, 'Julio Cesar', 'Alanoca', 'Lope', '6A16', 71013486, NULL, NULL, 34),
	(299, 'Luisin Power', 'Ochoa', 'Navarro', '6A16', 61133732, NULL, NULL, 34),
	(300, 'Ivan ', 'Chicana', 'Castillo', '7A11', 42424170, NULL, NULL, 53),
	(301, 'Ivan ', 'Quiape', 'Caceres', '7F18', 28292042, NULL, NULL, 72),
	(302, 'Miguel Angel', 'Sanchez', 'Zevallos', '7F15', 70899265, NULL, NULL, 67),
	(303, 'Luis Yonatan', 'Sumire', 'Huillca', '6A16', 47873312, NULL, NULL, 34),
	(304, 'Fernando Javier', 'Huaynasi', 'Canaza', '6A17', 44748796, NULL, NULL, 66),
	(305, 'Jose Luis', 'Inca', 'Since', '6A16', 70175572, NULL, NULL, 34),
	(306, 'Grimaldo ', 'Pino', 'Ramirez', '6A16', 48073315, NULL, NULL, 34),
	(307, 'Elvis ', 'Zavaleta', 'Verde', '6A14', 70280314, NULL, NULL, 65),
	(308, 'Luis Abel', 'Villavicencio', 'Villavicencio', '6A16', 71011238, NULL, NULL, 34),
	(309, 'Charles Felix', 'Aguilar', 'Vasquez', '7A11', 41871120, NULL, NULL, 10),
	(310, 'Hugo ', 'Sullo', 'Huamani', '8E11', 72739094, NULL, NULL, 45),
	(311, 'Zenon ', 'Rojas', 'Godoy', '6A16', 76959829, NULL, NULL, 34),
	(312, 'Abdias ', 'Peñafiel', 'Taya', '6A18', 72105113, NULL, NULL, 29),
	(313, 'Felix ', 'Ccolque', 'Caceres', '6A16', 48009811, NULL, NULL, 34),
	(314, 'Wilfredo ', 'Ccahuay', 'Astoyauri', '6A16', 74477220, NULL, NULL, 34),
	(315, 'Luis ', 'Alderete', 'Contreras', '6A14', 43480867, NULL, NULL, 64),
	(316, 'Junior ', 'Serveleon', 'Sosa', '7f13', 44699313, NULL, NULL, 43),
	(317, 'Luis ', 'Acco', 'Ccaico', '7F17', 70145802, NULL, NULL, 41),
	(318, 'Frank ', 'Casahuaman', 'Castillo', '8B11', 70361711, NULL, NULL, 2),
	(319, 'Clinton ', 'Yarihuaman', 'Tello', '6A16', 75693016, NULL, NULL, 34),
	(320, 'Meleseo ', 'Ccance', 'Ccahuay', '6A16', 43802490, NULL, NULL, 34),
	(321, 'Jhonatan Gonzalo', 'Espinoza', 'Casas', '7A11', 43996438, NULL, NULL, 48),
	(322, 'Alan Joaquin', 'Grados', 'Flores', '7A12', 43199239, NULL, NULL, 70),
	(323, 'Elvis Ivan', 'Quispe', 'Ticona', '7H11', 72146979, NULL, NULL, 97),
	(324, 'Horacio ', 'Segura', 'Abanto', '7G11', 47380854, NULL, NULL, 94),
	(325, 'Junior Alex', 'Rojas', 'Huallpa', '7E12', 44996048, NULL, NULL, 82),
	(326, 'Jian Manuel', 'Huallpa', 'Rojas', '7E13', 77576937, NULL, NULL, 24),
	(327, 'Kevin ', 'Vallejos', 'Fernandez', '7E13', 71810935, NULL, NULL, 26),
	(328, 'Edwin Roman', 'Huamantoma', 'Borda', '7E13', 76349149, NULL, NULL, 26),
	(329, 'Jurgen Wilver', 'Leon', 'Sancho', '7E13', 45801577, NULL, NULL, 26),
	(330, 'Paul Edison', 'Rengifo', 'Gonzales', '7E13', 70769151, NULL, NULL, 9),
	(331, 'Fernandy Alber', 'Torres', 'Pacco', '7E13', 72294376, NULL, NULL, 9),
	(332, 'Olivia Vanesa', 'Machaca', 'Quispe', '8E11', 41825335, NULL, NULL, 102),
	(333, 'Teofilo ', 'Huayta', 'Quispe', '6A16', 74665692, NULL, NULL, 34),
	(334, 'Elias ', 'Condori', 'Avalos', '6A16', 75402331, NULL, NULL, 34),
	(335, 'Diomedes ', 'Huaita', 'Quispe', '6A14', 44818503, NULL, NULL, 64),
	(336, 'Baldo ', 'Caso', 'Meza', '7H11', 47046726, NULL, NULL, 16),
	(337, 'Diana Flora', 'Mendoza', 'Limache', '8D11', 43506830, NULL, NULL, 101),
	(338, 'Christian Alexander', 'Chavez', 'Alejo', '7H11', 41934973, NULL, NULL, 57),
	(339, 'Edwin Jesus', 'Muñoa', 'Canales', '6A14', 45529442, NULL, NULL, 64),
	(340, 'Percy ', 'Santo', 'Sencia', '6A16', 71968874, NULL, NULL, 34),
	(341, 'Juliño ', 'Gonzales', 'Saire', '6A16', 70145808, NULL, NULL, 34),
	(342, 'Gilmer ', 'Carrasco', 'Peña', '6A16', 72243099, NULL, NULL, 34),
	(343, 'Ronel javier', 'Ramos', 'Zevallos', '7E12', 41618834, NULL, NULL, 82),
	(344, 'Willman Ramon', 'Julca', 'Marin', '7E12', 47482752, NULL, NULL, 82),
	(345, 'Jose Rodolfo', 'Chavez', 'Rojas', '7E13', 76509806, NULL, NULL, 82),
	(346, 'Reynaldo ', 'Velasque', 'Palomino', '6A14', 43940707, NULL, NULL, 64),
	(347, 'Rosvelt ', 'Barrionuevo', 'Ariza', '6A16', 47334247, NULL, NULL, 34),
	(348, 'Narciso ', 'Rojas', 'Briceño', '7I1', 70078653, NULL, NULL, 75),
	(349, 'Antonio Heraclio', 'Chacon', 'Illanes', '7A11', 70006402, NULL, NULL, 48),
	(350, 'Fortunato ', 'Quijahuaman', 'Quijahuaman', '7A12', 41398238, NULL, NULL, 70),
	(351, 'Dante Esteban', 'Reyes', 'Paredes', '7E12', 10624929, NULL, NULL, 78),
	(352, 'Sergio Max', 'Tarquino', 'Hurtado', '7A11', 70573580, NULL, NULL, 50),
	(353, 'Ángel José', 'Apaza', 'Colca', '6A11', 71415819, NULL, NULL, 50),
	(354, 'Juan ', 'Sullca', 'Cabezas', '7E13', 70322489, NULL, NULL, 26),
	(355, 'Wilder ', 'Arias', 'Osorio', '7E12', 45025501, NULL, NULL, 84),
	(356, 'Ali ', 'Palacios', 'Torres', '7F13', 41236293, NULL, NULL, 43),
	(357, 'Michael Jackson', 'Rojas', 'Meza', '8C11', 45003418, NULL, NULL, 14),
	(358, 'Alexánder ', 'Condori', 'Hinpanocca', '7E12', 42853687, NULL, NULL, 77),
	(359, 'Ángel Leonanrdo', 'Llacho', 'Velarde', '8C11', 46710503, NULL, NULL, 3),
	(360, 'Jorge Luis', 'Vargas', 'Meza', '7H11', 44363162, NULL, NULL, 16),
	(361, 'Frank Stift', 'Ynga', 'Yanarico', '6A11', 72755877, NULL, NULL, 95),
	(362, 'Raúl ', 'Segura', 'Abanto', '8F11', 75063623, NULL, NULL, 27);
/*!40000 ALTER TABLE `colaboradores` ENABLE KEYS */;



-- Volcando datos para la tabla explore_andina.usuarios: ~2 rows (aproximadamente)
/*!40000 ALTER TABLE `usuarios` DISABLE KEYS */;
INSERT INTO `usuarios` (`id_usuario`, `codigo_usuario`, `nombre_usuario`, `clave_usuario`, `correo_usuario`, `estado_usuario`, `registro_usuario`, `modificacion_usuario`, `id_colaborador`) VALUES
	(1, 'FSYY', 'fynga', 'fynga', 'stipro150197@gmail.com', 1, '2021-12-19 16:40:34', '2021-12-19 16:40:34', 361),
	(2, 'SCAA', 'smuños', 'smuños', 'smuños', 1, '2021-12-19 16:49:22', '2021-12-19 16:49:22', 155);
/*!40000 ALTER TABLE `usuarios` ENABLE KEYS */;

-- Volcando datos para la tabla explore_andina.instalaciones_mina: ~0 rows (aproximadamente)
/*!40000 ALTER TABLE `instalaciones_mina` DISABLE KEYS */;
INSERT INTO `instalaciones_mina` (`id_instalacionMina`, `instalacionesMIna_nombre`, `instalacionMina_medida`) VALUES
	(1, 'CUADRO COMPLETO EN BREASTING ANCHO LABOR 1.2', 'UND'),
	(2, 'CUADRO COMPLETO EN CHIMENEA', 'UND'),
	(3, 'CUADRO EN SUBNIVEL', 'UND'),
	(4, 'CUADROS EN GALERIAS Y CRUCEROS', 'UND'),
	(5, 'CUADROS COJOS EN GALERIAS Y CRUCEROS', 'UND'),
	(6, 'CUADROS COJOS EN SUBNIVEL Y TAJO', 'UND'),
	(7, 'CUNETA EN GALERIA Y CRUCERO', 'ML'),
	(8, 'ENRREJADO EN BREASTING', 'M2'),
	(9, 'ENRREJADO EN CHIMENEA ', 'M2'),
	(10, 'ENRREJADO EN GALERIAS Y CRUCEROS', 'M2'),
	(11, 'ENRREJADO EN PIQUE', 'M2'),
	(12, 'ENRREJADO EN SNV O EST', 'M2'),
	(13, 'ENTABLADO PARA DOBLE COMPARTIMIENTO EN CHIMENEA', 'M2'),
	(14, 'ENTABLADO PARA DOBLE COMPARTIMIENTO EN PIQUE', 'ML'),
	(15, 'ENTABLADOS DE CAMINOS EN TAJOS', 'M2'),
	(16, 'ESCALERAS 4 MTS CON DESCANZO', 'UND'),
	(17, 'ESCALERAS DE 4 MTS', 'UND'),
	(18, 'EXTRACCION CON LOCOMOTORA 4.5 TN', 'TMH'),
	(19, 'EXTRACCION CON WINCHE 40 TN', 'TMH'),
	(20, 'GUARDACABEZA EN GALERIA Y CRUCEROS', 'UND'),
	(21, 'GUARDACABEZA EN TAJOS', 'M2'),
	(22, 'INSTALACION DE ALCAYATAS EN GALERIA Y CRUCERO', 'UND'),
	(23, 'INSTALACION DE ALCAYATAS EN SUBNIVEL', 'UND'),
	(24, 'INSTALACION DE ALCAYATAS PARA CABLE ELECTRICO', 'UND'),
	(25, 'INSTALACION DE LINEA CAUVILLE EN CURVA', 'ML'),
	(26, 'INSTALACION DE LINEA CAUVILLE LINEAL', 'ML'),
	(27, 'INSTALACION DE MANGUERA 1"', 'ML'),
	(28, 'INSTALACION DE MANGUERA 1/2"', 'ML'),
	(29, 'INSTALACION DE PARRILLAS', 'UND'),
	(30, 'INSTALACION DE ZAPA O MONA', 'UND'),
	(31, 'INSTALACION TUBERIA 2" INTERIOR', 'ML'),
	(32, 'INSTALACION TUBERIA 4" INTERIOR', 'ML'),
	(33, 'LIMPIEZA CON CARRETILLA 10 MTS', 'M3'),
	(34, 'MALLA ELECTRO SOLDADA', 'M2'),
	(35, 'MANGA DE VENTILACION 24"', 'ML'),
	(36, 'PLATAFORMA PARA WINCHES', 'UND'),
	(37, 'PUNTAL DE AVANCE EN CHIMENEA', 'UND'),
	(38, 'PUNTAL DE AVANCE EN PIQUE', 'UND'),
	(39, 'PUNTAL DE LINEA EN CHIMENEA', 'UND'),
	(40, 'PUNTAL DE LINEA EN PIQUE', 'UND'),
	(41, 'PUNTAL DE LINEA EN TAJOS: ANCHO DE LABOR  < 1 MTS', 'UND'),
	(42, 'PUNTAL DE LINEA EN TAJOS: ANCHO DE LABOR  > 1 y < 1.5 MTS', 'UND'),
	(43, 'PUNTAL DE SEGURIDAD EN TAJOS: ANCHO DE LABOR  < 1 MTS', 'UND'),
	(44, 'PUNTAL DE SEGURIDAD EN TAJOS: ANCHO DE LABOR  > 1 y < 1.5 MTS', 'UND'),
	(45, 'SPLIT SET 6 PIES', 'UND'),
	(46, 'SPLIT SET 6 PIES + PLANTILLA', 'UND'),
	(47, 'SPLIT SET 5 PIES', 'UND'),
	(48, 'SPLIT SET 5 PIES + PLANTILLA', 'UND'),
	(49, 'SPLIT SET 4 PIES', 'UND'),
	(50, 'SPLIT SET 4 PIES + PLANTILLA', 'UND'),
	(51, 'SPLIT SET 2 PIES', 'UND'),
	(52, 'TABLAS DE AVANCE EN CHIMENEA', 'M2'),
	(53, 'TABLAS DE AVANCE EN PIQUE', 'M2'),
	(54, 'POSTE', 'UND'),
	(55, 'TIRANTES', 'UND'),
	(56, 'TRANSPORTE DE MATERIALES CON LOCOMOTORA 2.5 TN', 'HR'),
	(57, 'TRANSPORTE DE PERSONAL CON LOCOMOTORA 2.0 TN', 'HR'),
	(58, 'TOLVA AMERICANA', 'UND'),
	(59, 'AVANCES', 'UM'),
	(60, 'Crucero (Cx) 7\'x8\'', 'ML'),
	(61, 'Galeria (Gal) 7\'x8\'', 'ML'),
	(62, 'Chimenea Doble (Ch) 8\'x4\'', 'ML'),
	(63, 'Chimenea Simple (Ch) 4\'x6\'', 'ML'),
	(64, 'Pique (Pq) 10\'x6\'', 'ML'),
	(65, 'Subnivel (Snv) 4\'x6\'', 'ML'),
	(66, 'Estocada (Est) 4\'x6\'', 'ML'),
	(67, 'Ventana (Ven) 7\'x8\'', 'ML'),
	(68, 'Bypass (Bp) 7\'x8\'', 'ML'),
	(69, 'Hueco Perro (Hp) 4\'x6\'', 'ML'),
	(70, 'Cortada (Cor) 7\'x8\'', 'ML'),
	(71, 'Inclinado (Inc) 7\'x8\'', 'ML'),
	(72, 'Poza (Pz) 4\'x4\'', 'ML');
/*!40000 ALTER TABLE `instalaciones_mina` ENABLE KEYS */;


-- Volcando datos para la tabla explore_andina.lab_nombres: ~686 rows (aproximadamente)
/*!40000 ALTER TABLE `lab_nombres` DISABLE KEYS */;
INSERT INTO `lab_nombres` (`id_labNombre`, `labNombre_nombre`, `lanNombre_abreviado`) VALUES
	(1, ' Ch 944 (Snv 938 NE)', ' Ch'),
	(2, ' Tj 030 NE (Ch 003))', ' Tj'),
	(3, ' Est 819 SE (Snv 868 SW)', ' Es'),
	(4, 'Acarreo', 'Aca'),
	(5, 'Bodeguero', 'Bod'),
	(6, 'Bp 068 NE (Gal 028 NE)', 'Bp '),
	(7, 'Bp 852 NW (Snv 032 SW)', 'Bp '),
	(8, 'Bp 940 NW (Cx 128 NE)', 'Bp '),
	(9, 'Cam 073 SE  (Snv 092 SW)', 'Cam'),
	(10, 'CAM 074 SE (EST 074 SE)', 'CAM'),
	(11, 'CAM 08', 'CAM'),
	(12, 'Cam 10 (Gal 127 NE)', 'Cam'),
	(13, 'CAM 11', 'CAM'),
	(14, 'Cam 111 NE (Gal 028 NE)', 'Cam'),
	(15, 'Cam 13 (Cx 109 NW)', 'Cam'),
	(16, 'Cam 14 (Cx 225 SE)', 'Cam'),
	(17, 'Cam 15 (Snv 3850 SW)', 'Cam'),
	(18, 'Cam 155 (Est 155 NW)', 'Cam'),
	(19, 'Cam 16 (Cx 171 NW)', 'Cam'),
	(20, 'Cam 17 (Est 132 SE)', 'Cam'),
	(21, 'Cam 18 (Cx 558 NE)', 'Cam'),
	(22, 'Cam 19 (Cx 011 SE)', 'Cam'),
	(23, 'Cam 20 (Cx 924 NE)', 'Cam'),
	(24, 'Cam 21 (Cx 082 SE)', 'Cam'),
	(25, 'CAM 618 (SNV 615 SE)', 'CAM'),
	(26, 'Ch  091 (Snv 010 NE)', 'Ch '),
	(27, 'Ch 003 (Snv 256 SW)', 'Ch '),
	(28, 'Ch 030 (Snv 031 SW)', 'Ch '),
	(29, 'CH 035 (SNV 125 NE)', 'CH '),
	(30, 'Ch 040 (Tj 037 SW)', 'Ch '),
	(31, 'Ch 044 (Snv 098 SW)', 'Ch '),
	(32, 'Ch 044 (Snv 140 SW)', 'Ch '),
	(33, 'Ch 044 (Snv 842 SW)', 'Ch '),
	(34, 'Ch 044 (Snv 868 SW)', 'Ch '),
	(35, 'Ch 044 (Tj 036 SW)', 'Ch '),
	(36, 'Ch 044 (Tj 055 SW)', 'Ch '),
	(37, 'Ch 044-1 (Snv 123-1 SW)', 'Ch '),
	(38, 'CH 044-1 (TJ 045 SW)', 'CH '),
	(39, 'CH 050 (GAL 170 SW)', 'CH '),
	(40, 'CH 053 (SNV 123 NE)', 'CH '),
	(41, 'Ch 055 (Tj 057 SW)', 'Ch '),
	(42, 'CH 055 -1(TJ 055 SW)', 'CH '),
	(43, 'Ch 056 (Snv 089 NE)', 'Ch '),
	(44, 'Ch 064 (Est 075-2 SE)', 'Ch '),
	(45, 'CH 064 (TJ 076 NE)', 'CH '),
	(46, 'CH 064 (TJ 111)', 'CH '),
	(47, 'Ch 065 (Tj 036 SW )', 'Ch '),
	(48, 'CH 066 (CX 075 NW)', 'CH '),
	(49, 'Ch 066 (Snv 092 SW)', 'Ch '),
	(50, 'CH 066 (SNV 123NE)', 'CH '),
	(51, 'Ch 066 (Snv 868 SW)', 'Ch '),
	(52, 'CH 070 (TJ070)', 'CH '),
	(53, 'Ch 072 (Snv 089 NE)', 'Ch '),
	(54, 'CH 073 (CX 074  SW)', 'CH '),
	(55, 'CH 075 (CX 074 SW)', 'CH '),
	(56, 'CH 075 (CX 075  SW)', 'CH '),
	(57, 'Ch 081 (Tj 081 SW)', 'Ch '),
	(58, 'CH 084 (SNV 163  SW)', 'CH '),
	(59, 'Ch 086 (Tj 091 SW)', 'Ch '),
	(60, 'Ch 088 (Tj 087 NE)', 'Ch '),
	(61, 'CH 091 (GAL 150 SW)', 'CH '),
	(62, 'Ch 091 (Snv 020 NE)', 'Ch '),
	(63, 'Ch 091 (Snv 030 NE)', 'Ch '),
	(64, 'Ch 091 (Snv 030 SW)', 'Ch '),
	(65, 'Ch 091 (Snv 070 NE)', 'Ch '),
	(66, 'CH 091 (SNV 090 SW)', 'CH '),
	(67, 'CH 091 (SNV 123 SW)', 'CH '),
	(68, 'CH 091 (SNV 143 SW)', 'CH '),
	(69, 'CH 091 (TJ 111 SW)', 'CH '),
	(70, 'Ch 091 (Snv 050 NE)', 'Ch '),
	(71, 'Ch 095 (Tj 066 NE)', 'Ch '),
	(72, 'Ch 095 (Tj 117 SW)', 'Ch '),
	(73, 'Ch 098 (Tj 097 NE)', 'Ch '),
	(74, 'Ch 116 (Gal 127 SW)', 'Ch '),
	(75, 'Ch 121 (Tj 080 SW)', 'Ch '),
	(76, 'Ch 122 (Snv 102 SW)', 'Ch '),
	(77, 'Ch 159 (Tj 152 NE)', 'Ch '),
	(78, 'Ch 225 (CX 225 SE)', 'Ch '),
	(79, 'Ch 247 (Snv 317 S)', 'Ch '),
	(80, 'Ch 250 (Cx 199 NE)', 'Ch '),
	(81, 'Ch 256 (Cx 248 SE)', 'Ch '),
	(82, 'Ch 256 (Ven 252 NW)', 'Ch '),
	(83, 'Ch 593 (SNV 840 SW)', 'Ch '),
	(84, 'CH 605 (SNV 612-1 NW)', 'CH '),
	(85, 'Ch 619 (Inc 642 SW)', 'Ch '),
	(86, 'Ch 620 (Gal 515 NW)', 'Ch '),
	(87, 'Ch 621 (Est 845-2 SC)', 'Ch '),
	(88, 'CH 638 (SNV 634 SE)', 'CH '),
	(89, 'Ch 640 (Gal 650 SE)', 'Ch '),
	(90, 'Ch 642 (Tj 642 SW)', 'Ch '),
	(91, 'Ch 653 (Snv 327 NE)', 'Ch '),
	(92, 'Ch 669 (Gal 708 SW)', 'Ch '),
	(93, 'Ch 820 (Tj 042 SW)\n', 'Ch '),
	(94, 'Ch 835 (Snv 020 SW)', 'Ch '),
	(95, 'Ch 835 (Snv 030 SW)', 'Ch '),
	(96, 'Ch 835 (Snv 042 SW)', 'Ch '),
	(97, 'Ch 835 (Tj 010 SW)', 'Ch '),
	(98, 'Ch 843 (Snv 319 SW)', 'Ch '),
	(99, 'Ch 852 (Tj 862 SW)', 'Ch '),
	(100, 'Ch 877 (Snv 010 NE)', 'Ch '),
	(101, 'Ch 877 (Snv 030 NE)', 'Ch '),
	(102, 'Ch 877 (Snv 050 NE)', 'Ch '),
	(103, 'Ch 889 (Snv 152 SW)', 'Ch '),
	(104, 'Ch 907 (Snv 019 NE)', 'Ch '),
	(105, 'Ch 907 (Snv 850 NE)', 'Ch '),
	(106, 'Ch 907 (Snv 878 NE)', 'Ch '),
	(107, 'Ch 907 (Snv 898 NE)', 'Ch '),
	(108, 'Ch 914 (Snv 885 SW)', 'Ch '),
	(109, 'Ch 916 (Snv 916 SW)', 'Ch '),
	(110, 'Ch 921 (Snv 145 NE)', 'Ch '),
	(111, 'Ch 929 (Bp 940 NW)', 'Ch '),
	(112, 'Ch 931 (Snv 938 SW)', 'Ch '),
	(113, 'Ch 934 (Snv 025 NE)', 'Ch '),
	(114, 'Ch 936 (Snv 915 NE)', 'Ch '),
	(115, 'Ch 948 (Snv 152 NE)', 'Ch '),
	(116, 'Ch 950 (Snv 152 NE) ', 'Ch '),
	(117, 'CH 959 (GAL 980 SW)', 'CH '),
	(118, 'Ch 973 (Snv 974 SW)', 'Ch '),
	(119, 'Ch 981 (Tj 800)', 'Ch '),
	(120, 'CH 994 (CX 010  SW)', 'CH '),
	(121, 'Ch 998 (Snv 015 SW)', 'Ch '),
	(122, 'Ch 862 (Snv 319 NE)', 'Ch '),
	(123, 'COR 990', 'COR'),
	(124, 'CX 010 SW (GAL 170 SW)', 'CX '),
	(125, 'CX 075 NW (CX 074 SW)', 'CX '),
	(126, 'CX 075 NW (GL 170 SW )', 'CX '),
	(127, 'Cx 082 SE (Cx 199 NE)', 'Cx '),
	(128, 'Cx 109 NW (Gal 127 SW)', 'Cx '),
	(129, 'Cx 155 NW (Cam 155)', 'Cx '),
	(130, 'Cx 169 NE (Gal 127 NE)', 'Cx '),
	(131, 'CX 171 NW (CX128 NE)', 'CX '),
	(132, 'Cx 199 NE (Cx 169 NE)', 'Cx '),
	(133, 'Cx 199 NE (Cxl 169 NE)', 'Cx '),
	(134, 'Cx 219 SE (Cx 199 NE)', 'Cx '),
	(135, 'Cx 225 SE (Cx 199 NE)', 'Cx '),
	(136, 'Cx 236 SE (Pq 234)', 'Cx '),
	(137, 'Cx 245 NW (Cx 199 NE)', 'Cx '),
	(138, 'Cx 248 SE (Cx 236 SE)', 'Cx '),
	(139, 'Cx 253 NW (Cx 199 NE)', 'Cx '),
	(140, 'Cx 558 NE (Cx 990 NE)', 'Cx '),
	(141, 'Cx 648 NE (Cx 712 SW)', 'Cx '),
	(142, 'Cx 648 SW (Cx 712 SW)', 'Cx '),
	(143, 'Cx 683 NW (Gal 980 SW)', 'Cx '),
	(144, 'Cx 712 SW', 'Cx '),
	(145, 'Cx 712 SW (Gal 980 SW)', 'Cx '),
	(146, 'Cx 924 NE (Cx 128 NE)', 'Cx '),
	(147, 'CX 941 NW (GAL 980 SW)', 'CX '),
	(148, 'Cx 990 NE (Cor 990)', 'Cx '),
	(149, 'CX 995 NW (GAL 980 SW)', 'CX '),
	(150, 'Cx.128 NE_GL.028 NE', 'Cx.'),
	(151, 'Est 004 NW (Ch 003)', 'Est'),
	(152, 'Est 004 NW (Snv 015 SW)', 'Est'),
	(153, 'Est 008 SE (Nv 8)', 'Est'),
	(154, 'Est 018 NW (Cx 199 NE)', 'Est'),
	(155, 'Est 022 NW (Nv 8)', 'Est'),
	(156, 'Est 056 NW (Cx 199 NE)', 'Est'),
	(157, 'Est 069 SE (Pq 122)', 'Est'),
	(158, 'Est 070  (Gal 150 SW)', 'Est'),
	(159, 'Est 072 NW (Tj 077 NE)', 'Est'),
	(160, 'Est 074 SW (Est 075-3 SE)', 'Est'),
	(161, 'EST 075-1  SE (PQ  075)', 'EST'),
	(162, 'Est 075-2 SE (Pq 075)', 'Est'),
	(163, 'Est 075-3 SE (Pq 075)', 'Est'),
	(164, 'Est 075-4 SE (Pq 075)', 'Est'),
	(165, 'EST 077 SW (EST 075 1SE)', 'EST'),
	(166, 'Est 079 NW (Tj 050 SW)', 'Est'),
	(167, 'Est 080 SE (Snv 092 SW)', 'Est'),
	(168, 'EST 085 SE (SNV 090 NE)', 'EST'),
	(169, 'Est 092 NW (Ch 091)', 'Est'),
	(170, 'EST 092 SW (GAL 170 SW)', 'EST'),
	(171, 'Est 092 SW (Snv 092 SW)', 'Est'),
	(172, 'EST 108 SE (SNV 090 NE)', 'EST'),
	(173, 'Est 109 NE (Est 108 SE)', 'Est'),
	(174, 'Est 115 S (Tj 117 NE)', 'Est'),
	(175, 'Est 122 SE (Ch 122)', 'Est'),
	(176, 'Est 132 SE (Gal 170 SW)', 'Est'),
	(177, 'EST 140 S (SNV 140 SW)', 'EST'),
	(178, 'Est 155 NW (Cx 128 NE)', 'Est'),
	(179, 'Est 254 NW (Ch 256)', 'Est'),
	(180, 'Est 256 SE (Ch 256)', 'Est'),
	(181, 'Est 640 SE (Inc 642 SW)', 'Est'),
	(182, 'Est 644 NW (Inc 875 SE)', 'Est'),
	(183, 'Est 810 SW (Snv 868 SW)', 'Est'),
	(184, 'Est 818 NW (Ch 044)', 'Est'),
	(185, 'Est 820 NW (Ch 044)', 'Est'),
	(186, 'Est 820 NW (Tj 036 SW)', 'Est'),
	(187, 'Est 829 SE (Snv 868 SW)', 'Est'),
	(188, 'Est 830 SW (Snv 842 SW)', 'Est'),
	(189, 'Est 831 SW (Snv 842 SW)', 'Est'),
	(190, 'Est 840 SE (Inc 870 SW)', 'Est'),
	(191, 'Est 845 SE (Inc 870 SW)', 'Est'),
	(192, 'Est 845-2 SE (Pq 845)', 'Est'),
	(193, 'Est 847 SW (Snv 070 SW)', 'Est'),
	(194, 'Est 850 NW (Snv 010 NE)', 'Est'),
	(195, 'Est 868 SE (Ch 091)', 'Est'),
	(196, 'Est 870 SW (Ch 621)', 'Est'),
	(197, 'Est 875 NW (Snv 320 NE)', 'Est'),
	(198, 'Est 901 NW (Snv 878 NE)', 'Est'),
	(199, 'Est 905 SE (Snv 069 NE)', 'Est'),
	(200, 'Est 910 NW (Snv 885 SW)', 'Est'),
	(201, 'Est 912 SE (Snv 069 NE)', 'Est'),
	(202, 'Est 919 NW (Snv 885 SW)', 'Est'),
	(203, 'Est 925 NW (Snv 885 SW)', 'Est'),
	(204, 'Est 927 SE (Inc 822 NE)', 'Est'),
	(205, 'Est 929 SE (Snv 089 NE)', 'Est'),
	(206, 'Est 934 NW (Snv 885 SW) ', 'Est'),
	(207, 'Est 935 NE (Snv 089 NE)', 'Est'),
	(208, 'Est 937 NE (Snv 915 NE)', 'Est'),
	(209, 'Est 943 SE (Inc 822 NE)', 'Est'),
	(210, 'Est 945 SE (Inc 822 NE)', 'Est'),
	(211, 'Est 955 NW (Snv 885 NE) ', 'Est'),
	(212, 'Est 971 SW (Cx 169 NE)', 'Est'),
	(213, 'Est 991 NW (Snv 030 SW)', 'Est'),
	(214, 'Est 076 SW (Est 075-2 SE)', 'Est'),
	(215, 'Est 220 SW (Snv 256 SW)', 'Est'),
	(216, 'Est 950 NW (Snv 152 NE) ', 'Est'),
	(217, 'EST. 001 ( INCL 618)', 'EST'),
	(218, 'EST. 069 SE (SNV 123 NE)', 'EST'),
	(219, 'EST. 073 NW (CH 075)', 'EST'),
	(220, 'EST. 075 NW (CH 075)', 'EST'),
	(221, 'Gal 028 NE (Cx 990 NE)', 'Gal'),
	(222, 'Gal 127 NE (Cx 171 NW)', 'Gal'),
	(223, 'Gal 127 SW (Cx 171 NW)', 'Gal'),
	(224, 'Gal 192 NE (Cx 169 NE)', 'Gal'),
	(225, 'Gal 515 NW (Cor 990)', 'Gal'),
	(226, 'Gal 639 NE (Cx 648 SW)', 'Gal'),
	(227, 'Gal 639 SW (Cx 648 SW)', 'Gal'),
	(228, 'Gal 648 NE (Cx 712 SW)', 'Gal'),
	(229, 'Gal 648 SW (Cx 712 SW)', 'Gal'),
	(230, 'Gal 708 NE (Cx683 NW)', 'Gal'),
	(231, 'Gal 708 SW (Cx683 NW)', 'Gal'),
	(232, 'GAL 980 SW (CX 010 SW)', 'GAL'),
	(233, 'Gal 980 SW (Cx 712 SW)', 'Gal'),
	(234, 'Hp 002 ( Tj 117 NE )', 'Hp '),
	(235, 'Hp 004 ( Tj 117 NE )', 'Hp '),
	(236, 'Hp 005 ( Tj 117 NE )', 'Hp '),
	(237, 'Hp 006 (Tj 117 NE)', 'Hp '),
	(238, 'Hp 007 (Tj 066 NE)', 'Hp '),
	(239, 'Hp 008 (Tj 066 SW)', 'Hp '),
	(240, 'Hp 009 (Tj 117 NE)', 'Hp '),
	(241, 'Hp 010 (Tj 066 NE)', 'Hp '),
	(242, 'Hp 011 (Tj 066 NE)', 'Hp '),
	(243, 'Hp 012 (Tj 066 NE)', 'Hp '),
	(244, 'Hp 013 (Tj 066 SW)', 'Hp '),
	(245, 'Hp 014 (Tj 066 SW)', 'Hp '),
	(246, 'Hp 015 (Tj 066 SW)', 'Hp '),
	(247, 'Hp 016 (Tj 117 NE)', 'Hp '),
	(248, 'Hp 017 (Tj 066 SW)', 'Hp '),
	(249, 'Hp 018 (Tj 066 SW)', 'Hp '),
	(250, 'Hp 019 (Tj 066 SW)', 'Hp '),
	(251, 'Hp 020 (Tj 066 SW)', 'Hp '),
	(252, 'Hp 021 (Tj 066 SW)', 'Hp '),
	(253, 'Hp 022 (Tj 066 SW)', 'Hp '),
	(254, 'Hp 023 (Tj 127 NE)', 'Hp '),
	(255, 'Hp 024 (Tj 127 NE)', 'Hp '),
	(256, 'Hp 025 (Tj 087 NE)', 'Hp '),
	(257, 'Hp 026 (Tj 072 NE)', 'Hp '),
	(258, 'Hp 027 (Tj 072 NE)', 'Hp '),
	(259, 'Hp 028 (Tj 072 NE)', 'Hp '),
	(260, 'Hp 029 (Tj 077 NE)', 'Hp '),
	(261, 'Hp 030 (Tj 077 NE)', 'Hp '),
	(262, 'Hp 031 (Tj 077 NE)', 'Hp '),
	(263, 'Inc 122 SE (Pq 122)', 'Inc'),
	(264, 'Inc 636 SW (Cx 648 SW)', 'Inc'),
	(265, 'Inc 642 SW (Cx 648 SW)', 'Inc'),
	(266, 'Inc 822 NE (Est 912 SE)', 'Inc'),
	(267, 'Inc 870 SW (Snv 030 SW)', 'Inc'),
	(268, 'Inc 875 SE (Snv 320 NE)', 'Inc'),
	(269, 'INCLI. 618 (SNV 615 SE)', 'INC'),
	(270, 'Motorista', 'Mot'),
	(271, 'PQ 075 (CX 074 SW)', 'PQ '),
	(272, 'PQ 075 (CX 075 SW)', 'PQ '),
	(273, 'Pq 122 (Snv 102 SW)', 'Pq '),
	(274, 'Pq 234 (Sup)', 'Pq '),
	(275, 'Pq 235 (Superf)', 'Pq '),
	(276, 'PQ 270 (SNV 317 NE)', 'PQ '),
	(277, 'Pq 870 (Snv 030 SW)', 'Pq '),
	(278, 'Pq 907 (Snv 019 NE)', 'Pq '),
	(279, 'Pq 228 (Ven 226 NE)', 'Pq '),
	(280, 'Pq 256 (Ven 254 SE)', 'Pq '),
	(281, 'Pq 938 (Est 935 NE)', 'Pq '),
	(282, 'Pz 026 (Snv 026 NE)', 'Pz '),
	(283, 'Pz 030 (Snv 030 NE)', 'Pz '),
	(284, 'Pz 074 (Est 074 SW)', 'Pz '),
	(285, 'Pz 076 (Est 076 SW)', 'Pz '),
	(286, 'Snv  025  SW (Ch 835)', 'Snv'),
	(287, 'Snv 002 NE (Pq 228)', 'Snv'),
	(288, 'Snv 002 SW (Pq 228)', 'Snv'),
	(289, 'Snv 010 NE (Inc 870 SW)', 'Snv'),
	(290, 'Snv 010 NE (Tj 030 SW)', 'Snv'),
	(291, 'Snv 010 SW (Inc 870 SW)', 'Snv'),
	(292, 'Snv 010 SW (Tj 030 NE)', 'Snv'),
	(293, 'Snv 015 NE (Est 008 SE)', 'Snv'),
	(294, 'Snv 015 SW (Est 008 SE)', 'Snv'),
	(295, 'Snv 017 SW (Tj 030 NE)', 'Snv'),
	(296, 'Snv 019 NE (Snv 020 NE)', 'Snv'),
	(297, 'Snv 020 NE (Inc 870 SW)', 'Snv'),
	(298, 'Snv 020 SW (Inc 870 SW)', 'Snv'),
	(299, 'Snv 024 SW (Tj 029 SW)', 'Snv'),
	(300, 'Snv 026 NE (Est 075-4 SE)', 'Snv'),
	(301, 'Snv 026 NE (Snv 029 SW)', 'Snv'),
	(302, 'Snv 026 SW (Est 075-4 SE)', 'Snv'),
	(303, 'Snv 029 SW (Est 030 SW)', 'Snv'),
	(304, 'Snv 030 NE (Est 075-4 SE)', 'Snv'),
	(305, 'Snv 030 SW (Est 030 SW)', 'Snv'),
	(306, 'Snv 030 SW (Est 075-4 SE)', 'Snv'),
	(307, 'Snv 031 SW (Snv 030 SW)', 'Snv'),
	(308, 'Snv 032 NE (Est 075-4 SE)', 'Snv'),
	(309, 'Snv 032 SW (Est 075-4 SE)', 'Snv'),
	(310, 'Snv 034 SW (Tj 030 SW)', 'Snv'),
	(311, 'Snv 037 SW (Ch 091)', 'Snv'),
	(312, 'SNV 039 (CH 025)', 'SNV'),
	(313, 'SNV 040 SW (EST 140  S)', 'SNV'),
	(314, 'Snv 042 SW (Tj 037 SW', 'Snv'),
	(315, 'Snv 043 SE (Snv 129 SE)', 'Snv'),
	(316, 'SNV 045 SW (TJ 045 SW)', 'SNV'),
	(317, 'Snv 048 SW (Tj 042 SW)', 'Snv'),
	(318, 'Snv 050 NE (Est 075-3 SE)', 'Snv'),
	(319, 'Snv 050 SW (Est 075-3 SE)', 'Snv'),
	(320, 'Snv 053 NE (Tj 057 SW)', 'Snv'),
	(321, 'SNV 066 NE (CH 066)', 'SNV'),
	(322, 'Snv 069 NE (Est 069 SE)', 'Snv'),
	(323, 'Snv 069 SW (Est 069 SE)', 'Snv'),
	(324, 'Snv 070 NE (Ch 056)', 'Snv'),
	(325, 'Snv 070 NE (Ch 072)', 'Snv'),
	(326, 'Snv 070 NE (Est 075-2 SE)', 'Snv'),
	(327, 'Snv 070 SW (Ch 056)', 'Snv'),
	(328, 'Snv 070 SW (Ch 072)', 'Snv'),
	(329, 'Snv 070 SW (Est 075-2 SE)', 'Snv'),
	(330, 'Snv 072 NE (Tj 097 NE)', 'Snv'),
	(331, 'Snv 072 SW (Ch 064)', 'Snv'),
	(332, 'Snv 072 SW (Est 072 NW)', 'Snv'),
	(333, 'Snv 073 SW (Tj 081 SW)', 'Snv'),
	(334, 'Snv 074 SW (TJ 071 SW)', 'Snv'),
	(335, 'SNV 076-1 SW (CH 078)', 'SNV'),
	(336, 'Snv 079 NE (Est 079 NW)', 'Snv'),
	(337, 'Snv 079 SW (Est 079 NW)', 'Snv'),
	(338, 'SNV 080 SW (CH 078)', 'SNV'),
	(339, 'Snv 080 SW (Tj 080 SW)', 'Snv'),
	(340, 'Snv 081 SW (Tj 080 SW)', 'Snv'),
	(341, 'Snv 082 NE (Est 079 NW)', 'Snv'),
	(342, 'SNV 083 SW (SNV 103 SW)', 'SNV'),
	(343, 'Snv 084 SW (Tj 077 NE) ', 'Snv'),
	(344, 'Snv 085 NE (Est 868 SE)', 'Snv'),
	(345, 'Snv 085 SW (Est 868 SE)', 'Snv'),
	(346, 'SNV 087 SW (EST 092 SW)', 'SNV'),
	(347, 'Snv 088 NE (Est 075-2 SE)', 'Snv'),
	(348, 'Snv 088 NE (Tj 077 NE)', 'Snv'),
	(349, 'Snv 088 SW (Est 075-2 SE)', 'Snv'),
	(350, 'Snv 089 NE (Est 075-1 SE)', 'Snv'),
	(351, 'Snv 089 SW (Est 075-1 SE)', 'Snv'),
	(352, 'Snv 090 NE (Ch 936)', 'Snv'),
	(353, 'SNV 090 NE (EST  075 SE)', 'SNV'),
	(354, 'Snv 090 SW (Ch 936)', 'Snv'),
	(355, 'SNV 090 SW (EST  075 SE)', 'SNV'),
	(356, 'SNV 092 NE (EST 075-1 SE)', 'SNV'),
	(357, 'SNV 092 SW (EST 075-1 SE)', 'SNV'),
	(358, 'Snv 094 NE (Tj 036 SW)', 'Snv'),
	(359, 'Snv 094 NE (Tj 080 SW)', 'Snv'),
	(360, 'Snv 094 SW (Ch 121)', 'Snv'),
	(361, 'SNV 094 SW (TJ 100)', 'SNV'),
	(362, 'Snv 095 SW (Ch 066)', 'Snv'),
	(363, 'Snv 098 SW (Ch 066)', 'Snv'),
	(364, 'Snv 102 NE (Est 075-1 SE)', 'Snv'),
	(365, 'Snv 102 SW (Est 075-1 SE)', 'Snv'),
	(366, 'SNV 102 SW (TJ 100 SW)', 'SNV'),
	(367, 'Snv 104 SE (Snv 070 NE)', 'Snv'),
	(368, 'SNV 107 NE (CH 107)', 'SNV'),
	(369, 'SNV 107 SW (CH 107)', 'SNV'),
	(370, 'SNV 107 SW (TJ 120)', 'SNV'),
	(371, 'Snv 108 NE (Tj 097 NE)', 'Snv'),
	(372, 'SNV 110 SW (TJ 045)', 'SNV'),
	(373, 'Snv 112 NE (Tj 066 NE)', 'Snv'),
	(374, 'SNV 112 SW (TJ 100)', 'SNV'),
	(375, 'Snv 114 NE (Ven 011)', 'Snv'),
	(376, 'Snv 115 NE (Est 115 S)', 'Snv'),
	(377, 'Snv 115 SW (Est 115 S)', 'Snv'),
	(378, 'Snv 116 SE (Est 108 SE)', 'Snv'),
	(379, 'Snv 116 SW (Tj 066 NE)', 'Snv'),
	(380, 'Snv 117 NE (Ch 066)', 'Snv'),
	(381, 'Snv 118 NE (Ch 086)', 'Snv'),
	(382, 'Snv 118 SW (Ch 086)', 'Snv'),
	(383, 'SNV 119 NE (TJ 076 NE)', 'SNV'),
	(384, 'SNV 123-1 NW (CH 044 )', 'SNV'),
	(385, 'SNV 123-1-NW (CH 044)', 'SNV'),
	(386, 'SNV 123-2 NE (SNV 123-1 SW)', 'SNV'),
	(387, 'SNV 125 NE (TJ 056)', 'SNV'),
	(388, 'SNV 128 NE (TJ 117 NE)', 'SNV'),
	(389, 'Snv 128 SW (Tj 117 SW)', 'Snv'),
	(390, 'SNV 129 NE (TJ 055 SW)', 'SNV'),
	(391, 'Snv 130 SW (Tj 101 SW)', 'Snv'),
	(392, 'Snv 135 SW (Ch 053)', 'Snv'),
	(393, 'Snv 139 SW (Tj 101)', 'Snv'),
	(394, 'Snv 140 NE (Cx 171 NW)', 'Snv'),
	(395, 'Snv 140 SW (Cx 171 NW)', 'Snv'),
	(396, 'SNV 140-NE (CH 053)', 'SNV'),
	(397, 'SNV 140-SW (CH 053)', 'SNV'),
	(398, 'SNV 143 NE (CH 107)', 'SNV'),
	(399, 'SNV 143 SW (CH 107)', 'SNV'),
	(400, 'Snv 145 NE (Cx 171 NW)', 'Snv'),
	(401, 'Snv 145 NE (Tj 127 NE)', 'Snv'),
	(402, 'Snv 145 NE (Tj 065 NE)', 'Snv'),
	(403, 'Snv 145 SW (Cx 171 NW)', 'Snv'),
	(404, 'Snv 150 NE (TJ065 NE)', 'Snv'),
	(405, 'Snv 150 NE (Tj 127 NE)', 'Snv'),
	(406, 'Snv 152 NE (Ch 921)', 'Snv'),
	(407, 'Snv 152 SW (Ch 921)', 'Snv'),
	(408, 'Snv 154 NE (Tj 065 NE)', 'Snv'),
	(409, 'SNV 155 SW (TJ 111 SW)', 'SNV'),
	(410, 'Snv 158 NE (Ch 044)', 'Snv'),
	(411, 'Snv 160 NE (Ch 044)', 'Snv'),
	(412, 'Snv 160 SW (Ch 044)', 'Snv'),
	(413, 'Snv 161 NE (Ch 948)', 'Snv'),
	(414, 'Snv 161 SW (Ch 948)', 'Snv'),
	(415, 'Snv 161-1 SW (Tj 157 NE)', 'Snv'),
	(416, 'Snv 162 NE (Tj 152 NE)', 'Snv'),
	(417, 'SNV 163 NE (CH 107)', 'SNV'),
	(418, 'SNV 163 SW (CH 107)', 'SNV'),
	(419, 'Snv 167 SW (Tj 137 SW)', 'Snv'),
	(420, 'Snv 172 NE (Ch 921)', 'Snv'),
	(421, 'Snv 172 SW (Ch 921)', 'Snv'),
	(422, 'Snv 174 SW (Ch 921)', 'Snv'),
	(423, 'SNV 183 NE (CH 084)', 'SNV'),
	(424, 'SNV 183 SW (CH 084)', 'SNV'),
	(425, 'Snv 226 NE (Est 224 SW)', 'Snv'),
	(426, 'Snv 251 NE (Cx 199 NE)', 'Snv'),
	(427, 'Snv 251 SW (Cx 199 NE)', 'Snv'),
	(428, 'Snv 256 SW (Est 255 SW)', 'Snv'),
	(429, 'Snv 256 SW (Est 255 SW)', 'Snv'),
	(430, 'Snv 290 NE (Inc 875 SE)', 'Snv'),
	(431, 'Snv 290 SW (Inc 875 SE)', 'Snv'),
	(432, 'Snv 317 NE (Est 270-1 SE)', 'Snv'),
	(433, 'Snv 319 NE (Est 845-2 SE)', 'Snv'),
	(434, 'Snv 319 SW (Est 845-2 SE)', 'Snv'),
	(435, 'Snv 327 NE (Inc 875 SE)', 'Snv'),
	(436, 'Snv 327 SW (Inc 875 SE)', 'Snv'),
	(437, 'Snv 3830 NE (Ch 133)', 'Snv'),
	(438, 'Snv 3830 SW (Ch 133)', 'Snv'),
	(439, 'Snv 3850 NE (Ch 133)', 'Snv'),
	(440, 'Snv 3850 SW (Ch 133)', 'Snv'),
	(441, 'SNV 590-1 NE (CHA10)', 'SNV'),
	(442, 'SNV 595 NE (CH 580-1)', 'SNV'),
	(443, 'Snv 615 SE (Est 615 SE)', 'Snv'),
	(444, 'SNV 616-4 SW (CH 610)', 'SNV'),
	(445, 'SNV 618 NW (INC 618 SE)', 'SNV'),
	(446, 'SNV 618 SE (INC 618 SE)', 'SNV'),
	(447, 'Snv 619 NE (Inc 642 SW)', 'Snv'),
	(448, 'Snv 619 SW (Inc 642 SW)', 'Snv'),
	(449, 'Snv 622 NE (Ch 619)', 'Snv'),
	(450, 'Snv 622 SW (Tj 619 SW)', 'Snv'),
	(451, 'SNV 634 NW (H.P)', 'SNV'),
	(452, 'SNV 634 SE (H.P)', 'SNV'),
	(453, 'Snv 642 NE (Ch 862-1)', 'Snv'),
	(454, 'Snv 642 SW (Ch 862-1)', 'Snv'),
	(455, 'Snv 643 NE (Ch 862-1)', 'Snv'),
	(456, 'Snv 644 NE (Ch 862-1)', 'Snv'),
	(457, 'Snv 644 SW (Ch 862-1)', 'Snv'),
	(458, 'Snv 645 SW (Tj 642 SW)', 'Snv'),
	(459, 'Snv 650 NE (Tj 862-1 NE)', 'Snv'),
	(460, 'Snv 820 NE (Est 820 NW)', 'Snv'),
	(461, 'Snv 820 NW (Est 820 NW)', 'Snv'),
	(462, 'Snv 820 SW (Est 820 NW)', 'Snv'),
	(463, 'Snv 827 SW (Est 092 SW)', 'Snv'),
	(464, 'Snv 829 SW (Est 830 SW)', 'Snv'),
	(465, 'Snv 830 NE (Tj 063 SW)', 'Snv'),
	(466, 'Snv 830 SW (Tj 063 SW)', 'Snv'),
	(467, 'Snv 834 SW (Tj 829 SW)', 'Snv'),
	(468, 'Snv 836 NE (Ch 669)', 'Snv'),
	(469, 'Snv 836 SW (Ch 669)', 'Snv'),
	(470, 'Snv 840 SW (Ch 843)', 'Snv'),
	(471, 'Snv 842 NE (Est 847 SW)', 'Snv'),
	(472, 'Snv 842 SW (Est 847 SW)', 'Snv'),
	(473, 'Snv 846 SW (Ch 843)', 'Snv'),
	(474, 'Snv 846 SW (Tj 061 SW)', 'Snv'),
	(475, 'Snv 850 NE (Snv 010 NE)', 'Snv'),
	(476, 'Snv 860 SW (Snv 020 NE)', 'Snv'),
	(477, 'Snv 862 SW (Tj 862 SW)', 'Snv'),
	(478, 'Snv 864 NE (TJ862 NE)', 'Snv'),
	(479, 'Snv 868 NE (Est 868 SE)', 'Snv'),
	(480, 'Snv 868 NE (Snv 868 SW)', 'Snv'),
	(481, 'Snv 868 SW (Est 868 SE)', 'Snv'),
	(482, 'Snv 870 NE (Est 868 SE)', 'Snv'),
	(483, 'Snv 870 SW (Est 868 SE)', 'Snv'),
	(484, 'Snv 878 NE (Snv 030 NE)', 'Snv'),
	(485, 'Snv 881 NE (Ch 907)', 'Snv'),
	(486, 'Snv 885 NE (Est 945 SE)', 'Snv'),
	(487, 'Snv 885 SW (Est 945 SE)', 'Snv'),
	(488, 'Snv 890 NE (Inc 822 NE)', 'Snv'),
	(489, 'Snv 890 SW (Inc 822 NE)', 'Snv'),
	(490, 'Snv 898 NE (Snv 050 NE)', 'Snv'),
	(491, 'Snv 903 NE (Inc 822 NE)', 'Snv'),
	(492, 'Snv 903 SW (Inc 822 NE)', 'Snv'),
	(493, 'Snv 909 SW (Est 905 SE)', 'Snv'),
	(494, 'Snv 912 NE (Est 912 SE)', 'Snv'),
	(495, 'Snv 915 SW (Est 912 SE)', 'Snv'),
	(496, 'Snv 916 SW (Snv 915 NE)', 'Snv'),
	(497, 'Snv 917 SW (Tj 050 SW)', 'Snv'),
	(498, 'Snv 918 NE (Ch 936)', 'Snv'),
	(499, 'Snv 919 SW (Tj 050 SW)', 'Snv'),
	(500, 'Snv 920 NE (Ch 936)', 'Snv'),
	(501, 'Snv 925 NE (Est 925 NW)', 'Snv'),
	(502, 'Snv 925 SW (Est 925 NW)', 'Snv'),
	(503, 'Snv 929 SW (Bp 940 NW)\n', 'Snv'),
	(504, 'Snv 938 NE (Est 935 NE)', 'Snv'),
	(505, 'Snv 938 NE (Est 950 NW)', 'Snv'),
	(506, 'Snv 938 SW (Est 935 NE)', 'Snv'),
	(507, 'Snv 938 SW (Est 950 NW)', 'Snv'),
	(508, 'Snv 945 SW (Ch 931)', 'Snv'),
	(509, 'Snv 959 SW (Est 955 NW)', 'Snv'),
	(510, 'Snv 974 SW (Est 971 SW)', 'Snv'),
	(511, 'Snv 976 SW (Ch 973)', 'Snv'),
	(512, 'Snv 977 NE (Ch 973)', 'Snv'),
	(513, 'Snv 981 NE (Ch 973)', 'Snv'),
	(514, 'Snv 981 SW (Ch 973)', 'Snv'),
	(515, 'SNV 994 NE (CH 994)', 'SNV'),
	(516, 'SNV 994 SW (CH 994)', 'SNV'),
	(517, 'Snv  015 SW (Ch 835)', 'Snv'),
	(518, 'Snv  025 NE (Tj 019 NE)', 'Snv'),
	(519, 'Tj  829 SW (Snv 868 SW)', 'Tj '),
	(520, 'Tj  885 NE (Inc 822 NE)', 'Tj '),
	(521, 'Tj  885 SW (Inc 822 NE)', 'Tj '),
	(522, 'Tj 004 SW (Snv 002 SW)', 'Tj '),
	(523, 'Tj 009 SW (Snv 029 SW)', 'Tj '),
	(524, 'Tj 010 NE (Inc 870 SW)', 'Tj '),
	(525, 'Tj 010 SW (Inc 870 SW)', 'Tj '),
	(526, 'Tj 017 SW (Snv 015 SW)', 'Tj '),
	(527, 'Tj 018 NE (Ch 877)', 'Tj '),
	(528, 'Tj 019 NE (Ch 907)', 'Tj '),
	(529, 'Tj 019 SW (Ch 907)', 'Tj '),
	(530, 'Tj 020 NE (Inc 870 SW)', 'Tj '),
	(531, 'Tj 020 SW (Inc 870 SW)', 'Tj '),
	(532, 'Tj 026 NE (Ch 056)', 'Tj '),
	(533, 'Tj 029 SW (Snv 029 SW)', 'Tj '),
	(534, 'Tj 030 SW (CH 003)', 'Tj '),
	(535, 'Tj 030 SW (Ch 835)', 'Tj '),
	(536, 'Tj 036 SW (Ch 066)', 'Tj '),
	(537, 'TJ 039 SW (SNV 039)', 'TJ '),
	(538, 'Tj 042 SW (Ch 835)', 'Tj '),
	(539, 'TJ 044 (CH 044)', 'TJ '),
	(540, 'TJ 045 (CH 044)', 'TJ '),
	(541, 'Tj 046 SW (Ch 066)', 'Tj '),
	(542, 'Tj 050 NE (Ch 936)', 'Tj '),
	(543, 'Tj 050 NE (Snv 915 NE)', 'Tj '),
	(544, 'Tj 050 SW (Ch 936)', 'Tj '),
	(545, 'Tj 050 SW (Snv 069 NE)', 'Tj '),
	(546, 'Tj 051 NE (Snv 069 NE)', 'Tj '),
	(547, 'Tj 051 SW (Snv 069 SW)', 'Tj '),
	(548, 'TJ 054 (CH 044)', 'TJ '),
	(549, 'TJ 055 (CH 044)', 'TJ '),
	(550, 'TJ 056 (CH 050)', 'TJ '),
	(551, 'Tj 056 (Ch 056)', 'Tj '),
	(552, 'TJ 056 SW (CH 050)', 'TJ '),
	(553, 'Tj 061 SW (Ch 091)', 'Tj '),
	(554, 'Tj 063 NE (Ch 066)', 'Tj '),
	(555, 'Tj 063 SW (Ch 066)', 'Tj '),
	(556, 'Tj 063 SW (Snv 868 SW)', 'Tj '),
	(557, 'Tj 065 SW (Ch 044)', 'Tj '),
	(558, 'Tj 065 NE (Ch 044)', 'Tj '),
	(559, 'TJ 066 (CH 044)', 'TJ '),
	(560, 'TJ 066 NE (CH066)', 'TJ '),
	(561, 'TJ 066 SW (CH066)', 'TJ '),
	(562, 'Tj 070 NE (Ch 072)', 'Tj '),
	(563, 'TJ 070 NE (CH 078)', 'TJ '),
	(564, 'Tj 070 SW (Ch 072)', 'Tj '),
	(565, 'TJ 070 SW (CH 078)', 'TJ '),
	(566, 'TJ 076  (CH 053)', 'TJ '),
	(567, 'TJ 076 (CH 066)', 'TJ '),
	(568, 'Tj 077 NE (Ch 091)', 'Tj '),
	(569, 'Tj 080 SW (Ch 122)', 'Tj '),
	(570, 'Tj 081 SW (Ch 091)', 'Tj '),
	(571, 'TJ 091 (CH091)', 'TJ '),
	(572, 'TJ 091 SW (CH 091)', 'TJ '),
	(573, 'Tj 097 NE (Ch 091)', 'Tj '),
	(574, 'TJ 100', 'TJ '),
	(575, 'TJ 101 (CH091)', 'TJ '),
	(576, 'TJ 107 (CH 066)', 'TJ '),
	(577, 'TJ 107 (CH 107)', 'TJ '),
	(578, 'TJ 107 NE (CH 107)', 'TJ '),
	(579, 'TJ 107 SW (CH 107)', 'TJ '),
	(580, 'TJ 111  (CH 091)', 'TJ '),
	(581, 'TJ 117 NE  (CH 107)', 'TJ '),
	(582, 'TJ 117 SW  (CH 091)', 'TJ '),
	(583, 'Tj 117 SW (Ch 107)', 'Tj '),
	(584, 'TJ 120 (CH 120)', 'TJ '),
	(585, 'TJ 121 SW  (CH 084)', 'TJ '),
	(586, 'TJ 127 NE  (CH 107)', 'TJ '),
	(587, 'TJ 127 SW  (CH 107)', 'TJ '),
	(588, 'Tj 133 SW (Ch 133)', 'Tj '),
	(589, 'Tj 137 NE  (Ch 107)', 'Tj '),
	(590, 'Tj 137 SW  (Ch 107)', 'Tj '),
	(591, 'Tj 157 NE (Ch 921)', 'Tj '),
	(592, 'Tj 157 NE (Ch 973)', 'Tj '),
	(593, 'Tj 157 SW (Ch 921)', 'Tj '),
	(594, 'Tj 157 SW (Ch 973)', 'Tj '),
	(595, 'Tj 177 NE (Ch 921)', 'Tj '),
	(596, 'Tj 177 SW (Ch 921)', 'Tj '),
	(597, 'Tj 256 SW (Snv 256 SW)', 'Tj '),
	(598, 'TJ 605', 'TJ '),
	(599, 'TJ 618  NE (INCL 618 SE)', 'TJ '),
	(600, 'TJ 618  SW (INCL 618 SE)', 'TJ '),
	(601, 'Tj 619 NE (Ch 619)', 'Tj '),
	(602, 'Tj 619 SW (Ch 619)', 'Tj '),
	(603, 'TJ 626 NW  (CH 605)', 'TJ '),
	(604, 'TJ 626 SE  (CH 605)', 'TJ '),
	(605, 'Tj 642 NE (Gal 639 NE)', 'Tj '),
	(606, 'Tj 642 SW (Gal 639 SW)', 'Tj '),
	(607, 'Tj 653 NE (Ch 653)', 'Tj '),
	(608, 'Tj 653 SW (Ch 653)', 'Tj '),
	(609, 'Tj 710 NE (Gal 708 NE)', 'Tj '),
	(610, 'Tj 710 SW (Gal 708 SW)', 'Tj '),
	(611, 'Tj 715 NE (Ch 669)', 'Tj '),
	(612, 'Tj 715 SW (Ch 669) ', 'Tj '),
	(613, 'Tj 790 SW (Ch 994)', 'Tj '),
	(614, 'Tj 795 NE (Ch 998)', 'Tj '),
	(615, 'Tj 795 SW (Ch 998)', 'Tj '),
	(616, 'TJ 800  (CH 994)', 'TJ '),
	(617, 'Tj 829 SW (Snv 829 SW)', 'Tj '),
	(618, 'Tj 843 NE (Ch843)', 'Tj '),
	(619, 'Tj 843 SW (Ch 843)', 'Tj '),
	(620, 'TJ 862 NE (CH 862)', 'TJ '),
	(621, 'TJ 862 SW (CH 862)', 'TJ '),
	(622, 'TJ 862-1 NE (CH 862-1)', 'TJ '),
	(623, 'Tj 862-1 SW (Ch 862-1)', 'Tj '),
	(624, 'Tj 880 NE (Ch 907)', 'Tj '),
	(625, 'Tj 880 SW (Ch 907)', 'Tj '),
	(626, 'Tj 900 NE (Ch 907)', 'Tj '),
	(627, 'Tj 900 NE (Ch 931)', 'Tj '),
	(628, 'Tj 900 SW (Ch 907)', 'Tj '),
	(629, 'Tj 900 SW (Ch 931)', 'Tj '),
	(630, 'Tj 903 NE (Inc 822 NE)', 'Tj '),
	(631, 'Tj 903 SW (Inc 822 NE)', 'Tj '),
	(632, 'Tj 929 SW (Snv 929 SW) ', 'Tj '),
	(633, 'Tj 938 NE (Ch 944)', 'Tj '),
	(634, 'Tj 938 SW (Ch 944)', 'Tj '),
	(635, 'Tj 940 NE (Ch 931)', 'Tj '),
	(636, 'Tj 940 SW (Ch 931)', 'Tj '),
	(637, 'Tj 017 NE (Snv 015 SW)', 'Tj '),
	(638, 'Tj 057 NE (Ch 091)', 'Tj '),
	(639, 'Tj 057 SW (Ch 091)', 'Tj '),
	(640, 'Tj 071 SW  (Ch 091)', 'Tj '),
	(641, 'Tj 087 NE  (Ch 091)', 'Tj '),
	(642, 'Tj 133 NE (Ch 133)', 'Tj '),
	(643, 'Tj 152 NE (Ch 152)', 'Tj '),
	(644, 'Tj 152 SW (Ch 152)', 'Tj '),
	(645, 'TJ620 (CH 952)', 'TJ6'),
	(646, 'Ven 001 NE (Tj 091 SW)', 'Ven'),
	(647, 'Ven 002 SW (Tj 117 NE)', 'Ven'),
	(648, 'Ven 003 NE (Tj 101 SW)', 'Ven'),
	(649, 'Ven 004 NE (Tj 117 SW)', 'Ven'),
	(650, 'Ven 006  (Tj 127 SW)', 'Ven'),
	(651, 'Ven 007 (Tj 081 SW)', 'Ven'),
	(652, 'Ven 008 (Tj 066 NE)', 'Ven'),
	(653, 'Ven 014 (Tj 117 SW)', 'Ven'),
	(654, 'Ven 015 (Tj 066 SW)', 'Ven'),
	(655, 'Ven 016 (Tj 066 SW)', 'Ven'),
	(656, 'Ven 017 (Tj 127 SW)', 'Ven'),
	(657, 'Ven 018 (Tj 065 SW)', 'Ven'),
	(658, 'Ven 019 (Tj 127 SW)', 'Ven'),
	(659, 'Ven 020 (Tj 065 NE)', 'Ven'),
	(660, 'Ven 021 (Tj 117 SW)', 'Ven'),
	(661, 'Ven 022 (Tj 081 SW)', 'Ven'),
	(662, 'Ven 023 (Tj 097 NE)', 'Ven'),
	(663, 'Ven 024 (Tj 843 NE)', 'Ven'),
	(664, 'Ven 025 (Tj 862 SW)', 'Ven'),
	(665, 'Ven 026 (Tj 055 SW)', 'Ven'),
	(666, 'Ven 027 (Tj 055 SW)', 'Ven'),
	(667, 'Ven 028 (Tj 087 NE)', 'Ven'),
	(668, 'Ven 029 (Tj 862 NE)', 'Ven'),
	(669, 'Ven 031 (Tj 026 NE)', 'Ven'),
	(670, 'Ven 032 (Tj 077 NE)', 'Ven'),
	(671, 'Ven 033 SW (Tj 037 NE)', 'Ven'),
	(672, 'Ven 034 NE (Tj 880 SW)', 'Ven'),
	(673, 'Ven 035 NE (Tj 050 SW)', 'Ven'),
	(674, 'Ven 036 NE (Tj 157 SW)', 'Ven'),
	(675, 'Ven 037 SW (Tj 157 NE)', 'Ven'),
	(676, 'Ven 038 SW (Tj 037 NE)', 'Ven'),
	(677, 'Ven 226 NE (Cx 219 SE)', 'Ven'),
	(678, 'Ven 252 NE (CX 253 NW)', 'Ven'),
	(679, 'Ven 254 SE (Cx 199 NE)', 'Ven'),
	(680, 'Ven 30 (Tj 070 NE)', 'Ven'),
	(681, 'Ven 009 (Tj 790 SW)', 'Ven'),
	(682, 'Ven 010 (Tj 066 SW)', 'Ven'),
	(683, 'Ven 011 (Tj 066 NE)', 'Ven'),
	(684, 'Ven 012 (Tj 097 NE)', 'Ven'),
	(685, 'Ven 013 (Ch 107)', 'Ven'),
	(686, 'VNT. 117 NE (CH 107)', 'VNT');
/*!40000 ALTER TABLE `lab_nombres` ENABLE KEYS */;

-- Volcando datos para la tabla explore_andina.lab_zonas: ~12 rows (aproximadamente)
/*!40000 ALTER TABLE `lab_zonas` DISABLE KEYS */;
INSERT INTO `lab_zonas` (`id_zona`, `letra`, `nivel`, `nombre`) VALUES
	(1, 'K', '3820', 'Alexandra'),
	(2, 'F', '3820', 'Alondra'),
	(3, 'L', '3820', 'Andrea'),
	(4, 'D', '3820', 'Cachorro'),
	(5, 'C', '3820', 'Chapi'),
	(6, 'A', '3820', 'Esperanza'),
	(7, 'B', '3820', 'Inka'),
	(8, 'M', '3820', 'Jacky'),
	(9, 'G', '3820', 'Manuel'),
	(10, 'J', '3820', 'Pamela'),
	(11, 'H', '3820', 'Shojo'),
	(12, 'E', '3820', 'Vanessa');
/*!40000 ALTER TABLE `lab_zonas` ENABLE KEYS */;


-- Volcando datos para la tabla explore_andina.labores: ~3,165 rows (aproximadamente)
/*!40000 ALTER TABLE `labores` DISABLE KEYS */;
INSERT INTO `labores` (`id_labor`, `lab_ccostos`, `id_labNombre`, `id_zona`, `lab_tipoLabor`, `lab_fechaEntrega`) VALUES
	(1, '3A5011', 441, 6, '2', 'PREPA,ESPERANZA,SNV 590-1 NE (CHA10),SUMINISTROS'),
	(2, '3A5012', 441, 6, '2', 'PREPA,ESPERANZA,SNV 590-1 NE (CHA10),SOSTENIMIENTO'),
	(3, '3A5013', 441, 6, '2', 'PREPA,ESPERANZA,SNV 590-1 NE (CHA10),SERVICIO'),
	(4, '3A5014', 441, 6, '2', 'PREPA,ESPERANZA,SNV 590-1 NE (CHA10),REHABILITACION'),
	(5, '4C4011', 276, 5, '2', 'OPERA,CHAPI,PQ 270 (SNV 317 NE),SUMINISTROS'),
	(6, '4C4012', 276, 5, '2', 'OPERA,CHAPI,PQ 270 (SNV 317 NE),SOSTENIMIENTO'),
	(7, '4C4013', 276, 5, '2', 'OPERA,CHAPI,PQ 270 (SNV 317 NE),SERVICIO'),
	(8, '4C4014', 276, 5, '2', 'OPERA,CHAPI,PQ 270 (SNV 317 NE),REHABILITACION'),
	(9, '4C4015', 276, 5, '2', 'OPERA,CHAPI,PQ 270 (SNV 317 NE),TOLVA'),
	(10, '2E5021', 399, 12, '2', 'DESAR,VANESSA,SNV 143 SW (CH 107),SUMINISTROS'),
	(11, '2E5022', 399, 12, '2', 'DESAR,VANESSA,SNV 143 SW (CH 107),SOSTENIMIENTO'),
	(12, '2E5023', 399, 12, '2', 'DESAR,VANESSA,SNV 143 SW (CH 107),SERVICIO'),
	(13, '2E5024', 399, 12, '2', 'DESAR,VANESSA,SNV 143 SW (CH 107),REHABILITACION'),
	(14, '2E5031', 398, 12, '2', 'DESAR,VANESSA,SNV 143 NE (CH 107),SUMINISTROS'),
	(15, '2E5032', 398, 12, '2', 'DESAR,VANESSA,SNV 143 NE (CH 107),SOSTENIMIENTO'),
	(16, '2E5033', 398, 12, '2', 'DESAR,VANESSA,SNV 143 NE (CH 107),SERVICIO'),
	(17, '2E5034', 398, 12, '2', 'DESAR,VANESSA,SNV 143 NE (CH 107),REHABILITACION'),
	(18, '3E3231', 61, 12, '2', 'PREPA,VANESSA,CH 091 (GAL 150 SW),SUMINISTROS'),
	(19, '3E3232', 61, 12, '2', 'PREPA,VANESSA,CH 091 (GAL 150 SW),SOSTENIMIENTO'),
	(20, '3E3233', 61, 12, '2', 'PREPA,VANESSA,CH 091 (GAL 150 SW),SERVICIO'),
	(21, '3E3234', 61, 12, '2', 'PREPA,VANESSA,CH 091 (GAL 150 SW),REHABILITACION'),
	(22, '3E3235', 61, 12, '2', 'PREPA,VANESSA,CH 091 (GAL 150 SW),TOLVA'),
	(23, '4E6256', 218, 12, '2', 'OPERA,VANESSA,EST. 069 SE (SNV 123 NE),REFUGIO'),
	(24, '5A7251', 565, 6, '1', 'EXPLO,ESPERANZA,TJ 070 SW (CH 078),SUMINISTROS'),
	(25, '5A7252', 565, 6, '1', 'EXPLO,ESPERANZA,TJ 070 SW (CH 078),SOSTENIMIENTO'),
	(26, '5A7253', 565, 6, '1', 'EXPLO,ESPERANZA,TJ 070 SW (CH 078),SERVICIO'),
	(27, '5A7254', 565, 6, '1', 'EXPLO,ESPERANZA,TJ 070 SW (CH 078),REHABILITACION'),
	(28, '5A7257', 565, 6, '1', 'EXPLO,ESPERANZA,TJ 070 SW (CH 078),REALCE'),
	(29, '5A7258', 565, 6, '1', 'EXPLO,ESPERANZA,TJ 070 SW (CH 078),'),
	(30, '1E5041', 342, 12, '2', 'EXPLO,VANESSA,SNV 083 SW (SNV 103 SW),SUMINISTROS'),
	(31, '1E5042', 342, 12, '2', 'EXPLO,VANESSA,SNV 083 SW (SNV 103 SW),SOSTENIMIENTO'),
	(32, '1E5043', 342, 12, '2', 'EXPLO,VANESSA,SNV 083 SW (SNV 103 SW),SERVICIO'),
	(33, '1E5044', 342, 12, '2', 'EXPLO,VANESSA,SNV 083 SW (SNV 103 SW),REHABILITACION'),
	(34, '4A3241', 52, 6, '2', 'OPERA,ESPERANZA,CH 070 (TJ070),SUMINISTROS'),
	(35, '4A3242', 52, 6, '2', 'OPERA,ESPERANZA,CH 070 (TJ070),SOSTENIMIENTO'),
	(36, '4A3243', 52, 6, '2', 'OPERA,ESPERANZA,CH 070 (TJ070),SERVICIO'),
	(37, '4A3244', 52, 6, '2', 'OPERA,ESPERANZA,CH 070 (TJ070),REHABILITACION'),
	(38, '2E3251', 67, 12, '2', 'DESAR,VANESSA,CH 091 (SNV 123 SW),SUMINISTROS'),
	(39, '2E3252', 67, 12, '2', 'DESAR,VANESSA,CH 091 (SNV 123 SW),SOSTENIMIENTO'),
	(40, '2E3253', 67, 12, '2', 'DESAR,VANESSA,CH 091 (SNV 123 SW),SERVICIO'),
	(41, '2E3254', 67, 12, '2', 'DESAR,VANESSA,CH 091 (SNV 123 SW),REHABILITACION'),
	(42, '2E1081', 126, 12, '2', 'DESAR,VANESSA,CX 075 NW (GL 170 SW ),SUMINISTROS'),
	(43, '2E1082', 126, 12, '2', 'DESAR,VANESSA,CX 075 NW (GL 170 SW ),SOSTENIMIENTO'),
	(44, '2E1083', 126, 12, '2', 'DESAR,VANESSA,CX 075 NW (GL 170 SW ),SERVICIO'),
	(45, '2E1084', 126, 12, '2', 'DESAR,VANESSA,CX 075 NW (GL 170 SW ),REHABILITACION'),
	(46, '2E3261', 48, 12, '2', 'DESAR,VANESSA,CH 066 (CX 075 NW),SUMINISTROS'),
	(47, '2E3262', 48, 12, '2', 'DESAR,VANESSA,CH 066 (CX 075 NW),SOSTENIMIENTO'),
	(48, '2E3263', 48, 12, '2', 'DESAR,VANESSA,CH 066 (CX 075 NW),SERVICIO'),
	(49, '2E3264', 48, 12, '2', 'DESAR,VANESSA,CH 066 (CX 075 NW),REHABILITACION'),
	(50, '1E5051', 418, 12, '2', 'EXPLO,VANESSA,SNV 163 SW (CH 107),SUMINISTROS'),
	(51, '1E5052', 418, 12, '2', 'EXPLO,VANESSA,SNV 163 SW (CH 107),SOSTENIMIENTO'),
	(52, '1E5053', 418, 12, '2', 'EXPLO,VANESSA,SNV 163 SW (CH 107),SERVICIO'),
	(53, '1E5054', 418, 12, '2', 'EXPLO,VANESSA,SNV 163 SW (CH 107),REHABILITACION'),
	(54, '1E5061', 417, 12, '2', 'EXPLO,VANESSA,SNV 163 NE (CH 107),SUMINISTROS'),
	(55, '1E5062', 417, 12, '2', 'EXPLO,VANESSA,SNV 163 NE (CH 107),SOSTENIMIENTO'),
	(56, '1E5063', 417, 12, '2', 'EXPLO,VANESSA,SNV 163 NE (CH 107),SERVICIO'),
	(57, '1E5064', 417, 12, '2', 'EXPLO,VANESSA,SNV 163 NE (CH 107),REHABILITACION'),
	(58, '3E3271', 48, 12, '2', 'PREPA,VANESSA,CH 066 (CX 075 NW),SUMINISTROS'),
	(59, '3E3272', 48, 12, '2', 'PREPA,VANESSA,CH 066 (CX 075 NW),SOSTENIMIENTO'),
	(60, '3E3273', 48, 12, '2', 'PREPA,VANESSA,CH 066 (CX 075 NW),SERVICIO'),
	(61, '3E3274', 48, 12, '2', 'PREPA,VANESSA,CH 066 (CX 075 NW),REHABILITACION'),
	(62, '3E3281', 50, 12, '2', 'PREPA,VANESSA,CH 066 (SNV 123NE),SUMINISTROS'),
	(63, '3E3282', 50, 12, '2', 'PREPA,VANESSA,CH 066 (SNV 123NE),SOSTENIMIENTO'),
	(64, '3E3283', 50, 12, '2', 'PREPA,VANESSA,CH 066 (SNV 123NE),SERVICIO'),
	(65, '3E3284', 50, 12, '2', 'PREPA,VANESSA,CH 066 (SNV 123NE),REHABILITACION'),
	(66, '2E3291', 68, 12, '2', 'DESAR,VANESSA,CH 091 (SNV 143 SW),SUMINISTROS'),
	(67, '2E3292', 68, 12, '2', 'DESAR,VANESSA,CH 091 (SNV 143 SW),SOSTENIMIENTO'),
	(68, '2E3293', 68, 12, '2', 'DESAR,VANESSA,CH 091 (SNV 143 SW),SERVICIO'),
	(69, '2E3294', 68, 12, '2', 'DESAR,VANESSA,CH 091 (SNV 143 SW),REHABILITACION'),
	(70, '3A5071', 338, 6, '2', 'PREPA,ESPERANZA,SNV 080 SW (CH 078),SUMINISTROS'),
	(71, '3A5072', 338, 6, '2', 'PREPA,ESPERANZA,SNV 080 SW (CH 078),SOSTENIMIENTO'),
	(72, '3A5073', 338, 6, '2', 'PREPA,ESPERANZA,SNV 080 SW (CH 078),SERVICIO'),
	(73, '3A5074', 338, 6, '2', 'PREPA,ESPERANZA,SNV 080 SW (CH 078),REHABILITACION'),
	(74, '3E3301', 40, 12, '2', 'PREPA,VANESSA,CH 053 (SNV 123 NE),SUMINISTROS'),
	(75, '3E3302', 40, 12, '2', 'PREPA,VANESSA,CH 053 (SNV 123 NE),SOSTENIMIENTO'),
	(76, '3E3303', 40, 12, '2', 'PREPA,VANESSA,CH 053 (SNV 123 NE),SERVICIO'),
	(77, '3E3304', 40, 12, '2', 'PREPA,VANESSA,CH 053 (SNV 123 NE),REHABILITACION'),
	(78, '4D3311', 39, 4, '2', 'OPERA,CACHORRO,CH 050 (GAL 170 SW),SUMINISTROS'),
	(79, '4D3312', 39, 4, '2', 'OPERA,CACHORRO,CH 050 (GAL 170 SW),SOSTENIMIENTO'),
	(80, '4D3313', 39, 4, '2', 'OPERA,CACHORRO,CH 050 (GAL 170 SW),SERVICIO'),
	(81, '4D3314', 39, 4, '2', 'OPERA,CACHORRO,CH 050 (GAL 170 SW),REHABILITACION'),
	(82, '2F1091', 131, 2, '2', 'DESAR,ALONDRA,CX 171 NW (CX128 NE),SUMINISTROS'),
	(83, '2F1092', 131, 2, '2', 'DESAR,ALONDRA,CX 171 NW (CX128 NE),SOSTENIMIENTO'),
	(84, '2F1093', 131, 2, '2', 'DESAR,ALONDRA,CX 171 NW (CX128 NE),SERVICIO'),
	(85, '2F1094', 131, 2, '2', 'DESAR,ALONDRA,CX 171 NW (CX128 NE),REHABILITACION'),
	(86, '5D7261', 550, 4, '1', 'EXPLO,CACHORRO,TJ 056 (CH 050),SUMINISTROS'),
	(87, '5D7262', 550, 4, '1', 'EXPLO,CACHORRO,TJ 056 (CH 050),SOSTENIMIENTO'),
	(88, '5D7263', 550, 4, '1', 'EXPLO,CACHORRO,TJ 056 (CH 050),SERVICIO'),
	(89, '5D7264', 550, 4, '1', 'EXPLO,CACHORRO,TJ 056 (CH 050),REHABILITACION'),
	(90, '5D7265', 550, 4, '1', 'EXPLO,CACHORRO,TJ 056 (CH 050),TOLVA'),
	(91, '5D7266', 550, 4, '1', 'EXPLO,CACHORRO,TJ 056 (CH 050),REFUGIO'),
	(92, '5D7267', 550, 4, '1', 'EXPLO,CACHORRO,TJ 056 (CH 050),REALCE'),
	(93, '5D7268', 550, 4, '1', 'EXPLO,CACHORRO,TJ 056 (CH 050),'),
	(94, '4E6266', 219, 12, '2', 'OPERA,VANESSA,EST. 073 NW (CH 075),REFUGIO'),
	(95, '4E3321', 55, 12, '2', 'OPERA,VANESSA,CH 075 (CX 074 SW),SUMINISTROS'),
	(96, '4E3322', 55, 12, '2', 'OPERA,VANESSA,CH 075 (CX 074 SW),SOSTENIMIENTO'),
	(97, '4E3323', 55, 12, '2', 'OPERA,VANESSA,CH 075 (CX 074 SW),SERVICIO'),
	(98, '4E3324', 55, 12, '2', 'OPERA,VANESSA,CH 075 (CX 074 SW),REHABILITACION'),
	(99, '2E4021', 271, 12, '2', 'DESAR,VANESSA,PQ 075 (CX 074 SW),SUMINISTROS'),
	(100, '2E4022', 271, 12, '2', 'DESAR,VANESSA,PQ 075 (CX 074 SW),SOSTENIMIENTO'),
	(101, '2E4023', 271, 12, '2', 'DESAR,VANESSA,PQ 075 (CX 074 SW),SERVICIO'),
	(102, '2E4024', 271, 12, '2', 'DESAR,VANESSA,PQ 075 (CX 074 SW),REHABILITACION'),
	(103, '2E4025', 271, 12, '2', 'DESAR,VANESSA,PQ 075 (CX 074 SW),TOLVA'),
	(104, '2E5101', 384, 12, '2', 'DESAR,VANESSA,SNV 123-1 NW (CH 044 ),SUMINISTROS'),
	(105, '2E5102', 384, 12, '2', 'DESAR,VANESSA,SNV 123-1 NW (CH 044 ),SOSTENIMIENTO'),
	(106, '2E5103', 384, 12, '2', 'DESAR,VANESSA,SNV 123-1 NW (CH 044 ),SERVICIO'),
	(107, '2E5104', 384, 12, '2', 'DESAR,VANESSA,SNV 123-1 NW (CH 044 ),REHABILITACION'),
	(108, '2E5111', 396, 12, '2', 'DESAR,VANESSA,SNV 140-NE (CH 053),SUMINISTROS'),
	(109, '2E5112', 396, 12, '2', 'DESAR,VANESSA,SNV 140-NE (CH 053),SOSTENIMIENTO'),
	(110, '2E5113', 396, 12, '2', 'DESAR,VANESSA,SNV 140-NE (CH 053),SERVICIO'),
	(111, '2E5114', 396, 12, '2', 'DESAR,VANESSA,SNV 140-NE (CH 053),REHABILITACION'),
	(112, '2E5121', 397, 12, '2', 'DESAR,VANESSA,SNV 140-SW (CH 053),SUMINISTROS'),
	(113, '2E5122', 397, 12, '2', 'DESAR,VANESSA,SNV 140-SW (CH 053),SOSTENIMIENTO'),
	(114, '2E5123', 397, 12, '2', 'DESAR,VANESSA,SNV 140-SW (CH 053),SERVICIO'),
	(115, '2E5124', 397, 12, '2', 'DESAR,VANESSA,SNV 140-SW (CH 053),REHABILITACION'),
	(116, '3A5081', 335, 6, '2', 'PREPA,ESPERANZA,SNV 076-1 SW (CH 078),SUMINISTROS'),
	(117, '3A5082', 335, 6, '2', 'PREPA,ESPERANZA,SNV 076-1 SW (CH 078),SOSTENIMIENTO'),
	(118, '3A5083', 335, 6, '2', 'PREPA,ESPERANZA,SNV 076-1 SW (CH 078),SERVICIO'),
	(119, '3A5084', 335, 6, '2', 'PREPA,ESPERANZA,SNV 076-1 SW (CH 078),REHABILITACION'),
	(120, '3A5091', 444, 6, '2', 'PREPA,ESPERANZA,SNV 616-4 SW (CH 610),SUMINISTROS'),
	(121, '3A5092', 444, 6, '2', 'PREPA,ESPERANZA,SNV 616-4 SW (CH 610),SOSTENIMIENTO'),
	(122, '3A5093', 444, 6, '2', 'PREPA,ESPERANZA,SNV 616-4 SW (CH 610),SERVICIO'),
	(123, '3A5094', 444, 6, '2', 'PREPA,ESPERANZA,SNV 616-4 SW (CH 610),REHABILITACION'),
	(124, '5A7271', 565, 6, '1', 'EXPLO,ESPERANZA,TJ 070 SW (CH 078),SUMINISTROS'),
	(125, '5A7272', 565, 6, '1', 'EXPLO,ESPERANZA,TJ 070 SW (CH 078),SOSTENIMIENTO'),
	(126, '5A7273', 565, 6, '1', 'EXPLO,ESPERANZA,TJ 070 SW (CH 078),SERVICIO'),
	(127, '5A7274', 565, 6, '1', 'EXPLO,ESPERANZA,TJ 070 SW (CH 078),REHABILITACION'),
	(128, '5A7277', 565, 6, '1', 'EXPLO,ESPERANZA,TJ 070 SW (CH 078),REALCE'),
	(129, '5A7278', 565, 6, '1', 'EXPLO,ESPERANZA,TJ 070 SW (CH 078),'),
	(130, '5A7281', 563, 6, '1', 'EXPLO,ESPERANZA,TJ 070 NE (CH 078),SUMINISTROS'),
	(131, '5A7282', 563, 6, '1', 'EXPLO,ESPERANZA,TJ 070 NE (CH 078),SOSTENIMIENTO'),
	(132, '5A7283', 563, 6, '1', 'EXPLO,ESPERANZA,TJ 070 NE (CH 078),SERVICIO'),
	(133, '5A7284', 563, 6, '1', 'EXPLO,ESPERANZA,TJ 070 NE (CH 078),REHABILITACION'),
	(134, '5A7287', 563, 6, '1', 'EXPLO,ESPERANZA,TJ 070 NE (CH 078),REALCE'),
	(135, '5A7288', 563, 6, '1', 'EXPLO,ESPERANZA,TJ 070 NE (CH 078),'),
	(136, '5A7291', 537, 6, '1', 'EXPLO,ESPERANZA,TJ 039 SW (SNV 039),SUMINISTROS'),
	(137, '5A7292', 537, 6, '1', 'EXPLO,ESPERANZA,TJ 039 SW (SNV 039),SOSTENIMIENTO'),
	(138, '5A7293', 537, 6, '1', 'EXPLO,ESPERANZA,TJ 039 SW (SNV 039),SERVICIO'),
	(139, '5A7294', 537, 6, '1', 'EXPLO,ESPERANZA,TJ 039 SW (SNV 039),REHABILITACION'),
	(140, '5A7297', 537, 6, '1', 'EXPLO,ESPERANZA,TJ 039 SW (SNV 039),REALCE'),
	(141, '5A7298', 537, 6, '1', 'EXPLO,ESPERANZA,TJ 039 SW (SNV 039),'),
	(142, '5D7301', 552, 4, '1', 'EXPLO,CACHORRO,TJ 056 SW (CH 050),SUMINISTROS'),
	(143, '5D7302', 552, 4, '1', 'EXPLO,CACHORRO,TJ 056 SW (CH 050),SOSTENIMIENTO'),
	(144, '5D7303', 552, 4, '1', 'EXPLO,CACHORRO,TJ 056 SW (CH 050),SERVICIO'),
	(145, '5D7304', 552, 4, '1', 'EXPLO,CACHORRO,TJ 056 SW (CH 050),REHABILITACION'),
	(146, '5D7307', 552, 4, '1', 'EXPLO,CACHORRO,TJ 056 SW (CH 050),REALCE'),
	(147, '5D7308', 552, 4, '1', 'EXPLO,CACHORRO,TJ 056 SW (CH 050),'),
	(148, '2E5131', 385, 12, '2', 'DESAR,VANESSA,SNV 123-1-NW (CH 044),SUMINISTROS'),
	(149, '2E5132', 385, 12, '2', 'DESAR,VANESSA,SNV 123-1-NW (CH 044),SOSTENIMIENTO'),
	(150, '2E5133', 385, 12, '2', 'DESAR,VANESSA,SNV 123-1-NW (CH 044),SERVICIO'),
	(151, '2E5134', 385, 12, '2', 'DESAR,VANESSA,SNV 123-1-NW (CH 044),REHABILITACION'),
	(152, '3A5141', 312, 6, '2', 'PREPA,ESPERANZA,SNV 039 (CH 025),SUMINISTROS'),
	(153, '3A5142', 312, 6, '2', 'PREPA,ESPERANZA,SNV 039 (CH 025),SOSTENIMIENTO'),
	(154, '3A5143', 312, 6, '2', 'PREPA,ESPERANZA,SNV 039 (CH 025),SERVICIO'),
	(155, '3A5144', 312, 6, '2', 'PREPA,ESPERANZA,SNV 039 (CH 025),REHABILITACION'),
	(156, '5A7311', 645, 6, '2', 'EXPLO,ESPERANZA,TJ620 (CH 952),SUMINISTROS'),
	(157, '5A7312', 645, 6, '1', 'EXPLO,ESPERANZA,TJ620 (CH 952),SOSTENIMIENTO'),
	(158, '5A7313', 645, 6, '1', 'EXPLO,ESPERANZA,TJ620 (CH 952),SERVICIO'),
	(159, '5A7314', 645, 6, '1', 'EXPLO,ESPERANZA,TJ620 (CH 952),REHABILITACION'),
	(160, '5E7321', 560, 12, '1', 'EXPLO,VANESSA,TJ 066 NE (CH066),SUMINISTROS'),
	(161, '5E7322', 560, 12, '1', 'EXPLO,VANESSA,TJ 066 NE (CH066),SOSTENIMIENTO'),
	(162, '5E7323', 560, 12, '1', 'EXPLO,VANESSA,TJ 066 NE (CH066),SERVICIO'),
	(163, '5E7324', 560, 12, '1', 'EXPLO,VANESSA,TJ 066 NE (CH066),REHABILITACION'),
	(164, '5E7331', 561, 12, '1', 'EXPLO,VANESSA,TJ 066 SW (CH066),SUMINISTROS'),
	(165, '5E7332', 561, 12, '1', 'EXPLO,VANESSA,TJ 066 SW (CH066),SOSTENIMIENTO'),
	(166, '5E7333', 561, 12, '1', 'EXPLO,VANESSA,TJ 066 SW (CH066),SERVICIO'),
	(167, '5E7334', 561, 12, '1', 'EXPLO,VANESSA,TJ 066 SW (CH066),REHABILITACION'),
	(168, '2E3331', 58, 12, '2', 'DESAR,VANESSA,CH 084 (SNV 163  SW),SUMINISTROS'),
	(169, '2E3332', 58, 12, '2', 'DESAR,VANESSA,CH 084 (SNV 163  SW),SOSTENIMIENTO'),
	(170, '2E3333', 58, 12, '2', 'DESAR,VANESSA,CH 084 (SNV 163  SW),SERVICIO'),
	(171, '2E3334', 58, 12, '2', 'DESAR,VANESSA,CH 084 (SNV 163  SW),REHABILITACION'),
	(172, '2E5151', 424, 12, '2', 'DESAR,VANESSA,SNV 183 SW (CH 084),SUMINISTROS'),
	(173, '2E5152', 424, 12, '2', 'DESAR,VANESSA,SNV 183 SW (CH 084),SOSTENIMIENTO'),
	(174, '2E5153', 424, 12, '2', 'DESAR,VANESSA,SNV 183 SW (CH 084),SERVICIO'),
	(175, '2E5154', 424, 12, '2', 'DESAR,VANESSA,SNV 183 SW (CH 084),REHABILITACION'),
	(176, '2E5161', 423, 12, '2', 'DESAR,VANESSA,SNV 183 NE (CH 084),SUMINISTROS'),
	(177, '2E5162', 423, 12, '2', 'DESAR,VANESSA,SNV 183 NE (CH 084),SOSTENIMIENTO'),
	(178, '2E5163', 423, 12, '2', 'DESAR,VANESSA,SNV 183 NE (CH 084),SERVICIO'),
	(179, '2E5164', 423, 12, '2', 'DESAR,VANESSA,SNV 183 NE (CH 084),REHABILITACION'),
	(180, '2E5171', 386, 12, '2', 'DESAR,VANESSA,SNV 123-2 NE (SNV 123-1 SW),SUMINISTROS'),
	(181, '2E5172', 386, 12, '2', 'DESAR,VANESSA,SNV 123-2 NE (SNV 123-1 SW),SOSTENIMIENTO'),
	(182, '2E5173', 386, 12, '2', 'DESAR,VANESSA,SNV 123-2 NE (SNV 123-1 SW),SERVICIO'),
	(183, '2E5174', 386, 12, '2', 'DESAR,VANESSA,SNV 123-2 NE (SNV 123-1 SW),REHABILITACION'),
	(184, '2D5181', 374, 4, '2', 'DESAR,CACHORRO,SNV 112 SW (TJ 100),SUMINISTROS'),
	(185, '2D5182', 374, 4, '2', 'DESAR,CACHORRO,SNV 112 SW (TJ 100),SOSTENIMIENTO'),
	(186, '2D5183', 374, 4, '2', 'DESAR,CACHORRO,SNV 112 SW (TJ 100),SERVICIO'),
	(187, '2D5184', 374, 4, '2', 'DESAR,CACHORRO,SNV 112 SW (TJ 100),REHABILITACION'),
	(188, '5B7341', 598, 7, '1', 'EXPLO,INKA,TJ 605,SUMINISTROS'),
	(189, '5B7342', 598, 7, '1', 'EXPLO,INKA,TJ 605,SOSTENIMIENTO'),
	(190, '5B7343', 598, 7, '1', 'EXPLO,INKA,TJ 605,SERVICIO'),
	(191, '5B7344', 598, 7, '1', 'EXPLO,INKA,TJ 605,REHABILITACION'),
	(192, '5B7347', 598, 7, '1', 'EXPLO,INKA,TJ 605,REALCE'),
	(193, '5B7348', 598, 7, '1', 'EXPLO,INKA,TJ 605,'),
	(194, '2E1111', 125, 12, '2', 'DESAR,VANESSA,CX 075 NW (CX 074 SW),SUMINISTROS'),
	(195, '2E1112', 125, 12, '2', 'DESAR,VANESSA,CX 075 NW (CX 074 SW),SOSTENIMIENTO'),
	(196, '2E1113', 125, 12, '2', 'DESAR,VANESSA,CX 075 NW (CX 074 SW),SERVICIO'),
	(197, '2E1114', 125, 12, '2', 'DESAR,VANESSA,CX 075 NW (CX 074 SW),REHABILITACION'),
	(198, '2E1116', 125, 12, '2', 'DESAR,VANESSA,CX 075 NW (CX 074 SW),REFUGIO'),
	(199, '5E7351', 539, 12, '1', 'EXPLO,VANESSA,TJ 044 (CH 044),SUMINISTROS'),
	(200, '5E7352', 539, 12, '1', 'EXPLO,VANESSA,TJ 044 (CH 044),SOSTENIMIENTO'),
	(201, '5E7353', 539, 12, '1', 'EXPLO,VANESSA,TJ 044 (CH 044),SERVICIO'),
	(202, '5E7354', 539, 12, '1', 'EXPLO,VANESSA,TJ 044 (CH 044),REHABILITACION'),
	(203, '5E7357', 539, 12, '1', 'EXPLO,VANESSA,TJ 044 (CH 044),REALCE'),
	(204, '5E7358', 539, 12, '1', 'EXPLO,VANESSA,TJ 044 (CH 044),'),
	(205, '5E7361', 540, 12, '1', 'EXPLO,VANESSA,TJ 045 (CH 044),SUMINISTROS'),
	(206, '5E7362', 540, 12, '1', 'EXPLO,VANESSA,TJ 045 (CH 044),SOSTENIMIENTO'),
	(207, '5E7363', 540, 12, '1', 'EXPLO,VANESSA,TJ 045 (CH 044),SERVICIO'),
	(208, '5E7364', 540, 12, '1', 'EXPLO,VANESSA,TJ 045 (CH 044),REHABILITACION'),
	(209, '5E7367', 540, 12, '1', 'EXPLO,VANESSA,TJ 045 (CH 044),REALCE'),
	(210, '5E7368', 540, 12, '1', 'EXPLO,VANESSA,TJ 045 (CH 044),'),
	(211, '5E7371', 559, 12, '1', 'EXPLO,VANESSA,TJ 066 (CH 044),SUMINISTROS'),
	(212, '5E7372', 559, 12, '1', 'EXPLO,VANESSA,TJ 066 (CH 044),SOSTENIMIENTO'),
	(213, '5E7373', 559, 12, '1', 'EXPLO,VANESSA,TJ 066 (CH 044),SERVICIO'),
	(214, '5E7374', 559, 12, '1', 'EXPLO,VANESSA,TJ 066 (CH 044),REHABILITACION'),
	(215, '5E7377', 559, 12, '1', 'EXPLO,VANESSA,TJ 066 (CH 044),REALCE'),
	(216, '5E7378', 559, 12, '1', 'EXPLO,VANESSA,TJ 066 (CH 044),'),
	(217, '5E7381', 576, 12, '1', 'EXPLO,VANESSA,TJ 107 (CH 066),SUMINISTROS'),
	(218, '5E7382', 576, 12, '1', 'EXPLO,VANESSA,TJ 107 (CH 066),SOSTENIMIENTO'),
	(219, '5E7383', 576, 12, '1', 'EXPLO,VANESSA,TJ 107 (CH 066),SERVICIO'),
	(220, '5E7384', 576, 12, '1', 'EXPLO,VANESSA,TJ 107 (CH 066),REHABILITACION'),
	(221, '5E7387', 576, 12, '1', 'EXPLO,VANESSA,TJ 107 (CH 066),REALCE'),
	(222, '5E7388', 576, 12, '1', 'EXPLO,VANESSA,TJ 107 (CH 066),'),
	(223, '5E7391', 577, 12, '1', 'EXPLO,VANESSA,TJ 107 (CH 107),SUMINISTROS'),
	(224, '5E7392', 577, 12, '1', 'EXPLO,VANESSA,TJ 107 (CH 107),SOSTENIMIENTO'),
	(225, '5E7393', 577, 12, '1', 'EXPLO,VANESSA,TJ 107 (CH 107),SERVICIO'),
	(226, '5E7394', 577, 12, '1', 'EXPLO,VANESSA,TJ 107 (CH 107),REHABILITACION'),
	(227, '5E7397', 577, 12, '1', 'EXPLO,VANESSA,TJ 107 (CH 107),REALCE'),
	(228, '5E7398', 577, 12, '1', 'EXPLO,VANESSA,TJ 107 (CH 107),'),
	(229, '4E4031', 272, 12, '2', 'OPERA,VANESSA,PQ 075 (CX 075 SW),SUMINISTROS'),
	(230, '4E4032', 272, 12, '2', 'OPERA,VANESSA,PQ 075 (CX 075 SW),SOSTENIMIENTO'),
	(231, '4E4033', 272, 12, '2', 'OPERA,VANESSA,PQ 075 (CX 075 SW),SERVICIO'),
	(232, '4E4034', 272, 12, '2', 'OPERA,VANESSA,PQ 075 (CX 075 SW),REHABILITACION'),
	(233, '4E3341', 56, 12, '2', 'OPERA,VANESSA,CH 075 (CX 075  SW),SUMINISTROS'),
	(234, '4E3342', 56, 12, '2', 'OPERA,VANESSA,CH 075 (CX 075  SW),SOSTENIMIENTO'),
	(235, '4E3343', 56, 12, '2', 'OPERA,VANESSA,CH 075 (CX 075  SW),SERVICIO'),
	(236, '4E3344', 56, 12, '2', 'OPERA,VANESSA,CH 075 (CX 075  SW),REHABILITACION'),
	(237, '5C7401', 620, 5, '1', 'EXPLO,CHAPI,TJ 862 NE (CH 862),SUMINISTROS'),
	(238, '5C7402', 620, 5, '1', 'EXPLO,CHAPI,TJ 862 NE (CH 862),SOSTENIMIENTO'),
	(239, '5C7403', 620, 5, '1', 'EXPLO,CHAPI,TJ 862 NE (CH 862),SERVICIO'),
	(240, '5C7404', 620, 5, '1', 'EXPLO,CHAPI,TJ 862 NE (CH 862),REHABILITACION'),
	(241, '5C7411', 621, 5, '1', 'EXPLO,CHAPI,TJ 862 SW (CH 862),SUMINISTROS'),
	(242, '5C7412', 621, 5, '1', 'EXPLO,CHAPI,TJ 862 SW (CH 862),SOSTENIMIENTO'),
	(243, '5C7413', 621, 5, '1', 'EXPLO,CHAPI,TJ 862 SW (CH 862),SERVICIO'),
	(244, '5C7414', 621, 5, '1', 'EXPLO,CHAPI,TJ 862 SW (CH 862),REHABILITACION'),
	(245, '4B4041', 269, 7, '2', 'OPERA,INKA,INCLI. 618 (SNV 615 SE),SUMINISTROS'),
	(246, '4B4042', 269, 7, '2', 'OPERA,INKA,INCLI. 618 (SNV 615 SE),SOSTENIMIENTO'),
	(247, '4B4043', 269, 7, '2', 'OPERA,INKA,INCLI. 618 (SNV 615 SE),SERVICIO'),
	(248, '4B4044', 269, 7, '2', 'OPERA,INKA,INCLI. 618 (SNV 615 SE),REHABILITACION'),
	(249, '4B8071', 25, 7, '2', 'OPERA,INKA,CAM 618 (SNV 615 SE),SUMINISTROS'),
	(250, '4B8072', 25, 7, '2', 'OPERA,INKA,CAM 618 (SNV 615 SE),SOSTENIMIENTO'),
	(251, '4B8073', 25, 7, '2', 'OPERA,INKA,CAM 618 (SNV 615 SE),SERVICIO'),
	(252, '4B8074', 25, 7, '2', 'OPERA,INKA,CAM 618 (SNV 615 SE),REHABILITACION'),
	(253, '4E3351', 54, 12, '2', 'OPERA,VANESSA,CH 073 (CX 074  SW),SUMINISTROS'),
	(254, '4E3352', 54, 12, '2', 'OPERA,VANESSA,CH 073 (CX 074  SW),SOSTENIMIENTO'),
	(255, '4E3353', 54, 12, '2', 'OPERA,VANESSA,CH 073 (CX 074  SW),SERVICIO'),
	(256, '4E3354', 54, 12, '2', 'OPERA,VANESSA,CH 073 (CX 074  SW),REHABILITACION'),
	(257, '5C7421', 622, 5, '1', 'EXPLO,CHAPI,TJ 862-1 NE (CH 862-1),SUMINISTROS'),
	(258, '5C7422', 622, 5, '1', 'EXPLO,CHAPI,TJ 862-1 NE (CH 862-1),SOSTENIMIENTO'),
	(259, '5C7423', 622, 5, '1', 'EXPLO,CHAPI,TJ 862-1 NE (CH 862-1),SERVICIO'),
	(260, '5C7424', 622, 5, '1', 'EXPLO,CHAPI,TJ 862-1 NE (CH 862-1),REHABILITACION'),
	(261, '5C7427', 622, 5, '1', 'EXPLO,CHAPI,TJ 862-1 NE (CH 862-1),REALCE'),
	(262, '5C7428', 622, 5, '1', 'EXPLO,CHAPI,TJ 862-1 NE (CH 862-1),'),
	(263, '5D7431', 584, 4, '1', 'EXPLO,CACHORRO,TJ 120 (CH 120),SUMINISTROS'),
	(264, '5D7432', 584, 4, '1', 'EXPLO,CACHORRO,TJ 120 (CH 120),SOSTENIMIENTO'),
	(265, '5D7433', 584, 4, '1', 'EXPLO,CACHORRO,TJ 120 (CH 120),SERVICIO'),
	(266, '5D7434', 584, 4, '1', 'EXPLO,CACHORRO,TJ 120 (CH 120),REHABILITACION'),
	(267, '5D7437', 584, 4, '1', 'EXPLO,CACHORRO,TJ 120 (CH 120),REALCE'),
	(268, '5D7438', 584, 4, '1', 'EXPLO,CACHORRO,TJ 120 (CH 120),'),
	(269, '3E5201', 321, 12, '2', 'PREPA,VANESSA,SNV 066 NE (CH 066),SUMINISTROS'),
	(270, '3E5202', 321, 12, '2', 'PREPA,VANESSA,SNV 066 NE (CH 066),SOSTENIMIENTO'),
	(271, '3E5203', 321, 12, '2', 'PREPA,VANESSA,SNV 066 NE (CH 066),SERVICIO'),
	(272, '3E5204', 321, 12, '2', 'PREPA,VANESSA,SNV 066 NE (CH 066),REHABILITACION'),
	(273, '2E5211', 368, 12, '2', 'DESAR,VANESSA,SNV 107 NE (CH 107),SUMINISTROS'),
	(274, '2E5212', 368, 12, '2', 'DESAR,VANESSA,SNV 107 NE (CH 107),SOSTENIMIENTO'),
	(275, '2E5213', 368, 12, '2', 'DESAR,VANESSA,SNV 107 NE (CH 107),SERVICIO'),
	(276, '2E5214', 368, 12, '2', 'DESAR,VANESSA,SNV 107 NE (CH 107),REHABILITACION'),
	(277, '5E7441', 548, 12, '1', 'EXPLO,VANESSA,TJ 054 (CH 044),SUMINISTROS'),
	(278, '5E7442', 548, 12, '1', 'EXPLO,VANESSA,TJ 054 (CH 044),SOSTENIMIENTO'),
	(279, '5E7443', 548, 12, '1', 'EXPLO,VANESSA,TJ 054 (CH 044),SERVICIO'),
	(280, '5E7444', 548, 12, '1', 'EXPLO,VANESSA,TJ 054 (CH 044),REHABILITACION'),
	(281, '5E7447', 548, 12, '1', 'EXPLO,VANESSA,TJ 054 (CH 044),REALCE'),
	(282, '5E7448', 548, 12, '1', 'EXPLO,VANESSA,TJ 054 (CH 044),'),
	(283, '5E7451', 549, 12, '1', 'EXPLO,VANESSA,TJ 055 (CH 044),SUMINISTROS'),
	(284, '5E7452', 549, 12, '1', 'EXPLO,VANESSA,TJ 055 (CH 044),SOSTENIMIENTO'),
	(285, '5E7453', 549, 12, '1', 'EXPLO,VANESSA,TJ 055 (CH 044),SERVICIO'),
	(286, '5E7454', 549, 12, '1', 'EXPLO,VANESSA,TJ 055 (CH 044),REHABILITACION'),
	(287, '5E7457', 549, 12, '1', 'EXPLO,VANESSA,TJ 055 (CH 044),REALCE'),
	(288, '5E7458', 549, 12, '1', 'EXPLO,VANESSA,TJ 055 (CH 044),'),
	(289, '5E7461', 567, 12, '1', 'EXPLO,VANESSA,TJ 076 (CH 066),SUMINISTROS'),
	(290, '5E7462', 567, 12, '1', 'EXPLO,VANESSA,TJ 076 (CH 066),SOSTENIMIENTO'),
	(291, '5E7463', 567, 12, '1', 'EXPLO,VANESSA,TJ 076 (CH 066),SERVICIO'),
	(292, '5E7464', 567, 12, '1', 'EXPLO,VANESSA,TJ 076 (CH 066),REHABILITACION'),
	(293, '5E7467', 567, 12, '1', 'EXPLO,VANESSA,TJ 076 (CH 066),REALCE'),
	(294, '5E7468', 567, 12, '1', 'EXPLO,VANESSA,TJ 076 (CH 066),'),
	(295, '4E6271', 220, 12, '2', 'OPERA,VANESSA,EST. 075 NW (CH 075),SUMINISTROS'),
	(296, '4E6272', 220, 12, '2', 'OPERA,VANESSA,EST. 075 NW (CH 075),SOSTENIMIENTO'),
	(297, '4E6273', 220, 12, '2', 'OPERA,VANESSA,EST. 075 NW (CH 075),SERVICIO'),
	(298, '4B6281', 217, 7, '2', 'OPERA,INKA,EST. 001 ( INCL 618),SUMINISTROS'),
	(299, '4B6282', 217, 7, '2', 'OPERA,INKA,EST. 001 ( INCL 618),SOSTENIMIENTO'),
	(300, '4B6283', 217, 7, '2', 'OPERA,INKA,EST. 001 ( INCL 618),SERVICIO'),
	(301, '5E7471', 579, 12, '1', 'EXPLO,VANESSA,TJ 107 SW (CH 107),SUMINISTROS'),
	(302, '5E7472', 579, 12, '1', 'EXPLO,VANESSA,TJ 107 SW (CH 107),SOSTENIMIENTO'),
	(303, '5E7473', 579, 12, '1', 'EXPLO,VANESSA,TJ 107 SW (CH 107),SERVICIO'),
	(304, '5E7474', 579, 12, '1', 'EXPLO,VANESSA,TJ 107 SW (CH 107),REHABILITACION'),
	(305, '5E7481', 578, 12, '1', 'EXPLO,VANESSA,TJ 107 NE (CH 107),SUMINISTROS'),
	(306, '5E7482', 578, 12, '1', 'EXPLO,VANESSA,TJ 107 NE (CH 107),SOSTENIMIENTO'),
	(307, '5E7483', 578, 12, '1', 'EXPLO,VANESSA,TJ 107 NE (CH 107),SERVICIO'),
	(308, '5E7484', 578, 12, '1', 'EXPLO,VANESSA,TJ 107 NE (CH 107),REHABILITACION'),
	(309, '5E7491', 572, 12, '1', 'EXPLO,VANESSA,TJ 091 SW (CH 091),SUMINISTROS'),
	(310, '5E7492', 572, 12, '1', 'EXPLO,VANESSA,TJ 091 SW (CH 091),SOSTENIMIENTO'),
	(311, '5E7493', 572, 12, '1', 'EXPLO,VANESSA,TJ 091 SW (CH 091),SERVICIO'),
	(312, '5E7494', 572, 12, '1', 'EXPLO,VANESSA,TJ 091 SW (CH 091),REHABILITACION'),
	(313, '5G7501', 574, 9, '1', 'EXPLO,MANUEL,TJ 100,SUMINISTROS'),
	(314, '5G7502', 574, 9, '1', 'EXPLO,MANUEL,TJ 100,SOSTENIMIENTO'),
	(315, '3E5221', 313, 12, '2', 'PREPA,VANESSA,SNV 040 SW (EST 140  S),SUMINISTROS'),
	(316, '3E5222', 313, 12, '2', 'PREPA,VANESSA,SNV 040 SW (EST 140  S),SOSTENIMIENTO'),
	(317, '3E5223', 313, 12, '2', 'PREPA,VANESSA,SNV 040 SW (EST 140  S),SERVICIO'),
	(318, '3E5224', 313, 12, '2', 'PREPA,VANESSA,SNV 040 SW (EST 140  S),REHABILITACION'),
	(319, '3E6291', 177, 12, '2', 'PREPA,VANESSA,EST 140 S (SNV 140 SW),SUMINISTROS'),
	(320, '3E6292', 177, 12, '2', 'PREPA,VANESSA,EST 140 S (SNV 140 SW),SOSTENIMIENTO'),
	(321, '3E6293', 177, 12, '2', 'PREPA,VANESSA,EST 140 S (SNV 140 SW),SERVICIO'),
	(322, '3E6294', 177, 12, '2', 'PREPA,VANESSA,EST 140 S (SNV 140 SW),REHABILITACION'),
	(323, '2E5231', 369, 12, '2', 'DESAR,VANESSA,SNV 107 SW (CH 107),SUMINISTROS'),
	(324, '2E5232', 369, 12, '2', 'DESAR,VANESSA,SNV 107 SW (CH 107),SOSTENIMIENTO'),
	(325, '2E5233', 369, 12, '2', 'DESAR,VANESSA,SNV 107 SW (CH 107),SERVICIO'),
	(326, '2E5234', 369, 12, '2', 'DESAR,VANESSA,SNV 107 SW (CH 107),REHABILITACION'),
	(327, '5E7511', 571, 12, '1', 'EXPLO,VANESSA,TJ 091 (CH091),SUMINISTROS'),
	(328, '5E7512', 571, 12, '1', 'EXPLO,VANESSA,TJ 091 (CH091),SOSTENIMIENTO'),
	(329, '5E7513', 571, 12, '1', 'EXPLO,VANESSA,TJ 091 (CH091),SERVICIO'),
	(330, '5E7514', 571, 12, '1', 'EXPLO,VANESSA,TJ 091 (CH091),REHABILITACION'),
	(331, '5E7521', 575, 12, '1', 'EXPLO,VANESSA,TJ 101 (CH091),SUMINISTROS'),
	(332, '5E7522', 575, 12, '1', 'EXPLO,VANESSA,TJ 101 (CH091),SOSTENIMIENTO'),
	(333, '5E7523', 575, 12, '1', 'EXPLO,VANESSA,TJ 101 (CH091),SERVICIO'),
	(334, '5E7524', 575, 12, '1', 'EXPLO,VANESSA,TJ 101 (CH091),REHABILITACION'),
	(335, '5E7531', 582, 12, '1', 'EXPLO,VANESSA,TJ 117 SW  (CH 091),SUMINISTROS'),
	(336, '5E7532', 582, 12, '1', 'EXPLO,VANESSA,TJ 117 SW  (CH 091),SOSTENIMIENTO'),
	(337, '5E7533', 582, 12, '1', 'EXPLO,VANESSA,TJ 117 SW  (CH 091),SERVICIO'),
	(338, '5E7534', 582, 12, '1', 'EXPLO,VANESSA,TJ 117 SW  (CH 091),REHABILITACION'),
	(339, '5E7541', 581, 12, '1', 'EXPLO,VANESSA,TJ 117 NE  (CH 107),SUMINISTROS'),
	(340, '5E7542', 581, 12, '1', 'EXPLO,VANESSA,TJ 117 NE  (CH 107),SOSTENIMIENTO'),
	(341, '5E7543', 581, 12, '1', 'EXPLO,VANESSA,TJ 117 NE  (CH 107),SERVICIO'),
	(342, '5E7544', 581, 12, '1', 'EXPLO,VANESSA,TJ 117 NE  (CH 107),REHABILITACION'),
	(343, '1C8081', 13, 5, '2', 'EXPLO,CHAPI,CAM 11,SUMINISTROS'),
	(344, '1C8082', 13, 5, '2', 'EXPLO,CHAPI,CAM 11,SOSTENIMIENTO'),
	(345, '1C8083', 13, 5, '2', 'EXPLO,CHAPI,CAM 11,SERVICIO'),
	(346, '1C8084', 13, 5, '2', 'EXPLO,CHAPI,CAM 11,REHABILITACION'),
	(347, '1H1121', 124, 11, '2', 'EXPLO,SHOJO,CX 010 SW (GAL 170 SW),SUMINISTROS'),
	(348, '1H1122', 124, 11, '2', 'EXPLO,SHOJO,CX 010 SW (GAL 170 SW),SOSTENIMIENTO'),
	(349, '1H1123', 124, 11, '2', 'EXPLO,SHOJO,CX 010 SW (GAL 170 SW),SERVICIO'),
	(350, '1H1124', 124, 11, '2', 'EXPLO,SHOJO,CX 010 SW (GAL 170 SW),REHABILITACION'),
	(351, '1H1126', 124, 11, '2', 'EXPLO,SHOJO,CX 010 SW (GAL 170 SW),REFUGIO'),
	(352, '5E7551', 580, 12, '1', 'EXPLO,VANESSA,TJ 111  (CH 091),SUMINISTROS'),
	(353, '5E7552', 580, 12, '1', 'EXPLO,VANESSA,TJ 111  (CH 091),SOSTENIMIENTO'),
	(354, '5E7553', 580, 12, '1', 'EXPLO,VANESSA,TJ 111  (CH 091),SERVICIO'),
	(355, '5E7554', 580, 12, '1', 'EXPLO,VANESSA,TJ 111  (CH 091),REHABILITACION'),
	(356, '5E7557', 580, 12, '1', 'EXPLO,VANESSA,TJ 111  (CH 091),REALCE'),
	(357, '5E7558', 580, 12, '1', 'EXPLO,VANESSA,TJ 111  (CH 091),'),
	(358, '5D8091', 10, 4, '2', 'EXPLO,CACHORRO,CAM 074 SE (EST 074 SE),SUMINISTROS'),
	(359, '5D8092', 10, 4, '2', 'EXPLO,CACHORRO,CAM 074 SE (EST 074 SE),SOSTENIMIENTO'),
	(360, '5D8093', 10, 4, '2', 'EXPLO,CACHORRO,CAM 074 SE (EST 074 SE),SERVICIO'),
	(361, '5D8094', 10, 4, '2', 'EXPLO,CACHORRO,CAM 074 SE (EST 074 SE),REHABILITACION'),
	(362, '3B5241', 445, 7, '2', 'PREPA,INKA,SNV 618 NW (INC 618 SE),SUMINISTROS'),
	(363, '3B5242', 445, 7, '2', 'PREPA,INKA,SNV 618 NW (INC 618 SE),SOSTENIMIENTO'),
	(364, '3B5243', 445, 7, '2', 'PREPA,INKA,SNV 618 NW (INC 618 SE),SERVICIO'),
	(365, '3B5244', 445, 7, '2', 'PREPA,INKA,SNV 618 NW (INC 618 SE),REHABILITACION'),
	(366, '3B5251', 446, 7, '2', 'PREPA,INKA,SNV 618 SE (INC 618 SE),SUMINISTROS'),
	(367, '3B5252', 446, 7, '2', 'PREPA,INKA,SNV 618 SE (INC 618 SE),SOSTENIMIENTO'),
	(368, '3B5253', 446, 7, '2', 'PREPA,INKA,SNV 618 SE (INC 618 SE),SERVICIO'),
	(369, '3B5254', 446, 7, '2', 'PREPA,INKA,SNV 618 SE (INC 618 SE),REHABILITACION'),
	(370, '1D3361', 120, 4, '2', 'EXPLO,CACHORRO,CH 994 (CX 010  SW),SUMINISTROS'),
	(371, '1D3362', 120, 4, '2', 'EXPLO,CACHORRO,CH 994 (CX 010  SW),SOSTENIMIENTO'),
	(372, '1D3363', 120, 4, '2', 'EXPLO,CACHORRO,CH 994 (CX 010  SW),SERVICIO'),
	(373, '1D3364', 120, 4, '2', 'EXPLO,CACHORRO,CH 994 (CX 010  SW),REHABILITACION'),
	(374, '2E6301', 161, 12, '2', 'DESAR,VANESSA,EST 075-1  SE (PQ  075),SUMINISTROS'),
	(375, '2E6302', 161, 12, '2', 'DESAR,VANESSA,EST 075-1  SE (PQ  075),SOSTENIMIENTO'),
	(376, '2E6303', 161, 12, '2', 'DESAR,VANESSA,EST 075-1  SE (PQ  075),SERVICIO'),
	(377, '2E6304', 161, 12, '2', 'DESAR,VANESSA,EST 075-1  SE (PQ  075),REHABILITACION'),
	(378, '3E5261', 316, 12, '2', 'PREPA,VANESSA,SNV 045 SW (TJ 045 SW),SUMINISTROS'),
	(379, '3E5262', 316, 12, '2', 'PREPA,VANESSA,SNV 045 SW (TJ 045 SW),SOSTENIMIENTO'),
	(380, '3E5263', 316, 12, '2', 'PREPA,VANESSA,SNV 045 SW (TJ 045 SW),SERVICIO'),
	(381, '3E5264', 316, 12, '2', 'PREPA,VANESSA,SNV 045 SW (TJ 045 SW),REHABILITACION'),
	(382, '1J5271', 516, 10, '2', 'EXPLO,PAMELA,SNV 994 SW (CH 994),SUMINISTROS'),
	(383, '1J5272', 516, 10, '2', 'EXPLO,PAMELA,SNV 994 SW (CH 994),SOSTENIMIENTO'),
	(384, '1J5273', 516, 10, '2', 'EXPLO,PAMELA,SNV 994 SW (CH 994),SERVICIO'),
	(385, '1J5274', 516, 10, '2', 'EXPLO,PAMELA,SNV 994 SW (CH 994),REHABILITACION'),
	(386, '1J5281', 515, 10, '2', 'EXPLO,PAMELA,SNV 994 NE (CH 994),SUMINISTROS'),
	(387, '1J5282', 515, 10, '2', 'EXPLO,PAMELA,SNV 994 NE (CH 994),SOSTENIMIENTO'),
	(388, '1J5283', 515, 10, '2', 'EXPLO,PAMELA,SNV 994 NE (CH 994),SERVICIO'),
	(389, '1J5284', 515, 10, '2', 'EXPLO,PAMELA,SNV 994 NE (CH 994),REHABILITACION'),
	(390, '5B7561', 600, 7, '1', 'EXPLO,INKA,TJ 618  SW (INCL 618 SE),SUMINISTROS'),
	(391, '5B7562', 600, 7, '1', 'EXPLO,INKA,TJ 618  SW (INCL 618 SE),SOSTENIMIENTO'),
	(392, '5B7563', 600, 7, '1', 'EXPLO,INKA,TJ 618  SW (INCL 618 SE),SERVICIO'),
	(393, '5B7564', 600, 7, '1', 'EXPLO,INKA,TJ 618  SW (INCL 618 SE),REHABILITACION'),
	(394, '5B7571', 599, 7, '1', 'EXPLO,INKA,TJ 618  NE (INCL 618 SE),SUMINISTROS'),
	(395, '5B7572', 599, 7, '1', 'EXPLO,INKA,TJ 618  NE (INCL 618 SE),SOSTENIMIENTO'),
	(396, '5B7573', 599, 7, '1', 'EXPLO,INKA,TJ 618  NE (INCL 618 SE),SERVICIO'),
	(397, '5B7574', 599, 7, '1', 'EXPLO,INKA,TJ 618  NE (INCL 618 SE),REHABILITACION'),
	(398, '3A5291', 442, 6, '2', 'PREPA,ESPERANZA,SNV 595 NE (CH 580-1),SUMINISTROS'),
	(399, '3A5292', 442, 6, '2', 'PREPA,ESPERANZA,SNV 595 NE (CH 580-1),SOSTENIMIENTO'),
	(400, '3A5293', 442, 6, '2', 'PREPA,ESPERANZA,SNV 595 NE (CH 580-1),SERVICIO'),
	(401, '3A5294', 442, 6, '2', 'PREPA,ESPERANZA,SNV 595 NE (CH 580-1),REHABILITACION'),
	(402, '3D5301', 361, 4, '2', 'PREPA,CACHORRO,SNV 094 SW (TJ 100),SUMINISTROS'),
	(403, '3D5302', 361, 4, '2', 'PREPA,CACHORRO,SNV 094 SW (TJ 100),SOSTENIMIENTO'),
	(404, '3D5303', 361, 4, '2', 'PREPA,CACHORRO,SNV 094 SW (TJ 100),SERVICIO'),
	(405, '3D5304', 361, 4, '2', 'PREPA,CACHORRO,SNV 094 SW (TJ 100),REHABILITACION'),
	(406, '2J2051', 232, 10, '2', 'DESAR,PAMELA,GAL 980 SW (CX 010 SW),SUMINISTROS'),
	(407, '2J2052', 232, 10, '2', 'DESAR,PAMELA,GAL 980 SW (CX 010 SW),SOSTENIMIENTO'),
	(408, '2J2053', 232, 10, '2', 'DESAR,PAMELA,GAL 980 SW (CX 010 SW),SERVICIO'),
	(409, '2J2054', 232, 10, '2', 'DESAR,PAMELA,GAL 980 SW (CX 010 SW),REHABILITACION'),
	(410, '3D5311', 387, 4, '2', 'PREPA,CACHORRO,SNV 125 NE (TJ 056),SUMINISTROS'),
	(411, '3D5312', 387, 4, '2', 'PREPA,CACHORRO,SNV 125 NE (TJ 056),SOSTENIMIENTO'),
	(412, '3D5313', 387, 4, '2', 'PREPA,CACHORRO,SNV 125 NE (TJ 056),SERVICIO'),
	(413, '3D5314', 387, 4, '2', 'PREPA,CACHORRO,SNV 125 NE (TJ 056),REHABILITACION'),
	(414, '3E5321', 355, 12, '2', 'PREPA,VANESSA,SNV 090 SW (EST  075 SE),SUMINISTROS'),
	(415, '3E5322', 355, 12, '2', 'PREPA,VANESSA,SNV 090 SW (EST  075 SE),SOSTENIMIENTO'),
	(416, '3E5323', 355, 12, '2', 'PREPA,VANESSA,SNV 090 SW (EST  075 SE),SERVICIO'),
	(417, '3E5324', 355, 12, '2', 'PREPA,VANESSA,SNV 090 SW (EST  075 SE),REHABILITACION'),
	(418, '3E5331', 353, 12, '2', 'PREPA,VANESSA,SNV 090 NE (EST  075 SE),SUMINISTROS'),
	(419, '3E5332', 353, 12, '2', 'PREPA,VANESSA,SNV 090 NE (EST  075 SE),SOSTENIMIENTO'),
	(420, '3E5333', 353, 12, '2', 'PREPA,VANESSA,SNV 090 NE (EST  075 SE),SERVICIO'),
	(421, '3E5334', 353, 12, '2', 'PREPA,VANESSA,SNV 090 NE (EST  075 SE),REHABILITACION'),
	(422, '4E3371', 38, 12, '2', 'OPERA,VANESSA,CH 044-1 (TJ 045 SW),SUMINISTROS'),
	(423, '4E3372', 38, 12, '2', 'OPERA,VANESSA,CH 044-1 (TJ 045 SW),SOSTENIMIENTO'),
	(424, '4E3373', 38, 12, '2', 'OPERA,VANESSA,CH 044-1 (TJ 045 SW),SERVICIO'),
	(425, '4E3374', 38, 12, '2', 'OPERA,VANESSA,CH 044-1 (TJ 045 SW),REHABILITACION'),
	(426, '3B3381', 84, 7, '2', 'PREPA,INKA,CH 605 (SNV 612-1 NW),SUMINISTROS'),
	(427, '3B3382', 84, 7, '2', 'PREPA,INKA,CH 605 (SNV 612-1 NW),SOSTENIMIENTO'),
	(428, '3B3383', 84, 7, '2', 'PREPA,INKA,CH 605 (SNV 612-1 NW),SERVICIO'),
	(429, '3B3384', 84, 7, '2', 'PREPA,INKA,CH 605 (SNV 612-1 NW),REHABILITACION'),
	(430, '5E7581', 566, 12, '1', 'EXPLO,VANESSA,TJ 076  (CH 053),SUMINISTROS'),
	(431, '5E7582', 566, 12, '1', 'EXPLO,VANESSA,TJ 076  (CH 053),SOSTENIMIENTO'),
	(432, '5E7583', 566, 12, '1', 'EXPLO,VANESSA,TJ 076  (CH 053),SERVICIO'),
	(433, '5E7584', 566, 12, '1', 'EXPLO,VANESSA,TJ 076  (CH 053),REHABILITACION'),
	(434, '3E3391', 66, 12, '2', 'PREPA,VANESSA,CH 091 (SNV 090 SW),SUMINISTROS'),
	(435, '3E3392', 66, 12, '2', 'PREPA,VANESSA,CH 091 (SNV 090 SW),SOSTENIMIENTO'),
	(436, '3E3393', 66, 12, '2', 'PREPA,VANESSA,CH 091 (SNV 090 SW),SERVICIO'),
	(437, '3E3394', 66, 12, '2', 'PREPA,VANESSA,CH 091 (SNV 090 SW),REHABILITACION'),
	(438, '1J1131', 147, 10, '2', 'EXPLO,PAMELA,CX 941 NW (GAL 980 SW),SUMINISTROS'),
	(439, '1J1132', 147, 10, '2', 'EXPLO,PAMELA,CX 941 NW (GAL 980 SW),SOSTENIMIENTO'),
	(440, '1J1133', 147, 10, '2', 'EXPLO,PAMELA,CX 941 NW (GAL 980 SW),SERVICIO'),
	(441, '1J1134', 147, 10, '2', 'EXPLO,PAMELA,CX 941 NW (GAL 980 SW),REHABILITACION'),
	(442, '1J8101', 11, 10, '2', 'EXPLO,PAMELA,CAM 08,SUMINISTROS'),
	(443, '1J8102', 11, 10, '2', 'EXPLO,PAMELA,CAM 08,SOSTENIMIENTO'),
	(444, '1J8103', 11, 10, '2', 'EXPLO,PAMELA,CAM 08,SERVICIO'),
	(445, '1J8104', 11, 10, '2', 'EXPLO,PAMELA,CAM 08,REHABILITACION'),
	(446, '1E6311', 168, 12, '2', 'EXPLO,VANESSA,EST 085 SE (SNV 090 NE),SUMINISTROS'),
	(447, '1E6312', 168, 12, '2', 'EXPLO,VANESSA,EST 085 SE (SNV 090 NE),SOSTENIMIENTO'),
	(448, '1E6313', 168, 12, '2', 'EXPLO,VANESSA,EST 085 SE (SNV 090 NE),SERVICIO'),
	(449, '1E6314', 168, 12, '2', 'EXPLO,VANESSA,EST 085 SE (SNV 090 NE),REHABILITACION'),
	(450, '2B5341', 452, 7, '2', 'DESAR,INKA,SNV 634 SE (H.P),SUMINISTROS'),
	(451, '2B5342', 452, 7, '2', 'DESAR,INKA,SNV 634 SE (H.P),SOSTENIMIENTO'),
	(452, '2B5343', 452, 7, '2', 'DESAR,INKA,SNV 634 SE (H.P),SERVICIO'),
	(453, '2B5344', 452, 7, '2', 'DESAR,INKA,SNV 634 SE (H.P),REHABILITACION'),
	(454, '2B5351', 451, 7, '2', 'DESAR,INKA,SNV 634 NW (H.P),SUMINISTROS'),
	(455, '2B5352', 451, 7, '2', 'DESAR,INKA,SNV 634 NW (H.P),SOSTENIMIENTO'),
	(456, '2B5353', 451, 7, '2', 'DESAR,INKA,SNV 634 NW (H.P),SERVICIO'),
	(457, '2B5354', 451, 7, '2', 'DESAR,INKA,SNV 634 NW (H.P),REHABILITACION'),
	(458, '2B3401', 88, 7, '2', 'DESAR,INKA,CH 638 (SNV 634 SE),SUMINISTROS'),
	(459, '2B3402', 88, 7, '2', 'DESAR,INKA,CH 638 (SNV 634 SE),SOSTENIMIENTO'),
	(460, '2B3403', 88, 7, '2', 'DESAR,INKA,CH 638 (SNV 634 SE),SERVICIO'),
	(461, '2B3404', 88, 7, '2', 'DESAR,INKA,CH 638 (SNV 634 SE),REHABILITACION'),
	(462, '5B7591', 603, 7, '1', 'EXPLO,INKA,TJ 626 NW  (CH 605),SUMINISTROS'),
	(463, '5B7592', 603, 7, '1', 'EXPLO,INKA,TJ 626 NW  (CH 605),SOSTENIMIENTO'),
	(464, '5B7593', 603, 7, '1', 'EXPLO,INKA,TJ 626 NW  (CH 605),SERVICIO'),
	(465, '5B7594', 603, 7, '1', 'EXPLO,INKA,TJ 626 NW  (CH 605),REHABILITACION'),
	(466, '5B7601', 604, 7, '1', 'EXPLO,INKA,TJ 626 SE  (CH 605),SUMINISTROS'),
	(467, '5B7602', 604, 7, '1', 'EXPLO,INKA,TJ 626 SE  (CH 605),SOSTENIMIENTO'),
	(468, '5B7603', 604, 7, '1', 'EXPLO,INKA,TJ 626 SE  (CH 605),SERVICIO'),
	(469, '5B7604', 604, 7, '1', 'EXPLO,INKA,TJ 626 SE  (CH 605),REHABILITACION'),
	(470, '4E6326', 165, 12, '2', 'OPERA,VANESSA,EST 077 SW (EST 075 1SE),REFUGIO'),
	(471, '2E5361', 388, 12, '2', 'DESAR,VANESSA,SNV 128 NE (TJ 117 NE),SUMINISTROS'),
	(472, '2E5362', 388, 12, '2', 'DESAR,VANESSA,SNV 128 NE (TJ 117 NE),SOSTENIMIENTO'),
	(473, '2E5363', 388, 12, '2', 'DESAR,VANESSA,SNV 128 NE (TJ 117 NE),SERVICIO'),
	(474, '2E5364', 388, 12, '2', 'DESAR,VANESSA,SNV 128 NE (TJ 117 NE),REHABILITACION'),
	(475, '2D3411', 29, 4, '2', 'DESAR,CACHORRO,CH 035 (SNV 125 NE),SUMINISTROS'),
	(476, '2D3412', 29, 4, '2', 'DESAR,CACHORRO,CH 035 (SNV 125 NE),SOSTENIMIENTO'),
	(477, '2D3413', 29, 4, '2', 'DESAR,CACHORRO,CH 035 (SNV 125 NE),SERVICIO'),
	(478, '2D3414', 29, 4, '2', 'DESAR,CACHORRO,CH 035 (SNV 125 NE),REHABILITACION'),
	(479, '3D5371', 366, 4, '2', 'PREPA,CACHORRO,SNV 102 SW (TJ 100 SW),SUMINISTROS'),
	(480, '3D5372', 366, 4, '2', 'PREPA,CACHORRO,SNV 102 SW (TJ 100 SW),SOSTENIMIENTO'),
	(481, '3D5373', 366, 4, '2', 'PREPA,CACHORRO,SNV 102 SW (TJ 100 SW),SERVICIO'),
	(482, '3D5374', 366, 4, '2', 'PREPA,CACHORRO,SNV 102 SW (TJ 100 SW),REHABILITACION'),
	(483, '5J1141', 149, 10, '2', 'EXPLO,PAMELA,CX 995 NW (GAL 980 SW),SUMINISTROS'),
	(484, '5J1142', 149, 10, '2', 'EXPLO,PAMELA,CX 995 NW (GAL 980 SW),SOSTENIMIENTO'),
	(485, '5J1143', 149, 10, '2', 'EXPLO,PAMELA,CX 995 NW (GAL 980 SW),SERVICIO'),
	(486, '5J1144', 149, 10, '2', 'EXPLO,PAMELA,CX 995 NW (GAL 980 SW),REHABILITACION'),
	(487, '2J3421', 117, 10, '2', 'DESAR,PAMELA,CH 959 (GAL 980 SW),SUMINISTROS'),
	(488, '2J3422', 117, 10, '2', 'DESAR,PAMELA,CH 959 (GAL 980 SW),SOSTENIMIENTO'),
	(489, '2J3423', 117, 10, '2', 'DESAR,PAMELA,CH 959 (GAL 980 SW),SERVICIO'),
	(490, '2J3424', 117, 10, '2', 'DESAR,PAMELA,CH 959 (GAL 980 SW),REHABILITACION'),
	(491, '3E5381', 372, 12, '2', 'PREPA,VANESSA,SNV 110 SW (TJ 045),SUMINISTROS'),
	(492, '3E5382', 372, 12, '2', 'PREPA,VANESSA,SNV 110 SW (TJ 045),SOSTENIMIENTO'),
	(493, '3E5383', 372, 12, '2', 'PREPA,VANESSA,SNV 110 SW (TJ 045),SERVICIO'),
	(494, '3E5384', 372, 12, '2', 'PREPA,VANESSA,SNV 110 SW (TJ 045),REHABILITACION'),
	(495, '3D5391', 370, 4, '2', 'PREPA,CACHORRO,SNV 107 SW (TJ 120),SUMINISTROS'),
	(496, '3D5392', 370, 4, '2', 'PREPA,CACHORRO,SNV 107 SW (TJ 120),SOSTENIMIENTO'),
	(497, '3D5393', 370, 4, '2', 'PREPA,CACHORRO,SNV 107 SW (TJ 120),SERVICIO'),
	(498, '3D5394', 370, 4, '2', 'PREPA,CACHORRO,SNV 107 SW (TJ 120),REHABILITACION'),
	(499, '2D6331', 170, 4, '2', 'DESAR,CACHORRO,EST 092 SW (GAL 170 SW),SUMINISTROS'),
	(500, '2D6332', 170, 4, '2', 'DESAR,CACHORRO,EST 092 SW (GAL 170 SW),SOSTENIMIENTO'),
	(501, '2D6333', 170, 4, '2', 'DESAR,CACHORRO,EST 092 SW (GAL 170 SW),SERVICIO'),
	(502, '2D6334', 170, 4, '2', 'DESAR,CACHORRO,EST 092 SW (GAL 170 SW),REHABILITACION'),
	(503, '3E3431', 46, 12, '2', 'PREPA,VANESSA,CH 064 (TJ 111),SUMINISTROS'),
	(504, '3E3432', 46, 12, '2', 'PREPA,VANESSA,CH 064 (TJ 111),SOSTENIMIENTO'),
	(505, '3E3433', 46, 12, '2', 'PREPA,VANESSA,CH 064 (TJ 111),SERVICIO'),
	(506, '3E3434', 46, 12, '2', 'PREPA,VANESSA,CH 064 (TJ 111),REHABILITACION'),
	(507, '3E3435', 46, 12, '2', 'PREPA,VANESSA,CH 064 (TJ 111),TOLVA'),
	(508, '2E5401', 356, 12, '2', 'DESAR,VANESSA,SNV 092 NE (EST 075-1 SE),SUMINISTROS'),
	(509, '2E5402', 356, 12, '2', 'DESAR,VANESSA,SNV 092 NE (EST 075-1 SE),SOSTENIMIENTO'),
	(510, '2E5403', 356, 12, '2', 'DESAR,VANESSA,SNV 092 NE (EST 075-1 SE),SERVICIO'),
	(511, '2E5404', 356, 12, '2', 'DESAR,VANESSA,SNV 092 NE (EST 075-1 SE),REHABILITACION'),
	(512, '2E5411', 357, 12, '2', 'DESAR,VANESSA,SNV 092 SW (EST 075-1 SE),SUMINISTROS'),
	(513, '2E5412', 357, 12, '2', 'DESAR,VANESSA,SNV 092 SW (EST 075-1 SE),SOSTENIMIENTO'),
	(514, '2E5413', 357, 12, '2', 'DESAR,VANESSA,SNV 092 SW (EST 075-1 SE),SERVICIO'),
	(515, '2E5414', 357, 12, '2', 'DESAR,VANESSA,SNV 092 SW (EST 075-1 SE),REHABILITACION'),
	(516, '2K5421', 346, 1, '2', 'DESAR,ALEXANDRA,SNV 087 SW (EST 092 SW),SUMINISTROS'),
	(517, '2K5422', 346, 1, '2', 'DESAR,ALEXANDRA,SNV 087 SW (EST 092 SW),SOSTENIMIENTO'),
	(518, '2K5423', 346, 1, '2', 'DESAR,ALEXANDRA,SNV 087 SW (EST 092 SW),SERVICIO'),
	(519, '2K5424', 346, 1, '2', 'DESAR,ALEXANDRA,SNV 087 SW (EST 092 SW),REHABILITACION'),
	(520, '4E9028', 686, 12, '2', 'OPERA,VANESSA,VNT. 117 NE (CH 107),'),
	(521, '4E5431', 383, 12, '2', 'OPERA,VANESSA,SNV 119 NE (TJ 076 NE),SUMINISTROS'),
	(522, '4E5432', 383, 12, '2', 'OPERA,VANESSA,SNV 119 NE (TJ 076 NE),SOSTENIMIENTO'),
	(523, '4E5433', 383, 12, '2', 'OPERA,VANESSA,SNV 119 NE (TJ 076 NE),SERVICIO'),
	(524, '4E5434', 383, 12, '2', 'OPERA,VANESSA,SNV 119 NE (TJ 076 NE),REHABILITACION'),
	(525, '3E3441', 42, 12, '2', 'PREPA,VANESSA,CH 055 -1(TJ 055 SW),SUMINISTROS'),
	(526, '3E3442', 42, 12, '2', 'PREPA,VANESSA,CH 055 -1(TJ 055 SW),SOSTENIMIENTO'),
	(527, '3E3443', 42, 12, '2', 'PREPA,VANESSA,CH 055 -1(TJ 055 SW),SERVICIO'),
	(528, '3E3444', 42, 12, '2', 'PREPA,VANESSA,CH 055 -1(TJ 055 SW),REHABILITACION'),
	(529, '1B2061', 123, 7, '2', 'EXPLO,INKA,COR 990,SUMINISTROS'),
	(530, '1B2062', 123, 7, '2', 'EXPLO,INKA,COR 990,SOSTENIMIENTO'),
	(531, '1B2063', 123, 7, '2', 'EXPLO,INKA,COR 990,SERVICIO'),
	(532, '1B2064', 123, 7, '2', 'EXPLO,INKA,COR 990,REHABILITACION'),
	(533, '3E5441', 390, 12, '2', 'PREPA,VANESSA,SNV 129 NE (TJ 055 SW),SUMINISTROS'),
	(534, '3E5442', 390, 12, '2', 'PREPA,VANESSA,SNV 129 NE (TJ 055 SW),SOSTENIMIENTO'),
	(535, '3E5443', 390, 12, '2', 'PREPA,VANESSA,SNV 129 NE (TJ 055 SW),SERVICIO'),
	(536, '3E5444', 390, 12, '2', 'PREPA,VANESSA,SNV 129 NE (TJ 055 SW),REHABILITACION'),
	(537, '3E3451', 69, 12, '2', 'PREPA,VANESSA,CH 091 (TJ 111 SW),SUMINISTROS'),
	(538, '3E3452', 69, 12, '2', 'PREPA,VANESSA,CH 091 (TJ 111 SW),SOSTENIMIENTO'),
	(539, '3E3453', 69, 12, '2', 'PREPA,VANESSA,CH 091 (TJ 111 SW),SERVICIO'),
	(540, '3E3454', 69, 12, '2', 'PREPA,VANESSA,CH 091 (TJ 111 SW),REHABILITACION'),
	(541, '2E5451', 409, 12, '2', 'DESAR,VANESSA,SNV 155 SW (TJ 111 SW),SUMINISTROS'),
	(542, '2E5452', 409, 12, '2', 'DESAR,VANESSA,SNV 155 SW (TJ 111 SW),SOSTENIMIENTO'),
	(543, '2E5453', 409, 12, '2', 'DESAR,VANESSA,SNV 155 SW (TJ 111 SW),SERVICIO'),
	(544, '2E5454', 409, 12, '2', 'DESAR,VANESSA,SNV 155 SW (TJ 111 SW),REHABILITACION'),
	(545, '3E3461', 45, 12, '2', 'PREPA,VANESSA,CH 064 (TJ 076 NE),SUMINISTROS'),
	(546, '3E3462', 45, 12, '2', 'PREPA,VANESSA,CH 064 (TJ 076 NE),SOSTENIMIENTO'),
	(547, '3E3463', 45, 12, '2', 'PREPA,VANESSA,CH 064 (TJ 076 NE),SERVICIO'),
	(548, '3E3464', 45, 12, '2', 'PREPA,VANESSA,CH 064 (TJ 076 NE),REHABILITACION'),
	(549, '5E7611', 585, 12, '1', 'EXPLO,VANESSA,TJ 121 SW  (CH 084),SUMINISTROS'),
	(550, '5E7612', 585, 12, '1', 'EXPLO,VANESSA,TJ 121 SW  (CH 084),SOSTENIMIENTO'),
	(551, '5E7613', 585, 12, '1', 'EXPLO,VANESSA,TJ 121 SW  (CH 084),SERVICIO'),
	(552, '5E7614', 585, 12, '1', 'EXPLO,VANESSA,TJ 121 SW  (CH 084),REHABILITACION'),
	(553, '5E7621', 587, 12, '1', 'EXPLO,VANESSA,TJ 127 SW  (CH 107),SUMINISTROS'),
	(554, '5E7622', 587, 12, '1', 'EXPLO,VANESSA,TJ 127 SW  (CH 107),SOSTENIMIENTO'),
	(555, '5E7623', 587, 12, '1', 'EXPLO,VANESSA,TJ 127 SW  (CH 107),SERVICIO'),
	(556, '5E7624', 587, 12, '1', 'EXPLO,VANESSA,TJ 127 SW  (CH 107),REHABILITACION'),
	(557, '5E7631', 586, 12, '1', 'EXPLO,VANESSA,TJ 127 NE  (CH 107),SUMINISTROS'),
	(558, '5E7632', 586, 12, '1', 'EXPLO,VANESSA,TJ 127 NE  (CH 107),SOSTENIMIENTO'),
	(559, '5E7633', 586, 12, '1', 'EXPLO,VANESSA,TJ 127 NE  (CH 107),SERVICIO'),
	(560, '5E7634', 586, 12, '1', 'EXPLO,VANESSA,TJ 127 NE  (CH 107),REHABILITACION'),
	(561, '5J7641', 616, 10, '1', 'EXPLO,PAMELA,TJ 800  (CH 994),SUMINISTROS'),
	(562, '5J7642', 616, 10, '1', 'EXPLO,PAMELA,TJ 800  (CH 994),SOSTENIMIENTO'),
	(563, '5J7643', 616, 10, '1', 'EXPLO,PAMELA,TJ 800  (CH 994),SERVICIO'),
	(564, '5J7644', 616, 10, '1', 'EXPLO,PAMELA,TJ 800  (CH 994),REHABILITACION'),
	(565, '1E6341', 172, 12, '2', 'EXPLO,VANESSA,EST 108 SE (SNV 090 NE),SUMINISTROS'),
	(566, '1E6342', 172, 12, '2', 'EXPLO,VANESSA,EST 108 SE (SNV 090 NE),SOSTENIMIENTO'),
	(567, '1E6343', 172, 12, '2', 'EXPLO,VANESSA,EST 108 SE (SNV 090 NE),SERVICIO'),
	(568, '1E6344', 172, 12, '2', 'EXPLO,VANESSA,EST 108 SE (SNV 090 NE),REHABILITACION'),
	(569, '4G5461', 378, 9, '2', 'OPERA,MANUEL,Snv 116 SE (Est 108 SE),SUMINISTROS'),
	(570, '4G5462', 378, 9, '2', 'OPERA,MANUEL,Snv 116 SE (Est 108 SE),SOSTENIMIENTO'),
	(571, '4G5463', 378, 9, '2', 'OPERA,MANUEL,Snv 116 SE (Est 108 SE),SERVICIO'),
	(572, '4D6356', 178, 4, '2', 'OPERA,CACHORRO,Est 155 NW (Cx 128 NE),REFUGIO'),
	(573, '2D1151', 129, 4, '2', 'DESAR,CACHORRO,Cx 155 NW (Cam 155),SUMINISTROS'),
	(574, '2D1152', 129, 4, '2', 'DESAR,CACHORRO,Cx 155 NW (Cam 155),SOSTENIMIENTO'),
	(575, '2D1153', 129, 4, '2', 'DESAR,CACHORRO,Cx 155 NW (Cam 155),SERVICIO'),
	(576, '2D1154', 129, 4, '2', 'DESAR,CACHORRO,Cx 155 NW (Cam 155),REHABILITACION'),
	(577, '2D1156', 129, 4, '2', 'DESAR,CACHORRO,Cx 155 NW (Cam 155),REFUGIO'),
	(578, '1E5471', 315, 12, '2', 'EXPLO,VANESSA,Snv 043 SE (Snv 129 SE),SUMINISTROS'),
	(579, '1E5472', 315, 12, '2', 'EXPLO,VANESSA,Snv 043 SE (Snv 129 SE),SOSTENIMIENTO'),
	(580, '1E5473', 315, 12, '2', 'EXPLO,VANESSA,Snv 043 SE (Snv 129 SE),SERVICIO'),
	(581, '1E5474', 315, 12, '2', 'EXPLO,VANESSA,Snv 043 SE (Snv 129 SE),REHABILITACION'),
	(582, '4A8111', 18, 6, '2', 'OPERA,ESPERANZA,Cam 155 (Est 155 NW),SUMINISTROS'),
	(583, '4A8112', 18, 6, '2', 'OPERA,ESPERANZA,Cam 155 (Est 155 NW),SOSTENIMIENTO'),
	(584, '4A8113', 18, 6, '2', 'OPERA,ESPERANZA,Cam 155 (Est 155 NW),SERVICIO'),
	(585, '4A8114', 18, 6, '2', 'OPERA,ESPERANZA,Cam 155 (Est 155 NW),REHABILITACION'),
	(586, '2E3471', 49, 12, '2', 'DESAR,VANESSA,Ch 066 (Snv 092 SW),SUMINISTROS'),
	(587, '2E3472', 49, 12, '2', 'DESAR,VANESSA,Ch 066 (Snv 092 SW),SOSTENIMIENTO'),
	(588, '2E3473', 49, 12, '2', 'DESAR,VANESSA,Ch 066 (Snv 092 SW),SERVICIO'),
	(589, '2E3474', 49, 12, '2', 'DESAR,VANESSA,Ch 066 (Snv 092 SW),REHABILITACION'),
	(590, '2E3475', 49, 12, '2', 'DESAR,VANESSA,Ch 066 (Snv 092 SW),TOLVA'),
	(591, '4EB021', 235, 12, '2', 'OPERA,VANESSA,Hp 004 ( Tj 117 NE ),SUMINISTROS'),
	(592, '4EB031', 236, 12, '2', 'OPERA,VANESSA,Hp 005 ( Tj 117 NE ),SUMINISTROS'),
	(593, '1E6361', 167, 12, '2', 'EXPLO,VANESSA,Est 080 SE (Snv 092 SW),SUMINISTROS'),
	(594, '1E6362', 167, 12, '2', 'EXPLO,VANESSA,Est 080 SE (Snv 092 SW),SOSTENIMIENTO'),
	(595, '1E6363', 167, 12, '2', 'EXPLO,VANESSA,Est 080 SE (Snv 092 SW),SERVICIO'),
	(596, '1E6364', 167, 12, '2', 'EXPLO,VANESSA,Est 080 SE (Snv 092 SW),REHABILITACION'),
	(597, '1E6371', 173, 12, '2', 'EXPLO,VANESSA,Est 109 NE (Est 108 SE),SUMINISTROS'),
	(598, '1E6372', 173, 12, '2', 'EXPLO,VANESSA,Est 109 NE (Est 108 SE),SOSTENIMIENTO'),
	(599, '1E6373', 173, 12, '2', 'EXPLO,VANESSA,Est 109 NE (Est 108 SE),SERVICIO'),
	(600, '1E6374', 173, 12, '2', 'EXPLO,VANESSA,Est 109 NE (Est 108 SE),REHABILITACION'),
	(601, '2F2071', 222, 2, '2', 'DESAR,ALONDRA,Gal 127 NE (Cx 171 NW),SUMINISTROS'),
	(602, '2F2072', 222, 2, '2', 'DESAR,ALONDRA,Gal 127 NE (Cx 171 NW),SOSTENIMIENTO'),
	(603, '2F2073', 222, 2, '2', 'DESAR,ALONDRA,Gal 127 NE (Cx 171 NW),SERVICIO'),
	(604, '2F2074', 222, 2, '2', 'DESAR,ALONDRA,Gal 127 NE (Cx 171 NW),REHABILITACION'),
	(605, '2F2076', 222, 2, '2', 'DESAR,ALONDRA,Gal 127 NE (Cx 171 NW),REFUGIO'),
	(606, '2G5481', 378, 9, '2', 'DESAR,MANUEL,Snv 116 SE (Est 108 SE),SUMINISTROS'),
	(607, '2G5482', 378, 9, '2', 'DESAR,MANUEL,Snv 116 SE (Est 108 SE),SOSTENIMIENTO'),
	(608, '2G5483', 378, 9, '2', 'DESAR,MANUEL,Snv 116 SE (Est 108 SE),SERVICIO'),
	(609, '2G5484', 378, 9, '2', 'DESAR,MANUEL,Snv 116 SE (Est 108 SE),REHABILITACION'),
	(610, '1J3481', 119, 10, '2', 'EXPLO,PAMELA,Ch 981 (Tj 800),SUMINISTROS'),
	(611, '1J3482', 119, 10, '2', 'EXPLO,PAMELA,Ch 981 (Tj 800),SOSTENIMIENTO'),
	(612, '1J3483', 119, 10, '2', 'EXPLO,PAMELA,Ch 981 (Tj 800),SERVICIO'),
	(613, '1J3484', 119, 10, '2', 'EXPLO,PAMELA,Ch 981 (Tj 800),REHABILITACION'),
	(614, '1J3485', 119, 10, '2', 'EXPLO,PAMELA,Ch 981 (Tj 800),TOLVA'),
	(615, '4EB041', 234, 12, '2', 'OPERA,VANESSA,Hp 002 ( Tj 117 NE ),SUMINISTROS'),
	(616, '3E3491', 36, 12, '2', 'PREPA,VANESSA,Ch 044 (Tj 055 SW),SUMINISTROS'),
	(617, '3E3492', 36, 12, '2', 'PREPA,VANESSA,Ch 044 (Tj 055 SW),SOSTENIMIENTO'),
	(618, '3E3493', 36, 12, '2', 'PREPA,VANESSA,Ch 044 (Tj 055 SW),SERVICIO'),
	(619, '3E3494', 36, 12, '2', 'PREPA,VANESSA,Ch 044 (Tj 055 SW),REHABILITACION'),
	(620, '3E3495', 36, 12, '2', 'PREPA,VANESSA,Ch 044 (Tj 055 SW),TOLVA'),
	(621, '4E9036', 646, 12, '2', 'OPERA,VANESSA,Ven 001 NE (Tj 091 SW),REFUGIO'),
	(622, '4E9046', 647, 12, '2', 'OPERA,VANESSA,Ven 002 SW (Tj 117 NE),REFUGIO'),
	(623, '5E7651', 590, 12, '1', 'EXPLO,VANESSA,Tj 137 SW  (Ch 107),SUMINISTROS'),
	(624, '5E7652', 590, 12, '1', 'EXPLO,VANESSA,Tj 137 SW  (Ch 107),SOSTENIMIENTO'),
	(625, '5E7653', 590, 12, '1', 'EXPLO,VANESSA,Tj 137 SW  (Ch 107),SERVICIO'),
	(626, '5E7654', 590, 12, '1', 'EXPLO,VANESSA,Tj 137 SW  (Ch 107),REHABILITACION'),
	(627, '5E7657', 590, 12, '1', 'EXPLO,VANESSA,Tj 137 SW  (Ch 107),REALCE'),
	(628, '5E7658', 590, 12, '1', 'EXPLO,VANESSA,Tj 137 SW  (Ch 107),'),
	(629, '5E7661', 589, 12, '1', 'EXPLO,VANESSA,Tj 137 NE  (Ch 107),SUMINISTROS'),
	(630, '5E7662', 589, 12, '1', 'EXPLO,VANESSA,Tj 137 NE  (Ch 107),SOSTENIMIENTO'),
	(631, '5E7663', 589, 12, '1', 'EXPLO,VANESSA,Tj 137 NE  (Ch 107),SERVICIO'),
	(632, '5E7664', 589, 12, '1', 'EXPLO,VANESSA,Tj 137 NE  (Ch 107),REHABILITACION'),
	(633, '5E7667', 589, 12, '1', 'EXPLO,VANESSA,Tj 137 NE  (Ch 107),REALCE'),
	(634, '5E7668', 589, 12, '1', 'EXPLO,VANESSA,Tj 137 NE  (Ch 107),'),
	(635, '2D5491', 364, 4, '2', 'DESAR,CACHORRO,Snv 102 NE (Est 075-1 SE),SUMINISTROS'),
	(636, '2D5492', 364, 4, '2', 'DESAR,CACHORRO,Snv 102 NE (Est 075-1 SE),SOSTENIMIENTO'),
	(637, '2D5493', 364, 4, '2', 'DESAR,CACHORRO,Snv 102 NE (Est 075-1 SE),SERVICIO'),
	(638, '2D5494', 364, 4, '2', 'DESAR,CACHORRO,Snv 102 NE (Est 075-1 SE),REHABILITACION'),
	(639, '2D5501', 365, 4, '2', 'DESAR,CACHORRO,Snv 102 SW (Est 075-1 SE),SUMINISTROS'),
	(640, '2D5502', 365, 4, '2', 'DESAR,CACHORRO,Snv 102 SW (Est 075-1 SE),SOSTENIMIENTO'),
	(641, '2D5503', 365, 4, '2', 'DESAR,CACHORRO,Snv 102 SW (Est 075-1 SE),SERVICIO'),
	(642, '2D5504', 365, 4, '2', 'DESAR,CACHORRO,Snv 102 SW (Est 075-1 SE),REHABILITACION'),
	(643, '2F2081', 223, 2, '2', 'DESAR,ALONDRA,Gal 127 SW (Cx 171 NW),SUMINISTROS'),
	(644, '2F2082', 223, 2, '2', 'DESAR,ALONDRA,Gal 127 SW (Cx 171 NW),SOSTENIMIENTO'),
	(645, '2F2083', 223, 2, '2', 'DESAR,ALONDRA,Gal 127 SW (Cx 171 NW),SERVICIO'),
	(646, '2F2084', 223, 2, '2', 'DESAR,ALONDRA,Gal 127 SW (Cx 171 NW),REHABILITACION'),
	(647, '2F2086', 223, 2, '2', 'DESAR,ALONDRA,Gal 127 SW (Cx 171 NW),REFUGIO'),
	(648, '4E3501', 32, 12, '2', 'OPERA,VANESSA,Ch 044 (Snv 140 SW),SUMINISTROS'),
	(649, '4E3502', 32, 12, '2', 'OPERA,VANESSA,Ch 044 (Snv 140 SW),SOSTENIMIENTO'),
	(650, '4E3503', 32, 12, '2', 'OPERA,VANESSA,Ch 044 (Snv 140 SW),SERVICIO'),
	(651, '4E3504', 32, 12, '2', 'OPERA,VANESSA,Ch 044 (Snv 140 SW),REHABILITACION'),
	(652, '4E3511', 37, 12, '2', 'OPERA,VANESSA,Ch 044-1 (Snv 123-1 SW),SUMINISTROS'),
	(653, '4E3512', 37, 12, '2', 'OPERA,VANESSA,Ch 044-1 (Snv 123-1 SW),SOSTENIMIENTO'),
	(654, '4E3513', 37, 12, '2', 'OPERA,VANESSA,Ch 044-1 (Snv 123-1 SW),SERVICIO'),
	(655, '4E3514', 37, 12, '2', 'OPERA,VANESSA,Ch 044-1 (Snv 123-1 SW),REHABILITACION'),
	(656, '4E9056', 648, 12, '2', 'OPERA,VANESSA,Ven 003 NE (Tj 101 SW),REFUGIO'),
	(657, '1E8121', 9, 12, '2', 'EXPLO,VANESSA,Cam 073 SE  (Snv 092 SW),SUMINISTROS'),
	(658, '1E8122', 9, 12, '2', 'EXPLO,VANESSA,Cam 073 SE  (Snv 092 SW),SOSTENIMIENTO'),
	(659, '1E8123', 9, 12, '2', 'EXPLO,VANESSA,Cam 073 SE  (Snv 092 SW),SERVICIO'),
	(660, '1E8124', 9, 12, '2', 'EXPLO,VANESSA,Cam 073 SE  (Snv 092 SW),REHABILITACION'),
	(661, '4E5511', 419, 12, '2', 'OPERA,VANESSA,Snv 167 SW (Tj 137 SW),SUMINISTROS'),
	(662, '4E5512', 419, 12, '2', 'OPERA,VANESSA,Snv 167 SW (Tj 137 SW),SOSTENIMIENTO'),
	(663, '4E5513', 419, 12, '2', 'OPERA,VANESSA,Snv 167 SW (Tj 137 SW),SERVICIO'),
	(664, '2C4051', 268, 5, '2', 'DESAR,CHAPI,Inc 875 SE (Snv 320 NE),SUMINISTROS'),
	(665, '2C4052', 268, 5, '2', 'DESAR,CHAPI,Inc 875 SE (Snv 320 NE),SOSTENIMIENTO'),
	(666, '2C4053', 268, 5, '2', 'DESAR,CHAPI,Inc 875 SE (Snv 320 NE),SERVICIO'),
	(667, '2C4054', 268, 5, '2', 'DESAR,CHAPI,Inc 875 SE (Snv 320 NE),REHABILITACION'),
	(668, '2C4055', 268, 5, '2', 'DESAR,CHAPI,Inc 875 SE (Snv 320 NE),TOLVA'),
	(669, '4C6386', 197, 5, '2', 'OPERA,CHAPI,Est 875 NW (Snv 320 NE),REFUGIO'),
	(670, '2E5521', 412, 12, '2', 'DESAR,VANESSA,Snv 160 SW (Ch 044),SUMINISTROS'),
	(671, '2E5522', 412, 12, '2', 'DESAR,VANESSA,Snv 160 SW (Ch 044),SOSTENIMIENTO'),
	(672, '2E5523', 412, 12, '2', 'DESAR,VANESSA,Snv 160 SW (Ch 044),SERVICIO'),
	(673, '2E5524', 412, 12, '2', 'DESAR,VANESSA,Snv 160 SW (Ch 044),REHABILITACION'),
	(674, '2E5531', 411, 12, '2', 'DESAR,VANESSA,Snv 160 NE (Ch 044),SUMINISTROS'),
	(675, '2E5532', 411, 12, '2', 'DESAR,VANESSA,Snv 160 NE (Ch 044),SOSTENIMIENTO'),
	(676, '2E5533', 411, 12, '2', 'DESAR,VANESSA,Snv 160 NE (Ch 044),SERVICIO'),
	(677, '2E5534', 411, 12, '2', 'DESAR,VANESSA,Snv 160 NE (Ch 044),REHABILITACION'),
	(678, '5E7671', 583, 12, '1', 'EXPLO,VANESSA,Tj 117 SW (Ch 107),SUMINISTROS'),
	(679, '5E7672', 583, 12, '1', 'EXPLO,VANESSA,Tj 117 SW (Ch 107),SOSTENIMIENTO'),
	(680, '5E7673', 583, 12, '1', 'EXPLO,VANESSA,Tj 117 SW (Ch 107),SERVICIO'),
	(681, '5E7674', 583, 12, '1', 'EXPLO,VANESSA,Tj 117 SW (Ch 107),REHABILITACION'),
	(682, '5E7677', 583, 12, '1', 'EXPLO,VANESSA,Tj 117 SW (Ch 107),REALCE'),
	(683, '5E7678', 583, 12, '1', 'EXPLO,VANESSA,Tj 117 SW (Ch 107),'),
	(684, '5E5541', 391, 12, '2', 'EXPLO,VANESSA,Snv 130 SW (Tj 101 SW),SUMINISTROS'),
	(685, '5E5542', 391, 12, '2', 'EXPLO,VANESSA,Snv 130 SW (Tj 101 SW),SOSTENIMIENTO'),
	(686, '5E5543', 391, 12, '2', 'EXPLO,VANESSA,Snv 130 SW (Tj 101 SW),SERVICIO'),
	(687, '5E5544', 391, 12, '2', 'EXPLO,VANESSA,Snv 130 SW (Tj 101 SW),REHABILITACION'),
	(688, '4E9066', 649, 12, '2', 'OPERA,VANESSA,Ven 004 NE (Tj 117 SW),REFUGIO'),
	(689, '1F8131', 12, 2, '2', 'EXPLO,ALONDRA,Cam 10 (Gal 127 NE),SUMINISTROS'),
	(690, '1F8132', 12, 2, '2', 'EXPLO,ALONDRA,Cam 10 (Gal 127 NE),SOSTENIMIENTO'),
	(691, '1F8133', 12, 2, '2', 'EXPLO,ALONDRA,Cam 10 (Gal 127 NE),SERVICIO'),
	(692, '1F8134', 12, 2, '2', 'EXPLO,ALONDRA,Cam 10 (Gal 127 NE),REHABILITACION'),
	(693, '2C5551', 432, 5, '2', 'DESAR,CHAPI,Snv 317 NE (Est 270-1 SE),SUMINISTROS'),
	(694, '2C5552', 432, 5, '2', 'DESAR,CHAPI,Snv 317 NE (Est 270-1 SE),SOSTENIMIENTO'),
	(695, '2C5553', 432, 5, '2', 'DESAR,CHAPI,Snv 317 NE (Est 270-1 SE),SERVICIO'),
	(696, '2C5554', 432, 5, '2', 'DESAR,CHAPI,Snv 317 NE (Est 270-1 SE),REHABILITACION'),
	(697, '3E5561', 410, 12, '2', 'PREPA,VANESSA,Snv 158 NE (Ch 044),SUMINISTROS'),
	(698, '3E5562', 410, 12, '2', 'PREPA,VANESSA,Snv 158 NE (Ch 044),SOSTENIMIENTO'),
	(699, '3E5563', 410, 12, '2', 'PREPA,VANESSA,Snv 158 NE (Ch 044),SERVICIO'),
	(700, '3E5564', 410, 12, '2', 'PREPA,VANESSA,Snv 158 NE (Ch 044),REHABILITACION'),
	(701, '4EB051', 237, 12, '2', 'OPERA,VANESSA,Hp 006 (Tj 117 NE),SUMINISTROS'),
	(702, '4EB052', 237, 12, '2', 'OPERA,VANESSA,Hp 006 (Tj 117 NE),SOSTENIMIENTO'),
	(703, '4EB053', 237, 12, '2', 'OPERA,VANESSA,Hp 006 (Tj 117 NE),SERVICIO'),
	(704, '4EB054', 237, 12, '2', 'OPERA,VANESSA,Hp 006 (Tj 117 NE),REHABILITACION'),
	(705, '5E7681', 557, 12, '1', 'EXPLO,VANESSA,Tj 065 SW (Ch 044),SUMINISTROS'),
	(706, '5E7682', 557, 12, '1', 'EXPLO,VANESSA,Tj 065 SW (Ch 044),SOSTENIMIENTO'),
	(707, '5E7683', 557, 12, '1', 'EXPLO,VANESSA,Tj 065 SW (Ch 044),SERVICIO'),
	(708, '5E7684', 557, 12, '1', 'EXPLO,VANESSA,Tj 065 SW (Ch 044),REHABILITACION'),
	(709, '3E3521', 59, 12, '2', 'PREPA,VANESSA,Ch 086 (Tj 091 SW),SUMINISTROS'),
	(710, '3E3522', 59, 12, '2', 'PREPA,VANESSA,Ch 086 (Tj 091 SW),SOSTENIMIENTO'),
	(711, '3E3523', 59, 12, '2', 'PREPA,VANESSA,Ch 086 (Tj 091 SW),SERVICIO'),
	(712, '3E3524', 59, 12, '2', 'PREPA,VANESSA,Ch 086 (Tj 091 SW),REHABILITACION'),
	(713, '3F5571', 437, 2, '2', 'PREPA,ALONDRA,Snv 3830 NE (Ch 133),SUMINISTROS'),
	(714, '3F5572', 437, 2, '2', 'PREPA,ALONDRA,Snv 3830 NE (Ch 133),SOSTENIMIENTO'),
	(715, '3F5573', 437, 2, '2', 'PREPA,ALONDRA,Snv 3830 NE (Ch 133),SERVICIO'),
	(716, '3F5574', 437, 2, '2', 'PREPA,ALONDRA,Snv 3830 NE (Ch 133),REHABILITACION'),
	(717, '3F5581', 438, 2, '2', 'PREPA,ALONDRA,Snv 3830 SW (Ch 133),SUMINISTROS'),
	(718, '3F5582', 438, 2, '2', 'PREPA,ALONDRA,Snv 3830 SW (Ch 133),SOSTENIMIENTO'),
	(719, '3F5583', 438, 2, '2', 'PREPA,ALONDRA,Snv 3830 SW (Ch 133),SERVICIO'),
	(720, '3F5584', 438, 2, '2', 'PREPA,ALONDRA,Snv 3830 SW (Ch 133),REHABILITACION'),
	(721, '5E7691', 573, 12, '1', 'EXPLO,VANESSA,Tj 097 NE (Ch 091),SUMINISTROS'),
	(722, '5E7692', 573, 12, '1', 'EXPLO,VANESSA,Tj 097 NE (Ch 091),SOSTENIMIENTO'),
	(723, '5E7693', 573, 12, '1', 'EXPLO,VANESSA,Tj 097 NE (Ch 091),SERVICIO'),
	(724, '5E7694', 573, 12, '1', 'EXPLO,VANESSA,Tj 097 NE (Ch 091),REHABILITACION'),
	(725, '5E7701', 570, 12, '1', 'EXPLO,VANESSA,Tj 081 SW (Ch 091),SUMINISTROS'),
	(726, '5E7702', 570, 12, '1', 'EXPLO,VANESSA,Tj 081 SW (Ch 091),SOSTENIMIENTO'),
	(727, '5E7703', 570, 12, '1', 'EXPLO,VANESSA,Tj 081 SW (Ch 091),SERVICIO'),
	(728, '5E7704', 570, 12, '1', 'EXPLO,VANESSA,Tj 081 SW (Ch 091),REHABILITACION'),
	(729, '3E5591', 373, 12, '2', 'PREPA,VANESSA,Snv 112 NE (Tj 066 NE),SUMINISTROS'),
	(730, '3E5592', 373, 12, '2', 'PREPA,VANESSA,Snv 112 NE (Tj 066 NE),SOSTENIMIENTO'),
	(731, '3E5593', 373, 12, '2', 'PREPA,VANESSA,Snv 112 NE (Tj 066 NE),SERVICIO'),
	(732, '3E5594', 373, 12, '2', 'PREPA,VANESSA,Snv 112 NE (Tj 066 NE),REHABILITACION'),
	(733, '5J7711', 613, 10, '1', 'EXPLO,PAMELA,Tj 790 SW (Ch 994),SUMINISTROS'),
	(734, '5J7712', 613, 10, '1', 'EXPLO,PAMELA,Tj 790 SW (Ch 994),SOSTENIMIENTO'),
	(735, '5J7713', 613, 10, '1', 'EXPLO,PAMELA,Tj 790 SW (Ch 994),SERVICIO'),
	(736, '5J7714', 613, 10, '1', 'EXPLO,PAMELA,Tj 790 SW (Ch 994),REHABILITACION'),
	(737, '4EB061', 238, 12, '2', 'OPERA,VANESSA,Hp 007 (Tj 066 NE),SUMINISTROS'),
	(738, '4EB062', 238, 12, '2', 'OPERA,VANESSA,Hp 007 (Tj 066 NE),SOSTENIMIENTO'),
	(739, '4EB063', 238, 12, '2', 'OPERA,VANESSA,Hp 007 (Tj 066 NE),SERVICIO'),
	(740, '4EB064', 238, 12, '2', 'OPERA,VANESSA,Hp 007 (Tj 066 NE),REHABILITACION'),
	(741, '2E5601', 393, 12, '2', 'DESAR,VANESSA,Snv 139 SW (Tj 101),SUMINISTROS'),
	(742, '2E5602', 393, 12, '2', 'DESAR,VANESSA,Snv 139 SW (Tj 101),SOSTENIMIENTO'),
	(743, '2E5603', 393, 12, '2', 'DESAR,VANESSA,Snv 139 SW (Tj 101),SERVICIO'),
	(744, '2E5604', 393, 12, '2', 'DESAR,VANESSA,Snv 139 SW (Tj 101),REHABILITACION'),
	(745, '4E9076', 650, 12, '2', 'OPERA,VANESSA,Ven 006  (Tj 127 SW),REFUGIO'),
	(746, '4EB071', 239, 12, '2', 'OPERA,VANESSA,Hp 008 (Tj 066 SW),SUMINISTROS'),
	(747, '2F1161', 130, 2, '2', 'DESAR,ALONDRA,Cx 169 NE (Gal 127 NE),SUMINISTROS'),
	(748, '2F1162', 130, 2, '2', 'DESAR,ALONDRA,Cx 169 NE (Gal 127 NE),SOSTENIMIENTO'),
	(749, '2F1163', 130, 2, '2', 'DESAR,ALONDRA,Cx 169 NE (Gal 127 NE),SERVICIO'),
	(750, '2F1164', 130, 2, '2', 'DESAR,ALONDRA,Cx 169 NE (Gal 127 NE),REHABILITACION'),
	(751, '2F1166', 130, 2, '2', 'DESAR,ALONDRA,Cx 169 NE (Gal 127 NE),REFUGIO'),
	(752, '1E6391', 174, 12, '2', 'EXPLO,VANESSA,Est 115 S (Tj 117 NE),SUMINISTROS'),
	(753, '1E6392', 174, 12, '2', 'EXPLO,VANESSA,Est 115 S (Tj 117 NE),SOSTENIMIENTO'),
	(754, '1E6393', 174, 12, '2', 'EXPLO,VANESSA,Est 115 S (Tj 117 NE),SERVICIO'),
	(755, '1E6394', 174, 12, '2', 'EXPLO,VANESSA,Est 115 S (Tj 117 NE),REHABILITACION'),
	(756, '2E5611', 377, 12, '2', 'DESAR,VANESSA,Snv 115 SW (Est 115 S),SUMINISTROS'),
	(757, '2E5612', 377, 12, '2', 'DESAR,VANESSA,Snv 115 SW (Est 115 S),SOSTENIMIENTO'),
	(758, '2E5613', 377, 12, '2', 'DESAR,VANESSA,Snv 115 SW (Est 115 S),SERVICIO'),
	(759, '2E5614', 377, 12, '2', 'DESAR,VANESSA,Snv 115 SW (Est 115 S),REHABILITACION'),
	(760, '2E5621', 376, 12, '2', 'DESAR,VANESSA,Snv 115 NE (Est 115 S),SUMINISTROS'),
	(761, '2E5622', 376, 12, '2', 'DESAR,VANESSA,Snv 115 NE (Est 115 S),SOSTENIMIENTO'),
	(762, '2E5623', 376, 12, '2', 'DESAR,VANESSA,Snv 115 NE (Est 115 S),SERVICIO'),
	(763, '2E5624', 376, 12, '2', 'DESAR,VANESSA,Snv 115 NE (Est 115 S),REHABILITACION'),
	(764, '4E9081', 651, 12, '2', 'OPERA,VANESSA,Ven 007 (Tj 081 SW),SUMINISTROS'),
	(765, '4E9082', 651, 12, '2', 'OPERA,VANESSA,Ven 007 (Tj 081 SW),SOSTENIMIENTO'),
	(766, '4E9083', 651, 12, '2', 'OPERA,VANESSA,Ven 007 (Tj 081 SW),SERVICIO'),
	(767, '4E9084', 651, 12, '2', 'OPERA,VANESSA,Ven 007 (Tj 081 SW),REHABILITACION'),
	(768, '4E9091', 652, 12, '2', 'OPERA,VANESSA,Ven 008 (Tj 066 NE),SUMINISTROS'),
	(769, '4E9092', 652, 12, '2', 'OPERA,VANESSA,Ven 008 (Tj 066 NE),SOSTENIMIENTO'),
	(770, '4E9093', 652, 12, '2', 'OPERA,VANESSA,Ven 008 (Tj 066 NE),SERVICIO'),
	(771, '4E9094', 652, 12, '2', 'OPERA,VANESSA,Ven 008 (Tj 066 NE),REHABILITACION'),
	(772, '5F8141', 15, 2, '2', 'EXPLO,ALONDRA,Cam 13 (Cx 109 NW),SUMINISTROS'),
	(773, '5F8142', 15, 2, '2', 'EXPLO,ALONDRA,Cam 13 (Cx 109 NW),SOSTENIMIENTO'),
	(774, '5F8143', 15, 2, '2', 'EXPLO,ALONDRA,Cam 13 (Cx 109 NW),SERVICIO'),
	(775, '5F8144', 15, 2, '2', 'EXPLO,ALONDRA,Cam 13 (Cx 109 NW),REHABILITACION'),
	(776, '5F1171', 128, 2, '2', 'EXPLO,ALONDRA,Cx 109 NW (Gal 127 SW),SUMINISTROS'),
	(777, '5F1172', 128, 2, '2', 'EXPLO,ALONDRA,Cx 109 NW (Gal 127 SW),SOSTENIMIENTO'),
	(778, '5F1173', 128, 2, '2', 'EXPLO,ALONDRA,Cx 109 NW (Gal 127 SW),SERVICIO'),
	(779, '5F1174', 128, 2, '2', 'EXPLO,ALONDRA,Cx 109 NW (Gal 127 SW),REHABILITACION'),
	(780, '2F2111', 224, 2, '2', 'DESAR,ALONDRA,Gal 192 NE (Cx 169 NE),SUMINISTROS'),
	(781, '2F2112', 224, 2, '2', 'DESAR,ALONDRA,Gal 192 NE (Cx 169 NE),SOSTENIMIENTO'),
	(782, '2F2113', 224, 2, '2', 'DESAR,ALONDRA,Gal 192 NE (Cx 169 NE),SERVICIO'),
	(783, '2F2114', 224, 2, '2', 'DESAR,ALONDRA,Gal 192 NE (Cx 169 NE),REHABILITACION'),
	(784, '4E9101', 681, 12, '2', 'OPERA,VANESSA,Ven 009 (Tj 790 SW),SUMINISTROS'),
	(785, '4E9102', 681, 12, '2', 'OPERA,VANESSA,Ven 009 (Tj 790 SW),SOSTENIMIENTO'),
	(786, '4E9103', 681, 12, '2', 'OPERA,VANESSA,Ven 009 (Tj 790 SW),SERVICIO'),
	(787, '4E9104', 681, 12, '2', 'OPERA,VANESSA,Ven 009 (Tj 790 SW),REHABILITACION'),
	(788, '4EB081', 240, 12, '2', 'OPERA,VANESSA,Hp 009 (Tj 117 NE),SUMINISTROS'),
	(789, '4EB082', 240, 12, '2', 'OPERA,VANESSA,Hp 009 (Tj 117 NE),SOSTENIMIENTO'),
	(790, '4EB083', 240, 12, '2', 'OPERA,VANESSA,Hp 009 (Tj 117 NE),SERVICIO'),
	(791, '4EB084', 240, 12, '2', 'OPERA,VANESSA,Hp 009 (Tj 117 NE),REHABILITACION'),
	(792, '2E5631', 379, 12, '2', 'DESAR,VANESSA,Snv 116 SW (Tj 066 NE),SUMINISTROS'),
	(793, '2E5632', 379, 12, '2', 'DESAR,VANESSA,Snv 116 SW (Tj 066 NE),SOSTENIMIENTO'),
	(794, '2E5633', 379, 12, '2', 'DESAR,VANESSA,Snv 116 SW (Tj 066 NE),SERVICIO'),
	(795, '2E5634', 379, 12, '2', 'DESAR,VANESSA,Snv 116 SW (Tj 066 NE),REHABILITACION'),
	(796, '2F5641', 439, 2, '2', 'DESAR,ALONDRA,Snv 3850 NE (Ch 133),SUMINISTROS'),
	(797, '2F5642', 439, 2, '2', 'DESAR,ALONDRA,Snv 3850 NE (Ch 133),SOSTENIMIENTO'),
	(798, '2F5643', 439, 2, '2', 'DESAR,ALONDRA,Snv 3850 NE (Ch 133),SERVICIO'),
	(799, '2F5644', 439, 2, '2', 'DESAR,ALONDRA,Snv 3850 NE (Ch 133),REHABILITACION'),
	(800, '2F5651', 440, 2, '2', 'DESAR,ALONDRA,Snv 3850 SW (Ch 133),SUMINISTROS'),
	(801, '2F5652', 440, 2, '2', 'DESAR,ALONDRA,Snv 3850 SW (Ch 133),SOSTENIMIENTO'),
	(802, '2F5653', 440, 2, '2', 'DESAR,ALONDRA,Snv 3850 SW (Ch 133),SERVICIO'),
	(803, '2F5654', 440, 2, '2', 'DESAR,ALONDRA,Snv 3850 SW (Ch 133),REHABILITACION'),
	(804, '4EB091', 241, 12, '2', 'OPERA,VANESSA,Hp 010 (Tj 066 NE),SUMINISTROS'),
	(805, '4EB092', 241, 12, '2', 'OPERA,VANESSA,Hp 010 (Tj 066 NE),SOSTENIMIENTO'),
	(806, '4EB093', 241, 12, '2', 'OPERA,VANESSA,Hp 010 (Tj 066 NE),SERVICIO'),
	(807, '4EB094', 241, 12, '2', 'OPERA,VANESSA,Hp 010 (Tj 066 NE),REHABILITACION'),
	(808, '4EB101', 242, 12, '2', 'OPERA,VANESSA,Hp 011 (Tj 066 NE),SUMINISTROS'),
	(809, '4EB102', 242, 12, '2', 'OPERA,VANESSA,Hp 011 (Tj 066 NE),SOSTENIMIENTO'),
	(810, '4EB103', 242, 12, '2', 'OPERA,VANESSA,Hp 011 (Tj 066 NE),SERVICIO'),
	(811, '4EB104', 242, 12, '2', 'OPERA,VANESSA,Hp 011 (Tj 066 NE),REHABILITACION'),
	(812, '4EB111', 243, 12, '2', 'OPERA,VANESSA,Hp 012 (Tj 066 NE),SUMINISTROS'),
	(813, '4EB112', 243, 12, '2', 'OPERA,VANESSA,Hp 012 (Tj 066 NE),SOSTENIMIENTO'),
	(814, '4EB113', 243, 12, '2', 'OPERA,VANESSA,Hp 012 (Tj 066 NE),SERVICIO'),
	(815, '4EB114', 243, 12, '2', 'OPERA,VANESSA,Hp 012 (Tj 066 NE),REHABILITACION'),
	(816, '4EB121', 244, 12, '2', 'OPERA,VANESSA,Hp 013 (Tj 066 SW),SUMINISTROS'),
	(817, '4EB122', 244, 12, '2', 'OPERA,VANESSA,Hp 013 (Tj 066 SW),SOSTENIMIENTO'),
	(818, '4EB123', 244, 12, '2', 'OPERA,VANESSA,Hp 013 (Tj 066 SW),SERVICIO'),
	(819, '4EB124', 244, 12, '2', 'OPERA,VANESSA,Hp 013 (Tj 066 SW),REHABILITACION'),
	(820, '4EB131', 245, 12, '2', 'OPERA,VANESSA,Hp 014 (Tj 066 SW),SUMINISTROS'),
	(821, '4EB132', 245, 12, '2', 'OPERA,VANESSA,Hp 014 (Tj 066 SW),SOSTENIMIENTO'),
	(822, '4EB133', 245, 12, '2', 'OPERA,VANESSA,Hp 014 (Tj 066 SW),SERVICIO'),
	(823, '4EB134', 245, 12, '2', 'OPERA,VANESSA,Hp 014 (Tj 066 SW),REHABILITACION'),
	(824, '4EB141', 246, 12, '2', 'OPERA,VANESSA,Hp 015 (Tj 066 SW),SUMINISTROS'),
	(825, '4EB142', 246, 12, '2', 'OPERA,VANESSA,Hp 015 (Tj 066 SW),SOSTENIMIENTO'),
	(826, '4EB143', 246, 12, '2', 'OPERA,VANESSA,Hp 015 (Tj 066 SW),SERVICIO'),
	(827, '4EB144', 246, 12, '2', 'OPERA,VANESSA,Hp 015 (Tj 066 SW),REHABILITACION'),
	(828, '4EB151', 247, 12, '2', 'OPERA,VANESSA,Hp 016 (Tj 117 NE),SUMINISTROS'),
	(829, '4EB152', 247, 12, '2', 'OPERA,VANESSA,Hp 016 (Tj 117 NE),SOSTENIMIENTO'),
	(830, '4EB153', 247, 12, '2', 'OPERA,VANESSA,Hp 016 (Tj 117 NE),SERVICIO'),
	(831, '4EB154', 247, 12, '2', 'OPERA,VANESSA,Hp 016 (Tj 117 NE),REHABILITACION'),
	(832, '4E9111', 682, 12, '2', 'OPERA,VANESSA,Ven 010 (Tj 066 SW),SUMINISTROS'),
	(833, '4E9112', 682, 12, '2', 'OPERA,VANESSA,Ven 010 (Tj 066 SW),SOSTENIMIENTO'),
	(834, '4E9113', 682, 12, '2', 'OPERA,VANESSA,Ven 010 (Tj 066 SW),SERVICIO'),
	(835, '4E9114', 682, 12, '2', 'OPERA,VANESSA,Ven 010 (Tj 066 SW),REHABILITACION'),
	(836, '4E9121', 683, 12, '2', 'OPERA,VANESSA,Ven 011 (Tj 066 NE),SUMINISTROS'),
	(837, '4E9122', 683, 12, '2', 'OPERA,VANESSA,Ven 011 (Tj 066 NE),SOSTENIMIENTO'),
	(838, '4E9123', 683, 12, '2', 'OPERA,VANESSA,Ven 011 (Tj 066 NE),SERVICIO'),
	(839, '4E9124', 683, 12, '2', 'OPERA,VANESSA,Ven 011 (Tj 066 NE),REHABILITACION'),
	(840, '3E5661', 389, 12, '2', 'PREPA,VANESSA,Snv 128 SW (Tj 117 SW),SUMINISTROS'),
	(841, '3E5662', 389, 12, '2', 'PREPA,VANESSA,Snv 128 SW (Tj 117 SW),SOSTENIMIENTO'),
	(842, '3E5663', 389, 12, '2', 'PREPA,VANESSA,Snv 128 SW (Tj 117 SW),SERVICIO'),
	(843, '3E5664', 389, 12, '2', 'PREPA,VANESSA,Snv 128 SW (Tj 117 SW),REHABILITACION'),
	(844, '2E5671', 375, 12, '2', 'DESAR,VANESSA,Snv 114 NE (Ven 011),SUMINISTROS'),
	(845, '2E5672', 375, 12, '2', 'DESAR,VANESSA,Snv 114 NE (Ven 011),SOSTENIMIENTO'),
	(846, '2E5673', 375, 12, '2', 'DESAR,VANESSA,Snv 114 NE (Ven 011),SERVICIO'),
	(847, '2E5674', 375, 12, '2', 'DESAR,VANESSA,Snv 114 NE (Ven 011),REHABILITACION'),
	(848, '4E9136', 684, 12, '2', 'OPERA,VANESSA,Ven 012 (Tj 097 NE),REFUGIO'),
	(849, '4E9131', 684, 12, '2', 'OPERA,VANESSA,Ven 012 (Tj 097 NE),SUMINISTROS'),
	(850, '4E9132', 684, 12, '2', 'OPERA,VANESSA,Ven 012 (Tj 097 NE),SOSTENIMIENTO'),
	(851, '2L4061', 275, 3, '2', 'DESAR,ANDREA,Pq 235 (Superf),SUMINISTROS'),
	(852, '2L4062', 275, 3, '2', 'DESAR,ANDREA,Pq 235 (Superf),SOSTENIMIENTO'),
	(853, '2L4063', 275, 3, '2', 'DESAR,ANDREA,Pq 235 (Superf),SERVICIO'),
	(854, '2L4064', 275, 3, '2', 'DESAR,ANDREA,Pq 235 (Superf),REHABILITACION'),
	(855, '2L4065', 275, 3, '2', 'DESAR,ANDREA,Pq 235 (Superf),TOLVA'),
	(856, '4EB161', 248, 12, '2', 'OPERA,VANESSA,Hp 017 (Tj 066 SW),SUMINISTROS'),
	(857, '4E9141', 685, 12, '2', 'OPERA,VANESSA,Ven 013 (Ch 107),SUMINISTROS'),
	(858, '4E9142', 685, 12, '2', 'OPERA,VANESSA,Ven 013 (Ch 107),SOSTENIMIENTO'),
	(859, '4E6401', 158, 12, '2', 'OPERA,VANESSA,Est 070  (Gal 150 SW),SUMINISTROS'),
	(860, '4E6402', 158, 12, '2', 'OPERA,VANESSA,Est 070  (Gal 150 SW),SOSTENIMIENTO'),
	(861, '4E6403', 158, 12, '2', 'OPERA,VANESSA,Est 070  (Gal 150 SW),SERVICIO'),
	(862, '4E6404', 158, 12, '2', 'OPERA,VANESSA,Est 070  (Gal 150 SW),REHABILITACION'),
	(863, '2L1181', 133, 3, '2', 'DESAR,ANDREA,Cx 199 NE (Cxl 169 NE),SUMINISTROS'),
	(864, '2L1182', 133, 3, '2', 'DESAR,ANDREA,Cx 199 NE (Cxl 169 NE),SOSTENIMIENTO'),
	(865, '2L1183', 133, 3, '2', 'DESAR,ANDREA,Cx 199 NE (Cxl 169 NE),SERVICIO'),
	(866, '2L1184', 133, 3, '2', 'DESAR,ANDREA,Cx 199 NE (Cxl 169 NE),REHABILITACION'),
	(867, '2L1186', 133, 3, '2', 'DESAR,ANDREA,Cx 199 NE (Cxl 169 NE),REFUGIO'),
	(868, '4E9161', 653, 12, '2', 'OPERA,VANESSA,Ven 014 (Tj 117 SW),SUMINISTROS'),
	(869, '4E9162', 653, 12, '2', 'OPERA,VANESSA,Ven 014 (Tj 117 SW),SOSTENIMIENTO'),
	(870, '4E9163', 653, 12, '2', 'OPERA,VANESSA,Ven 014 (Tj 117 SW),SERVICIO'),
	(871, '4E9164', 653, 12, '2', 'OPERA,VANESSA,Ven 014 (Tj 117 SW),REHABILITACION'),
	(872, '4E9171', 654, 12, '2', 'OPERA,VANESSA,Ven 015 (Tj 066 SW),SUMINISTROS'),
	(873, '4E9172', 654, 12, '2', 'OPERA,VANESSA,Ven 015 (Tj 066 SW),SOSTENIMIENTO'),
	(874, '4E9173', 654, 12, '2', 'OPERA,VANESSA,Ven 015 (Tj 066 SW),SERVICIO'),
	(875, '4E9174', 654, 12, '2', 'OPERA,VANESSA,Ven 015 (Tj 066 SW),REHABILITACION'),
	(876, '2L1191', 132, 3, '2', 'DESAR,ANDREA,Cx 199 NE (Cx 169 NE),SUMINISTROS'),
	(877, '2L1192', 132, 3, '2', 'DESAR,ANDREA,Cx 199 NE (Cx 169 NE),SOSTENIMIENTO'),
	(878, '2L1193', 132, 3, '2', 'DESAR,ANDREA,Cx 199 NE (Cx 169 NE),SERVICIO'),
	(879, '2L1194', 132, 3, '2', 'DESAR,ANDREA,Cx 199 NE (Cx 169 NE),REHABILITACION'),
	(880, '2L1196', 132, 3, '2', 'DESAR,ANDREA,Cx 199 NE (Cx 169 NE),REFUGIO'),
	(881, '2L9181', 677, 3, '2', 'DESAR,ANDREA,Ven 226 NE (Cx 219 SE),SUMINISTROS'),
	(882, '2L9182', 677, 3, '2', 'DESAR,ANDREA,Ven 226 NE (Cx 219 SE),SOSTENIMIENTO'),
	(883, '2L4071', 279, 3, '2', 'DESAR,ANDREA,Pq 228 (Ven 226 NE),SUMINISTROS'),
	(884, '2L4072', 279, 3, '2', 'DESAR,ANDREA,Pq 228 (Ven 226 NE),SOSTENIMIENTO'),
	(885, '2L4073', 279, 3, '2', 'DESAR,ANDREA,Pq 228 (Ven 226 NE),SERVICIO'),
	(886, '2L4074', 279, 3, '2', 'DESAR,ANDREA,Pq 228 (Ven 226 NE),REHABILITACION'),
	(887, '2L4075', 279, 3, '2', 'DESAR,ANDREA,Pq 228 (Ven 226 NE),TOLVA'),
	(888, '2L9191', 679, 3, '2', 'DESAR,ANDREA,Ven 254 SE (Cx 199 NE),SUMINISTROS'),
	(889, '2L9192', 679, 3, '2', 'DESAR,ANDREA,Ven 254 SE (Cx 199 NE),SOSTENIMIENTO'),
	(890, '2L4081', 280, 3, '2', 'DESAR,ANDREA,Pq 256 (Ven 254 SE),SUMINISTROS'),
	(891, '2L4082', 280, 3, '2', 'DESAR,ANDREA,Pq 256 (Ven 254 SE),SOSTENIMIENTO'),
	(892, '2L4083', 280, 3, '2', 'DESAR,ANDREA,Pq 256 (Ven 254 SE),SERVICIO'),
	(893, '2L4084', 280, 3, '2', 'DESAR,ANDREA,Pq 256 (Ven 254 SE),REHABILITACION'),
	(894, '2L4085', 280, 3, '2', 'DESAR,ANDREA,Pq 256 (Ven 254 SE),TOLVA'),
	(895, '2L1201', 137, 3, '2', 'DESAR,ANDREA,Cx 245 NW (Cx 199 NE),SUMINISTROS'),
	(896, '2L1202', 137, 3, '2', 'DESAR,ANDREA,Cx 245 NW (Cx 199 NE),SOSTENIMIENTO'),
	(897, '2L1203', 137, 3, '2', 'DESAR,ANDREA,Cx 245 NW (Cx 199 NE),SERVICIO'),
	(898, '2L1204', 137, 3, '2', 'DESAR,ANDREA,Cx 245 NW (Cx 199 NE),REHABILITACION'),
	(899, '2L1206', 137, 3, '2', 'DESAR,ANDREA,Cx 245 NW (Cx 199 NE),REFUGIO'),
	(900, '1L1211', 134, 3, '2', 'EXPLO,ANDREA,Cx 219 SE (Cx 199 NE),SUMINISTROS'),
	(901, '1L1212', 134, 3, '2', 'EXPLO,ANDREA,Cx 219 SE (Cx 199 NE),SOSTENIMIENTO'),
	(902, '1L1213', 134, 3, '2', 'EXPLO,ANDREA,Cx 219 SE (Cx 199 NE),SERVICIO'),
	(903, '1L1214', 134, 3, '2', 'EXPLO,ANDREA,Cx 219 SE (Cx 199 NE),REHABILITACION'),
	(904, '1L1216', 134, 3, '2', 'EXPLO,ANDREA,Cx 219 SE (Cx 199 NE),REFUGIO'),
	(905, '1L8151', 16, 3, '2', 'EXPLO,ANDREA,Cam 14 (Cx 225 SE),SUMINISTROS'),
	(906, '1L8152', 16, 3, '2', 'EXPLO,ANDREA,Cam 14 (Cx 225 SE),SOSTENIMIENTO'),
	(907, '1L8153', 16, 3, '2', 'EXPLO,ANDREA,Cam 14 (Cx 225 SE),SERVICIO'),
	(908, '1L8154', 16, 3, '2', 'EXPLO,ANDREA,Cam 14 (Cx 225 SE),REHABILITACION'),
	(909, '2E6411', 162, 12, '2', 'DESAR,VANESSA,Est 075-2 SE (Pq 075),SUMINISTROS'),
	(910, '2E6412', 162, 12, '2', 'DESAR,VANESSA,Est 075-2 SE (Pq 075),SOSTENIMIENTO'),
	(911, '2E6413', 162, 12, '2', 'DESAR,VANESSA,Est 075-2 SE (Pq 075),SERVICIO'),
	(912, '2E6414', 162, 12, '2', 'DESAR,VANESSA,Est 075-2 SE (Pq 075),REHABILITACION'),
	(913, '5E7721', 558, 12, '1', 'EXPLO,VANESSA,Tj 065 NE (Ch 044),SUMINISTROS'),
	(914, '5E7722', 558, 12, '1', 'EXPLO,VANESSA,Tj 065 NE (Ch 044),SOSTENIMIENTO'),
	(915, '5E7723', 558, 12, '1', 'EXPLO,VANESSA,Tj 065 NE (Ch 044),SERVICIO'),
	(916, '5E7724', 558, 12, '1', 'EXPLO,VANESSA,Tj 065 NE (Ch 044),REHABILITACION'),
	(917, '5E7727', 558, 12, '1', 'EXPLO,VANESSA,Tj 065 NE (Ch 044),REALCE'),
	(918, '5E7728', 558, 12, '1', 'EXPLO,VANESSA,Tj 065 NE (Ch 044),'),
	(919, '3E5681', 381, 12, '2', 'PREPA,VANESSA,Snv 118 NE (Ch 086),SUMINISTROS'),
	(920, '3E5682', 381, 12, '2', 'PREPA,VANESSA,Snv 118 NE (Ch 086),SOSTENIMIENTO'),
	(921, '3E5683', 381, 12, '2', 'PREPA,VANESSA,Snv 118 NE (Ch 086),SERVICIO'),
	(922, '3E5684', 381, 12, '2', 'PREPA,VANESSA,Snv 118 NE (Ch 086),REHABILITACION'),
	(923, '3E5691', 382, 12, '2', 'PREPA,VANESSA,Snv 118 SW (Ch 086),SUMINISTROS'),
	(924, '3E5692', 382, 12, '2', 'PREPA,VANESSA,Snv 118 SW (Ch 086),SOSTENIMIENTO'),
	(925, '3E5693', 382, 12, '2', 'PREPA,VANESSA,Snv 118 SW (Ch 086),SERVICIO'),
	(926, '3E5694', 382, 12, '2', 'PREPA,VANESSA,Snv 118 SW (Ch 086),REHABILITACION'),
	(927, '3F3541', 74, 2, '2', 'PREPA,ALONDRA,Ch 116 (Gal 127 SW),SUMINISTROS'),
	(928, '3F3542', 74, 2, '2', 'PREPA,ALONDRA,Ch 116 (Gal 127 SW),SOSTENIMIENTO'),
	(929, '3F3543', 74, 2, '2', 'PREPA,ALONDRA,Ch 116 (Gal 127 SW),SERVICIO'),
	(930, '3F3544', 74, 2, '2', 'PREPA,ALONDRA,Ch 116 (Gal 127 SW),REHABILITACION'),
	(931, '4E9201', 655, 12, '2', 'OPERA,VANESSA,Ven 016 (Tj 066 SW),SUMINISTROS'),
	(932, '4E9202', 655, 12, '2', 'OPERA,VANESSA,Ven 016 (Tj 066 SW),SOSTENIMIENTO'),
	(933, '4E9203', 655, 12, '2', 'OPERA,VANESSA,Ven 016 (Tj 066 SW),SERVICIO'),
	(934, '4E9204', 655, 12, '2', 'OPERA,VANESSA,Ven 016 (Tj 066 SW),REHABILITACION'),
	(935, '4E9211', 656, 12, '2', 'OPERA,VANESSA,Ven 017 (Tj 127 SW),SUMINISTROS'),
	(936, '4E9212', 656, 12, '2', 'OPERA,VANESSA,Ven 017 (Tj 127 SW),SOSTENIMIENTO'),
	(937, '4E9213', 656, 12, '2', 'OPERA,VANESSA,Ven 017 (Tj 127 SW),SERVICIO'),
	(938, '4E9214', 656, 12, '2', 'OPERA,VANESSA,Ven 017 (Tj 127 SW),REHABILITACION'),
	(939, '1F8161', 17, 2, '2', 'EXPLO,ALONDRA,Cam 15 (Snv 3850 SW),SUMINISTROS'),
	(940, '1F8162', 17, 2, '2', 'EXPLO,ALONDRA,Cam 15 (Snv 3850 SW),SOSTENIMIENTO'),
	(941, '1F8163', 17, 2, '2', 'EXPLO,ALONDRA,Cam 15 (Snv 3850 SW),SERVICIO'),
	(942, '1F8164', 17, 2, '2', 'EXPLO,ALONDRA,Cam 15 (Snv 3850 SW),REHABILITACION'),
	(943, '1F8171', 19, 2, '2', 'EXPLO,ALONDRA,Cam 16 (Cx 171 NW),SUMINISTROS'),
	(944, '1F8172', 19, 2, '2', 'EXPLO,ALONDRA,Cam 16 (Cx 171 NW),SOSTENIMIENTO'),
	(945, '1F8173', 19, 2, '2', 'EXPLO,ALONDRA,Cam 16 (Cx 171 NW),SERVICIO'),
	(946, '1F8174', 19, 2, '2', 'EXPLO,ALONDRA,Cam 16 (Cx 171 NW),REHABILITACION'),
	(947, '4E9221', 657, 12, '2', 'OPERA,VANESSA,Ven 018 (Tj 065 SW),SUMINISTROS'),
	(948, '4E9222', 657, 12, '2', 'OPERA,VANESSA,Ven 018 (Tj 065 SW),SOSTENIMIENTO'),
	(949, '4E9223', 657, 12, '2', 'OPERA,VANESSA,Ven 018 (Tj 065 SW),SERVICIO'),
	(950, '4E9224', 657, 12, '2', 'OPERA,VANESSA,Ven 018 (Tj 065 SW),REHABILITACION'),
	(951, '3E5701', 401, 12, '2', 'PREPA,VANESSA,Snv 145 NE (Tj 127 NE),SUMINISTROS'),
	(952, '3E5702', 401, 12, '2', 'PREPA,VANESSA,Snv 145 NE (Tj 127 NE),SOSTENIMIENTO'),
	(953, '3E5703', 401, 12, '2', 'PREPA,VANESSA,Snv 145 NE (Tj 127 NE),SERVICIO'),
	(954, '3E5704', 401, 12, '2', 'PREPA,VANESSA,Snv 145 NE (Tj 127 NE),REHABILITACION'),
	(955, '4E9231', 658, 12, '2', 'OPERA,VANESSA,Ven 019 (Tj 127 SW),SUMINISTROS'),
	(956, '4E9232', 658, 12, '2', 'OPERA,VANESSA,Ven 019 (Tj 127 SW),SOSTENIMIENTO'),
	(957, '4E9233', 658, 12, '2', 'OPERA,VANESSA,Ven 019 (Tj 127 SW),SERVICIO'),
	(958, '4E9234', 658, 12, '2', 'OPERA,VANESSA,Ven 019 (Tj 127 SW),REHABILITACION'),
	(959, '4E9241', 659, 12, '2', 'OPERA,VANESSA,Ven 020 (Tj 065 NE),SUMINISTROS'),
	(960, '4E9242', 659, 12, '2', 'OPERA,VANESSA,Ven 020 (Tj 065 NE),SOSTENIMIENTO'),
	(961, '4E9243', 659, 12, '2', 'OPERA,VANESSA,Ven 020 (Tj 065 NE),SERVICIO'),
	(962, '4E9244', 659, 12, '2', 'OPERA,VANESSA,Ven 020 (Tj 065 NE),REHABILITACION'),
	(963, '2L1221', 135, 3, '2', 'DESAR,ANDREA,Cx 225 SE (Cx 199 NE),SUMINISTROS'),
	(964, '2L1222', 135, 3, '2', 'DESAR,ANDREA,Cx 225 SE (Cx 199 NE),SOSTENIMIENTO'),
	(965, '2L1223', 135, 3, '2', 'DESAR,ANDREA,Cx 225 SE (Cx 199 NE),SERVICIO'),
	(966, '2L1224', 135, 3, '2', 'DESAR,ANDREA,Cx 225 SE (Cx 199 NE),REHABILITACION'),
	(967, '4L1231', 139, 3, '2', 'OPERA,ANDREA,Cx 253 NW (Cx 199 NE),SUMINISTROS'),
	(968, '4L1232', 139, 3, '2', 'OPERA,ANDREA,Cx 253 NW (Cx 199 NE),SOSTENIMIENTO'),
	(969, '4L1233', 139, 3, '2', 'OPERA,ANDREA,Cx 253 NW (Cx 199 NE),SERVICIO'),
	(970, '4L1234', 139, 3, '2', 'OPERA,ANDREA,Cx 253 NW (Cx 199 NE),REHABILITACION'),
	(971, '4L9251', 678, 3, '2', 'OPERA,ANDREA,Ven 252 NE (CX 253 NW),SUMINISTROS'),
	(972, '4L9252', 678, 3, '2', 'OPERA,ANDREA,Ven 252 NE (CX 253 NW),SOSTENIMIENTO'),
	(973, '4L9253', 678, 3, '2', 'OPERA,ANDREA,Ven 252 NE (CX 253 NW),SERVICIO'),
	(974, '4L9254', 678, 3, '2', 'OPERA,ANDREA,Ven 252 NE (CX 253 NW),REHABILITACION'),
	(975, '4L3551', 82, 3, '2', 'OPERA,ANDREA,Ch 256 (Ven 252 NW),SUMINISTROS'),
	(976, '4L3552', 82, 3, '2', 'OPERA,ANDREA,Ch 256 (Ven 252 NW),SOSTENIMIENTO'),
	(977, '4L3553', 82, 3, '2', 'OPERA,ANDREA,Ch 256 (Ven 252 NW),SERVICIO'),
	(978, '4L3554', 82, 3, '2', 'OPERA,ANDREA,Ch 256 (Ven 252 NW),REHABILITACION'),
	(979, '4L6421', 179, 3, '2', 'OPERA,ANDREA,Est 254 NW (Ch 256),SUMINISTROS'),
	(980, '4L6422', 179, 3, '2', 'OPERA,ANDREA,Est 254 NW (Ch 256),SOSTENIMIENTO'),
	(981, '4L6423', 179, 3, '2', 'OPERA,ANDREA,Est 254 NW (Ch 256),SERVICIO'),
	(982, '4L6424', 179, 3, '2', 'OPERA,ANDREA,Est 254 NW (Ch 256),REHABILITACION'),
	(983, '4L3561', 80, 3, '2', 'OPERA,ANDREA,Ch 250 (Cx 199 NE),SUMINISTROS'),
	(984, '4L3562', 80, 3, '2', 'OPERA,ANDREA,Ch 250 (Cx 199 NE),SOSTENIMIENTO'),
	(985, '4L3563', 80, 3, '2', 'OPERA,ANDREA,Ch 250 (Cx 199 NE),SERVICIO'),
	(986, '4L3564', 80, 3, '2', 'OPERA,ANDREA,Ch 250 (Cx 199 NE),REHABILITACION'),
	(987, '4EB171', 249, 12, '2', 'OPERA,VANESSA,Hp 018 (Tj 066 SW),SUMINISTROS'),
	(988, '4EB172', 249, 12, '2', 'OPERA,VANESSA,Hp 018 (Tj 066 SW),SOSTENIMIENTO'),
	(989, '4EB173', 249, 12, '2', 'OPERA,VANESSA,Hp 018 (Tj 066 SW),SERVICIO'),
	(990, '4EB174', 249, 12, '2', 'OPERA,VANESSA,Hp 018 (Tj 066 SW),REHABILITACION'),
	(991, '4EB181', 250, 12, '2', 'OPERA,VANESSA,Hp 019 (Tj 066 SW),SUMINISTROS'),
	(992, '4EB182', 250, 12, '2', 'OPERA,VANESSA,Hp 019 (Tj 066 SW),SOSTENIMIENTO'),
	(993, '4EB183', 250, 12, '2', 'OPERA,VANESSA,Hp 019 (Tj 066 SW),SERVICIO'),
	(994, '4EB184', 250, 12, '2', 'OPERA,VANESSA,Hp 019 (Tj 066 SW),REHABILITACION'),
	(995, '4EB191', 251, 12, '2', 'OPERA,VANESSA,Hp 020 (Tj 066 SW),SUMINISTROS'),
	(996, '4EB192', 251, 12, '2', 'OPERA,VANESSA,Hp 020 (Tj 066 SW),SOSTENIMIENTO'),
	(997, '4EB193', 251, 12, '2', 'OPERA,VANESSA,Hp 020 (Tj 066 SW),SERVICIO'),
	(998, '4EB194', 251, 12, '2', 'OPERA,VANESSA,Hp 020 (Tj 066 SW),REHABILITACION'),
	(999, '4EB201', 252, 12, '2', 'OPERA,VANESSA,Hp 021 (Tj 066 SW),SUMINISTROS'),
	(1000, '4EB202', 252, 12, '2', 'OPERA,VANESSA,Hp 021 (Tj 066 SW),SOSTENIMIENTO'),
	(1001, '4EB203', 252, 12, '2', 'OPERA,VANESSA,Hp 021 (Tj 066 SW),SERVICIO'),
	(1002, '4EB204', 252, 12, '2', 'OPERA,VANESSA,Hp 021 (Tj 066 SW),REHABILITACION'),
	(1003, '4EB211', 253, 12, '2', 'OPERA,VANESSA,Hp 022 (Tj 066 SW),SUMINISTROS'),
	(1004, '4EB212', 253, 12, '2', 'OPERA,VANESSA,Hp 022 (Tj 066 SW),SOSTENIMIENTO'),
	(1005, '4EB213', 253, 12, '2', 'OPERA,VANESSA,Hp 022 (Tj 066 SW),SERVICIO'),
	(1006, '4EB214', 253, 12, '2', 'OPERA,VANESSA,Hp 022 (Tj 066 SW),REHABILITACION'),
	(1007, '4EB221', 254, 12, '2', 'OPERA,VANESSA,Hp 023 (Tj 127 NE),SUMINISTROS'),
	(1008, '4EB222', 254, 12, '2', 'OPERA,VANESSA,Hp 023 (Tj 127 NE),SOSTENIMIENTO'),
	(1009, '4EB223', 254, 12, '2', 'OPERA,VANESSA,Hp 023 (Tj 127 NE),SERVICIO'),
	(1010, '4EB224', 254, 12, '2', 'OPERA,VANESSA,Hp 023 (Tj 127 NE),REHABILITACION'),
	(1011, '2E5711', 326, 12, '2', 'DESAR,VANESSA,Snv 070 NE (Est 075-2 SE),SUMINISTROS'),
	(1012, '2E5712', 326, 12, '2', 'DESAR,VANESSA,Snv 070 NE (Est 075-2 SE),SOSTENIMIENTO'),
	(1013, '2E5713', 326, 12, '2', 'DESAR,VANESSA,Snv 070 NE (Est 075-2 SE),SERVICIO'),
	(1014, '2E5714', 326, 12, '2', 'DESAR,VANESSA,Snv 070 NE (Est 075-2 SE),REHABILITACION'),
	(1015, '2E5721', 329, 12, '2', 'DESAR,VANESSA,Snv 070 SW (Est 075-2 SE),SUMINISTROS'),
	(1016, '2E5722', 329, 12, '2', 'DESAR,VANESSA,Snv 070 SW (Est 075-2 SE),SOSTENIMIENTO'),
	(1017, '2E5723', 329, 12, '2', 'DESAR,VANESSA,Snv 070 SW (Est 075-2 SE),SERVICIO'),
	(1018, '2E5724', 329, 12, '2', 'DESAR,VANESSA,Snv 070 SW (Est 075-2 SE),REHABILITACION'),
	(1019, '2L4091', 274, 3, '2', 'DESAR,ANDREA,Pq 234 (Sup),SUMINISTROS'),
	(1020, '2L4092', 274, 3, '2', 'DESAR,ANDREA,Pq 234 (Sup),SOSTENIMIENTO'),
	(1021, '2L4093', 274, 3, '2', 'DESAR,ANDREA,Pq 234 (Sup),SERVICIO'),
	(1022, '2L4094', 274, 3, '2', 'DESAR,ANDREA,Pq 234 (Sup),REHABILITACION'),
	(1023, '2L1241', 136, 3, '2', 'DESAR,ANDREA,Cx 236 SE (Pq 234),SUMINISTROS'),
	(1024, '2L1242', 136, 3, '2', 'DESAR,ANDREA,Cx 236 SE (Pq 234),SOSTENIMIENTO'),
	(1025, '2L1243', 136, 3, '2', 'DESAR,ANDREA,Cx 236 SE (Pq 234),SERVICIO'),
	(1026, '2L1244', 136, 3, '2', 'DESAR,ANDREA,Cx 236 SE (Pq 234),REHABILITACION'),
	(1027, '4L1251', 138, 3, '2', 'OPERA,ANDREA,Cx 248 SE (Cx 236 SE),SUMINISTROS'),
	(1028, '4L1252', 138, 3, '2', 'OPERA,ANDREA,Cx 248 SE (Cx 236 SE),SOSTENIMIENTO'),
	(1029, '4L1253', 138, 3, '2', 'OPERA,ANDREA,Cx 248 SE (Cx 236 SE),SERVICIO'),
	(1030, '4L1254', 138, 3, '2', 'OPERA,ANDREA,Cx 248 SE (Cx 236 SE),REHABILITACION'),
	(1031, '4L3571', 81, 3, '2', 'OPERA,ANDREA,Ch 256 (Cx 248 SE),SUMINISTROS'),
	(1032, '4L3572', 81, 3, '2', 'OPERA,ANDREA,Ch 256 (Cx 248 SE),SOSTENIMIENTO'),
	(1033, '4L3573', 81, 3, '2', 'OPERA,ANDREA,Ch 256 (Cx 248 SE),SERVICIO'),
	(1034, '4L3574', 81, 3, '2', 'OPERA,ANDREA,Ch 256 (Cx 248 SE),REHABILITACION'),
	(1035, '4E9261', 660, 12, '2', 'OPERA,VANESSA,Ven 021 (Tj 117 SW),SUMINISTROS'),
	(1036, '4E9262', 660, 12, '2', 'OPERA,VANESSA,Ven 021 (Tj 117 SW),SOSTENIMIENTO'),
	(1037, '4E9263', 660, 12, '2', 'OPERA,VANESSA,Ven 021 (Tj 117 SW),SERVICIO'),
	(1038, '4E9264', 660, 12, '2', 'OPERA,VANESSA,Ven 021 (Tj 117 SW),REHABILITACION'),
	(1039, '4E5731', 402, 12, '2', 'OPERA,VANESSA,Snv 145 NE (Tj 065 NE),SUMINISTROS'),
	(1040, '4E5732', 402, 12, '2', 'OPERA,VANESSA,Snv 145 NE (Tj 065 NE),SOSTENIMIENTO'),
	(1041, '4E5733', 402, 12, '2', 'OPERA,VANESSA,Snv 145 NE (Tj 065 NE),SERVICIO'),
	(1042, '4E5734', 402, 12, '2', 'OPERA,VANESSA,Snv 145 NE (Tj 065 NE),REHABILITACION'),
	(1043, '3E3581', 72, 12, '2', 'PREPA,VANESSA,Ch 095 (Tj 117 SW),SUMINISTROS'),
	(1044, '3E3582', 72, 12, '2', 'PREPA,VANESSA,Ch 095 (Tj 117 SW),SOSTENIMIENTO'),
	(1045, '3E3583', 72, 12, '2', 'PREPA,VANESSA,Ch 095 (Tj 117 SW),SERVICIO'),
	(1046, '3E3584', 72, 12, '2', 'PREPA,VANESSA,Ch 095 (Tj 117 SW),REHABILITACION'),
	(1047, '3E5741', 347, 12, '2', 'PREPA,VANESSA,Snv 088 NE (Est 075-2 SE),SUMINISTROS'),
	(1048, '3E5742', 347, 12, '2', 'PREPA,VANESSA,Snv 088 NE (Est 075-2 SE),SOSTENIMIENTO'),
	(1049, '3E5743', 347, 12, '2', 'PREPA,VANESSA,Snv 088 NE (Est 075-2 SE),SERVICIO'),
	(1050, '3E5744', 347, 12, '2', 'PREPA,VANESSA,Snv 088 NE (Est 075-2 SE),REHABILITACION'),
	(1051, '3E5751', 349, 12, '2', 'PREPA,VANESSA,Snv 088 SW (Est 075-2 SE),SUMINISTROS'),
	(1052, '3E5752', 349, 12, '2', 'PREPA,VANESSA,Snv 088 SW (Est 075-2 SE),SOSTENIMIENTO'),
	(1053, '3E5753', 349, 12, '2', 'PREPA,VANESSA,Snv 088 SW (Est 075-2 SE),SERVICIO'),
	(1054, '3E5754', 349, 12, '2', 'PREPA,VANESSA,Snv 088 SW (Est 075-2 SE),REHABILITACION'),
	(1055, '4E9271', 661, 12, '2', 'OPERA,VANESSA,Ven 022 (Tj 081 SW),SUMINISTROS'),
	(1056, '4E9272', 661, 12, '2', 'OPERA,VANESSA,Ven 022 (Tj 081 SW),SOSTENIMIENTO'),
	(1057, '4E9273', 661, 12, '2', 'OPERA,VANESSA,Ven 022 (Tj 081 SW),SERVICIO'),
	(1058, '4E9274', 661, 12, '2', 'OPERA,VANESSA,Ven 022 (Tj 081 SW),REHABILITACION'),
	(1059, '5C7731', 619, 5, '1', 'EXPLO,CHAPI,Tj 843 SW (Ch 843),SUMINISTROS'),
	(1060, '5C7732', 619, 5, '1', 'EXPLO,CHAPI,Tj 843 SW (Ch 843),SOSTENIMIENTO'),
	(1061, '5C7733', 619, 5, '1', 'EXPLO,CHAPI,Tj 843 SW (Ch 843),SERVICIO'),
	(1062, '5C7734', 619, 5, '1', 'EXPLO,CHAPI,Tj 843 SW (Ch 843),REHABILITACION'),
	(1063, '5C7741', 618, 5, '1', 'EXPLO,CHAPI,Tj 843 NE (Ch843),SUMINISTROS'),
	(1064, '5C7742', 618, 5, '1', 'EXPLO,CHAPI,Tj 843 NE (Ch843),SOSTENIMIENTO'),
	(1065, '5C7743', 618, 5, '1', 'EXPLO,CHAPI,Tj 843 NE (Ch843),SERVICIO'),
	(1066, '5C7744', 618, 5, '1', 'EXPLO,CHAPI,Tj 843 NE (Ch843),REHABILITACION'),
	(1067, '4E5761', 380, 12, '2', 'OPERA,VANESSA,Snv 117 NE (Ch 066),SUMINISTROS'),
	(1068, '4E5762', 380, 12, '2', 'OPERA,VANESSA,Snv 117 NE (Ch 066),SOSTENIMIENTO'),
	(1069, '4E5763', 380, 12, '2', 'OPERA,VANESSA,Snv 117 NE (Ch 066),SERVICIO'),
	(1070, '4E5764', 380, 12, '2', 'OPERA,VANESSA,Snv 117 NE (Ch 066),REHABILITACION'),
	(1071, '3E5771', 362, 12, '2', 'PREPA,VANESSA,Snv 095 SW (Ch 066),SUMINISTROS'),
	(1072, '3E5772', 362, 12, '2', 'PREPA,VANESSA,Snv 095 SW (Ch 066),SOSTENIMIENTO'),
	(1073, '3E5773', 362, 12, '2', 'PREPA,VANESSA,Snv 095 SW (Ch 066),SERVICIO'),
	(1074, '3E5774', 362, 12, '2', 'PREPA,VANESSA,Snv 095 SW (Ch 066),REHABILITACION'),
	(1075, '1C5781', 478, 5, '2', 'EXPLO,CHAPI,Snv 864 NE (TJ862 NE),SUMINISTROS'),
	(1076, '1C5782', 478, 5, '2', 'EXPLO,CHAPI,Snv 864 NE (TJ862 NE),SOSTENIMIENTO'),
	(1077, '1C5783', 478, 5, '2', 'EXPLO,CHAPI,Snv 864 NE (TJ862 NE),SERVICIO'),
	(1078, '1C5784', 478, 5, '2', 'EXPLO,CHAPI,Snv 864 NE (TJ862 NE),REHABILITACION'),
	(1079, '3E5791', 404, 12, '2', 'PREPA,VANESSA,Snv 150 NE (TJ065 NE),SUMINISTROS'),
	(1080, '3E5792', 404, 12, '2', 'PREPA,VANESSA,Snv 150 NE (TJ065 NE),SOSTENIMIENTO'),
	(1081, '3E5793', 404, 12, '2', 'PREPA,VANESSA,Snv 150 NE (TJ065 NE),SERVICIO'),
	(1082, '3E5794', 404, 12, '2', 'PREPA,VANESSA,Snv 150 NE (TJ065 NE),REHABILITACION'),
	(1083, '4E9281', 662, 12, '2', 'OPERA,VANESSA,Ven 023 (Tj 097 NE),SUMINISTROS'),
	(1084, '4E9282', 662, 12, '2', 'OPERA,VANESSA,Ven 023 (Tj 097 NE),SOSTENIMIENTO'),
	(1085, '4E9283', 662, 12, '2', 'OPERA,VANESSA,Ven 023 (Tj 097 NE),SERVICIO'),
	(1086, '4E9284', 662, 12, '2', 'OPERA,VANESSA,Ven 023 (Tj 097 NE),REHABILITACION'),
	(1087, '4L3591', 78, 3, '2', 'OPERA,ANDREA,Ch 225 (CX 225 SE),SUMINISTROS'),
	(1088, '4L3592', 78, 3, '2', 'OPERA,ANDREA,Ch 225 (CX 225 SE),SOSTENIMIENTO'),
	(1089, '4L3593', 78, 3, '2', 'OPERA,ANDREA,Ch 225 (CX 225 SE),SERVICIO'),
	(1090, '4L3594', 78, 3, '2', 'OPERA,ANDREA,Ch 225 (CX 225 SE),REHABILITACION'),
	(1091, '1G5801', 367, 9, '2', 'EXPLO,MANUEL,Snv 104 SE (Snv 070 NE),SUMINISTROS'),
	(1092, '1G5802', 367, 9, '2', 'EXPLO,MANUEL,Snv 104 SE (Snv 070 NE),SOSTENIMIENTO'),
	(1093, '1G5803', 367, 9, '2', 'EXPLO,MANUEL,Snv 104 SE (Snv 070 NE),SERVICIO'),
	(1094, '1G5804', 367, 9, '2', 'EXPLO,MANUEL,Snv 104 SE (Snv 070 NE),REHABILITACION'),
	(1095, '4E5811', 408, 12, '2', 'OPERA,VANESSA,Snv 154 NE (Tj 065 NE),SUMINISTROS'),
	(1096, '4E5812', 408, 12, '2', 'OPERA,VANESSA,Snv 154 NE (Tj 065 NE),SOSTENIMIENTO'),
	(1097, '4E5813', 408, 12, '2', 'OPERA,VANESSA,Snv 154 NE (Tj 065 NE),SERVICIO'),
	(1098, '4E5814', 408, 12, '2', 'OPERA,VANESSA,Snv 154 NE (Tj 065 NE),REHABILITACION'),
	(1099, '3L5821', 428, 3, '2', 'PREPA,ANDREA,Snv 256 SW (Est 255 SW),SUMINISTROS'),
	(1100, '3L5822', 428, 3, '2', 'PREPA,ANDREA,Snv 256 SW (Est 255 SW),SOSTENIMIENTO'),
	(1101, '3L5823', 428, 3, '2', 'PREPA,ANDREA,Snv 256 SW (Est 255 SW),SERVICIO'),
	(1102, '3L5824', 428, 3, '2', 'PREPA,ANDREA,Snv 256 SW (Est 255 SW),REHABILITACION'),
	(1103, '4L6431', 215, 3, '2', 'OPERA,ANDREA,Est 220 SW (Snv 256 SW),SUMINISTROS'),
	(1104, '4L6432', 215, 3, '2', 'OPERA,ANDREA,Est 220 SW (Snv 256 SW),SOSTENIMIENTO'),
	(1105, '4L6433', 215, 3, '2', 'OPERA,ANDREA,Est 220 SW (Snv 256 SW),SERVICIO'),
	(1106, '4L6434', 215, 3, '2', 'OPERA,ANDREA,Est 220 SW (Snv 256 SW),REHABILITACION'),
	(1107, '5L7751', 597, 3, '1', 'EXPLO,ANDREA,Tj 256 SW (Snv 256 SW),SUMINISTROS'),
	(1108, '5L7752', 597, 3, '1', 'EXPLO,ANDREA,Tj 256 SW (Snv 256 SW),SOSTENIMIENTO'),
	(1109, '5L7753', 597, 3, '1', 'EXPLO,ANDREA,Tj 256 SW (Snv 256 SW),SERVICIO'),
	(1110, '5L7754', 597, 3, '1', 'EXPLO,ANDREA,Tj 256 SW (Snv 256 SW),REHABILITACION'),
	(1111, '5F7761', 588, 2, '1', 'EXPLO,ALONDRA,Tj 133 SW (Ch 133),SUMINISTROS'),
	(1112, '5F7762', 588, 2, '1', 'EXPLO,ALONDRA,Tj 133 SW (Ch 133),SOSTENIMIENTO'),
	(1113, '5F7763', 588, 2, '1', 'EXPLO,ALONDRA,Tj 133 SW (Ch 133),SERVICIO'),
	(1114, '5F7764', 588, 2, '1', 'EXPLO,ALONDRA,Tj 133 SW (Ch 133),REHABILITACION'),
	(1115, '5F7771', 642, 2, '2', 'EXPLO,ALONDRA,Tj 133 NE (Ch 133),SUMINISTROS'),
	(1116, '5F7772', 642, 2, '2', 'EXPLO,ALONDRA,Tj 133 NE (Ch 133),SOSTENIMIENTO'),
	(1117, '5F7773', 642, 2, '2', 'EXPLO,ALONDRA,Tj 133 NE (Ch 133),SERVICIO'),
	(1118, '5F7774', 642, 2, '2', 'EXPLO,ALONDRA,Tj 133 NE (Ch 133),REHABILITACION'),
	(1119, '5G7781', 643, 9, '2', 'EXPLO,MANUEL,Tj 152 NE (Ch 152),SUMINISTROS'),
	(1120, '5G7782', 643, 9, '2', 'EXPLO,MANUEL,Tj 152 NE (Ch 152),SOSTENIMIENTO'),
	(1121, '5G7783', 643, 9, '2', 'EXPLO,MANUEL,Tj 152 NE (Ch 152),SERVICIO'),
	(1122, '5G7784', 643, 9, '2', 'EXPLO,MANUEL,Tj 152 NE (Ch 152),REHABILITACION'),
	(1123, '5G7791', 644, 9, '2', 'EXPLO,MANUEL,Tj 152 SW (Ch 152),SUMINISTROS'),
	(1124, '5G7792', 644, 9, '2', 'EXPLO,MANUEL,Tj 152 SW (Ch 152),SOSTENIMIENTO'),
	(1125, '5G7793', 644, 9, '2', 'EXPLO,MANUEL,Tj 152 SW (Ch 152),SERVICIO'),
	(1126, '5G7794', 644, 9, '2', 'EXPLO,MANUEL,Tj 152 SW (Ch 152),REHABILITACION'),
	(1127, '4E5831', 392, 12, '2', 'OPERA,VANESSA,Snv 135 SW (Ch 053),SUMINISTROS'),
	(1128, '4E5832', 392, 12, '2', 'OPERA,VANESSA,Snv 135 SW (Ch 053),SOSTENIMIENTO'),
	(1129, '4E5833', 392, 12, '2', 'OPERA,VANESSA,Snv 135 SW (Ch 053),SERVICIO'),
	(1130, '4E5834', 392, 12, '2', 'OPERA,VANESSA,Snv 135 SW (Ch 053),REHABILITACION'),
	(1131, '4C9291', 663, 5, '2', 'OPERA,CHAPI,Ven 024 (Tj 843 NE),SUMINISTROS'),
	(1132, '4C9292', 663, 5, '2', 'OPERA,CHAPI,Ven 024 (Tj 843 NE),SOSTENIMIENTO'),
	(1133, '4C9293', 663, 5, '2', 'OPERA,CHAPI,Ven 024 (Tj 843 NE),SERVICIO'),
	(1134, '4C9294', 663, 5, '2', 'OPERA,CHAPI,Ven 024 (Tj 843 NE),REHABILITACION'),
	(1135, '4E5841', 405, 12, '2', 'OPERA,VANESSA,Snv 150 NE (Tj 127 NE),SUMINISTROS'),
	(1136, '4E5842', 405, 12, '2', 'OPERA,VANESSA,Snv 150 NE (Tj 127 NE),SOSTENIMIENTO'),
	(1137, '4E5843', 405, 12, '2', 'OPERA,VANESSA,Snv 150 NE (Tj 127 NE),SERVICIO'),
	(1138, '4E5844', 405, 12, '2', 'OPERA,VANESSA,Snv 150 NE (Tj 127 NE),REHABILITACION'),
	(1139, '3E3601', 65, 12, '2', 'PREPA,VANESSA,Ch 091 (Snv 070 NE),SUMINISTROS'),
	(1140, '3E3602', 65, 12, '2', 'PREPA,VANESSA,Ch 091 (Snv 070 NE),SOSTENIMIENTO'),
	(1141, '3E3603', 65, 12, '2', 'PREPA,VANESSA,Ch 091 (Snv 070 NE),SERVICIO'),
	(1142, '3E3604', 65, 12, '2', 'PREPA,VANESSA,Ch 091 (Snv 070 NE),REHABILITACION'),
	(1143, '3C3611', 98, 5, '2', 'PREPA,CHAPI,Ch 843 (Snv 319 SW),SUMINISTROS'),
	(1144, '3C3612', 98, 5, '2', 'PREPA,CHAPI,Ch 843 (Snv 319 SW),SOSTENIMIENTO'),
	(1145, '3C3613', 98, 5, '2', 'PREPA,CHAPI,Ch 843 (Snv 319 SW),SERVICIO'),
	(1146, '3C3614', 98, 5, '2', 'PREPA,CHAPI,Ch 843 (Snv 319 SW),REHABILITACION'),
	(1147, '4C9301', 664, 5, '2', 'OPERA,CHAPI,Ven 025 (Tj 862 SW),SUMINISTROS'),
	(1148, '4C9302', 664, 5, '2', 'OPERA,CHAPI,Ven 025 (Tj 862 SW),SOSTENIMIENTO'),
	(1149, '4C9303', 664, 5, '2', 'OPERA,CHAPI,Ven 025 (Tj 862 SW),SERVICIO'),
	(1150, '4C9304', 664, 5, '2', 'OPERA,CHAPI,Ven 025 (Tj 862 SW),REHABILITACION'),
	(1151, '1G5851', 416, 9, '2', 'EXPLO,MANUEL,Snv 162 NE (Tj 152 NE),SUMINISTROS'),
	(1152, '1G5852', 416, 9, '2', 'EXPLO,MANUEL,Snv 162 NE (Tj 152 NE),SOSTENIMIENTO'),
	(1153, '1G5853', 416, 9, '2', 'EXPLO,MANUEL,Snv 162 NE (Tj 152 NE),SERVICIO'),
	(1154, '1G5854', 416, 9, '2', 'EXPLO,MANUEL,Snv 162 NE (Tj 152 NE),REHABILITACION'),
	(1155, '4EB231', 255, 12, '2', 'OPERA,VANESSA,Hp 024 (Tj 127 NE),SUMINISTROS'),
	(1156, '4EB232', 255, 12, '2', 'OPERA,VANESSA,Hp 024 (Tj 127 NE),SOSTENIMIENTO'),
	(1157, '4EB233', 255, 12, '2', 'OPERA,VANESSA,Hp 024 (Tj 127 NE),SERVICIO'),
	(1158, '4EB234', 255, 12, '2', 'OPERA,VANESSA,Hp 024 (Tj 127 NE),REHABILITACION'),
	(1159, '4E6441', 214, 12, '2', 'OPERA,VANESSA,Est 076 SW (Est 075-2 SE),SUMINISTROS'),
	(1160, '4E6442', 214, 12, '2', 'OPERA,VANESSA,Est 076 SW (Est 075-2 SE),SOSTENIMIENTO'),
	(1161, '4E6443', 214, 12, '2', 'OPERA,VANESSA,Est 076 SW (Est 075-2 SE),SERVICIO'),
	(1162, '4E6444', 214, 12, '2', 'OPERA,VANESSA,Est 076 SW (Est 075-2 SE),REHABILITACION'),
	(1163, '2E5861', 333, 12, '2', 'DESAR,VANESSA,Snv 073 SW (Tj 081 SW),SUMINISTROS'),
	(1164, '2E5862', 333, 12, '2', 'DESAR,VANESSA,Snv 073 SW (Tj 081 SW),SOSTENIMIENTO'),
	(1165, '2E5863', 333, 12, '2', 'DESAR,VANESSA,Snv 073 SW (Tj 081 SW),SERVICIO'),
	(1166, '2E5864', 333, 12, '2', 'DESAR,VANESSA,Snv 073 SW (Tj 081 SW),REHABILITACION'),
	(1167, '4E9311', 665, 12, '2', 'OPERA,VANESSA,Ven 026 (Tj 055 SW),SUMINISTROS'),
	(1168, '4E9312', 665, 12, '2', 'OPERA,VANESSA,Ven 026 (Tj 055 SW),SOSTENIMIENTO'),
	(1169, '4E9313', 665, 12, '2', 'OPERA,VANESSA,Ven 026 (Tj 055 SW),SERVICIO'),
	(1170, '4E9314', 665, 12, '2', 'OPERA,VANESSA,Ven 026 (Tj 055 SW),REHABILITACION'),
	(1171, '2E5871', 371, 12, '2', 'DESAR,VANESSA,Snv 108 NE (Tj 097 NE),SUMINISTROS'),
	(1172, '2E5872', 371, 12, '2', 'DESAR,VANESSA,Snv 108 NE (Tj 097 NE),SOSTENIMIENTO'),
	(1173, '2E5873', 371, 12, '2', 'DESAR,VANESSA,Snv 108 NE (Tj 097 NE),SERVICIO'),
	(1174, '2E5874', 371, 12, '2', 'DESAR,VANESSA,Snv 108 NE (Tj 097 NE),REHABILITACION'),
	(1175, '1G3621', 77, 9, '2', 'EXPLO,MANUEL,Ch 159 (Tj 152 NE),SUMINISTROS'),
	(1176, '1G3622', 77, 9, '2', 'EXPLO,MANUEL,Ch 159 (Tj 152 NE),SOSTENIMIENTO'),
	(1177, '1G3623', 77, 9, '2', 'EXPLO,MANUEL,Ch 159 (Tj 152 NE),SERVICIO'),
	(1178, '1G3624', 77, 9, '2', 'EXPLO,MANUEL,Ch 159 (Tj 152 NE),REHABILITACION'),
	(1179, '3E5881', 330, 12, '2', 'PREPA,VANESSA,Snv 072 NE (Tj 097 NE),SUMINISTROS'),
	(1180, '3E5882', 330, 12, '2', 'PREPA,VANESSA,Snv 072 NE (Tj 097 NE),SOSTENIMIENTO'),
	(1181, '3E5883', 330, 12, '2', 'PREPA,VANESSA,Snv 072 NE (Tj 097 NE),SERVICIO'),
	(1182, '3E5884', 330, 12, '2', 'PREPA,VANESSA,Snv 072 NE (Tj 097 NE),REHABILITACION'),
	(1183, '5E7801', 641, 12, '2', 'EXPLO,VANESSA,Tj 087 NE  (Ch 091),SUMINISTROS'),
	(1184, '5E7802', 641, 12, '2', 'EXPLO,VANESSA,Tj 087 NE  (Ch 091),SOSTENIMIENTO'),
	(1185, '5E7803', 641, 12, '2', 'EXPLO,VANESSA,Tj 087 NE  (Ch 091),SERVICIO'),
	(1186, '5E7804', 641, 12, '2', 'EXPLO,VANESSA,Tj 087 NE  (Ch 091),REHABILITACION'),
	(1187, '3C5891', 477, 5, '2', 'PREPA,CHAPI,Snv 862 SW (Tj 862 SW),SUMINISTROS'),
	(1188, '3C5892', 477, 5, '2', 'PREPA,CHAPI,Snv 862 SW (Tj 862 SW),SOSTENIMIENTO'),
	(1189, '3C5893', 477, 5, '2', 'PREPA,CHAPI,Snv 862 SW (Tj 862 SW),SERVICIO'),
	(1190, '3C5894', 477, 5, '2', 'PREPA,CHAPI,Snv 862 SW (Tj 862 SW),REHABILITACION'),
	(1191, '4E9321', 666, 12, '2', 'OPERA,VANESSA,Ven 027 (Tj 055 SW),SUMINISTROS'),
	(1192, '4E9322', 666, 12, '2', 'OPERA,VANESSA,Ven 027 (Tj 055 SW),SOSTENIMIENTO'),
	(1193, '4E9323', 666, 12, '2', 'OPERA,VANESSA,Ven 027 (Tj 055 SW),SERVICIO'),
	(1194, '4E9324', 666, 12, '2', 'OPERA,VANESSA,Ven 027 (Tj 055 SW),REHABILITACION'),
	(1195, '5E7811', 640, 12, '2', 'EXPLO,VANESSA,Tj 071 SW  (Ch 091),SUMINISTROS'),
	(1196, '5E7812', 640, 12, '2', 'EXPLO,VANESSA,Tj 071 SW  (Ch 091),SOSTENIMIENTO'),
	(1197, '5E7813', 640, 12, '2', 'EXPLO,VANESSA,Tj 071 SW  (Ch 091),SERVICIO'),
	(1198, '5E7814', 640, 12, '2', 'EXPLO,VANESSA,Tj 071 SW  (Ch 091),REHABILITACION'),
	(1199, '4EP011', 285, 12, '2', 'OPERA,VANESSA,Pz 076 (Est 076 SW),SUMINISTROS'),
	(1200, '4EP012', 285, 12, '2', 'OPERA,VANESSA,Pz 076 (Est 076 SW),SOSTENIMIENTO'),
	(1201, '4EP013', 285, 12, '2', 'OPERA,VANESSA,Pz 076 (Est 076 SW),SERVICIO'),
	(1202, '4EP014', 285, 12, '2', 'OPERA,VANESSA,Pz 076 (Est 076 SW),REHABILITACION'),
	(1203, '3C5901', 430, 5, '2', 'PREPA,CHAPI,Snv 290 NE (Inc 875 SE),SUMINISTROS'),
	(1204, '3C5902', 430, 5, '2', 'PREPA,CHAPI,Snv 290 NE (Inc 875 SE),SOSTENIMIENTO'),
	(1205, '3C5903', 430, 5, '2', 'PREPA,CHAPI,Snv 290 NE (Inc 875 SE),SERVICIO'),
	(1206, '3C5904', 430, 5, '2', 'PREPA,CHAPI,Snv 290 NE (Inc 875 SE),REHABILITACION'),
	(1207, '2A2124', 221, 6, '2', 'DESAR,ESPERANZA,Gal 028 NE (Cx 990 NE),REHABILITACION'),
	(1208, '2B1264', 148, 7, '2', 'DESAR,INKA,Cx 990 NE (Cor 990),REHABILITACION'),
	(1209, '2AA024', 6, 6, '2', 'DESAR,ESPERANZA,Bp 068 NE (Gal 028 NE),REHABILITACION'),
	(1210, '3C3631', 122, 5, '2', 'PREPA,CHAPI,Ch 862 (Snv 319 NE),SUMINISTROS'),
	(1211, '3C3632', 122, 5, '2', 'PREPA,CHAPI,Ch 862 (Snv 319 NE),SOSTENIMIENTO'),
	(1212, '3C3633', 122, 5, '2', 'PREPA,CHAPI,Ch 862 (Snv 319 NE),SERVICIO'),
	(1213, '3C3634', 122, 5, '2', 'PREPA,CHAPI,Ch 862 (Snv 319 NE),REHABILITACION'),
	(1214, '4E9331', 667, 12, '2', 'OPERA,VANESSA,Ven 028 (Tj 087 NE),SUMINISTROS'),
	(1215, '4E9332', 667, 12, '2', 'OPERA,VANESSA,Ven 028 (Tj 087 NE),SOSTENIMIENTO'),
	(1216, '4E9333', 667, 12, '2', 'OPERA,VANESSA,Ven 028 (Tj 087 NE),SERVICIO'),
	(1217, '4E9334', 667, 12, '2', 'OPERA,VANESSA,Ven 028 (Tj 087 NE),REHABILITACION'),
	(1218, '3E5911', 334, 12, '2', 'PREPA,VANESSA,Snv 074 SW (TJ 071 SW),SUMINISTROS'),
	(1219, '3E5912', 334, 12, '2', 'PREPA,VANESSA,Snv 074 SW (TJ 071 SW),SOSTENIMIENTO'),
	(1220, '3E5913', 334, 12, '2', 'PREPA,VANESSA,Snv 074 SW (TJ 071 SW),SERVICIO'),
	(1221, '3E5914', 334, 12, '2', 'PREPA,VANESSA,Snv 074 SW (TJ 071 SW),REHABILITACION'),
	(1222, '4C9341', 668, 5, '2', 'OPERA,CHAPI,Ven 029 (Tj 862 NE),SUMINISTROS'),
	(1223, '4C9342', 668, 5, '2', 'OPERA,CHAPI,Ven 029 (Tj 862 NE),SOSTENIMIENTO'),
	(1224, '4C9343', 668, 5, '2', 'OPERA,CHAPI,Ven 029 (Tj 862 NE),SERVICIO'),
	(1225, '4C9344', 668, 5, '2', 'OPERA,CHAPI,Ven 029 (Tj 862 NE),REHABILITACION'),
	(1226, '1L5921', 426, 3, '2', 'EXPLO,ANDREA,Snv 251 NE (Cx 199 NE),SUMINISTROS'),
	(1227, '1L5922', 426, 3, '2', 'EXPLO,ANDREA,Snv 251 NE (Cx 199 NE),SOSTENIMIENTO'),
	(1228, '1L5923', 426, 3, '2', 'EXPLO,ANDREA,Snv 251 NE (Cx 199 NE),SERVICIO'),
	(1229, '1L5924', 426, 3, '2', 'EXPLO,ANDREA,Snv 251 NE (Cx 199 NE),REHABILITACION'),
	(1230, '1L5931', 427, 3, '2', 'EXPLO,ANDREA,Snv 251 SW (Cx 199 NE),SUMINISTROS'),
	(1231, '1L5932', 427, 3, '2', 'EXPLO,ANDREA,Snv 251 SW (Cx 199 NE),SOSTENIMIENTO'),
	(1232, '1L5933', 427, 3, '2', 'EXPLO,ANDREA,Snv 251 SW (Cx 199 NE),SERVICIO'),
	(1233, '1L5934', 427, 3, '2', 'EXPLO,ANDREA,Snv 251 SW (Cx 199 NE),REHABILITACION'),
	(1234, '3D3641', 76, 4, '2', 'PREPA,CACHORRO,Ch 122 (Snv 102 SW),SUMINISTROS'),
	(1235, '3D3642', 76, 4, '2', 'PREPA,CACHORRO,Ch 122 (Snv 102 SW),SOSTENIMIENTO'),
	(1236, '3D3643', 76, 4, '2', 'PREPA,CACHORRO,Ch 122 (Snv 102 SW),SERVICIO'),
	(1237, '3D3644', 76, 4, '2', 'PREPA,CACHORRO,Ch 122 (Snv 102 SW),REHABILITACION'),
	(1238, '3D5941', 351, 4, '2', 'PREPA,CACHORRO,Snv 089 SW (Est 075-1 SE),SUMINISTROS'),
	(1239, '3D5942', 351, 4, '2', 'PREPA,CACHORRO,Snv 089 SW (Est 075-1 SE),SOSTENIMIENTO'),
	(1240, '3D5943', 351, 4, '2', 'PREPA,CACHORRO,Snv 089 SW (Est 075-1 SE),SERVICIO'),
	(1241, '3D5944', 351, 4, '2', 'PREPA,CACHORRO,Snv 089 SW (Est 075-1 SE),REHABILITACION'),
	(1242, '3D5951', 350, 4, '2', 'PREPA,CACHORRO,Snv 089 NE (Est 075-1 SE),SUMINISTROS'),
	(1243, '3D5952', 350, 4, '2', 'PREPA,CACHORRO,Snv 089 NE (Est 075-1 SE),SOSTENIMIENTO'),
	(1244, '3D5953', 350, 4, '2', 'PREPA,CACHORRO,Snv 089 NE (Est 075-1 SE),SERVICIO'),
	(1245, '3D5954', 350, 4, '2', 'PREPA,CACHORRO,Snv 089 NE (Est 075-1 SE),REHABILITACION'),
	(1246, '2C5961', 433, 5, '2', 'DESAR,CHAPI,Snv 319 NE (Est 845-2 SE),SUMINISTROS'),
	(1247, '2C5962', 433, 5, '2', 'DESAR,CHAPI,Snv 319 NE (Est 845-2 SE),SOSTENIMIENTO'),
	(1248, '2C5963', 433, 5, '2', 'DESAR,CHAPI,Snv 319 NE (Est 845-2 SE),SERVICIO'),
	(1249, '2C5964', 433, 5, '2', 'DESAR,CHAPI,Snv 319 NE (Est 845-2 SE),REHABILITACION'),
	(1250, '2C5971', 434, 5, '2', 'DESAR,CHAPI,Snv 319 SW (Est 845-2 SE),SUMINISTROS'),
	(1251, '2C5972', 434, 5, '2', 'DESAR,CHAPI,Snv 319 SW (Est 845-2 SE),SOSTENIMIENTO'),
	(1252, '2C5973', 434, 5, '2', 'DESAR,CHAPI,Snv 319 SW (Est 845-2 SE),SERVICIO'),
	(1253, '2C5974', 434, 5, '2', 'DESAR,CHAPI,Snv 319 SW (Est 845-2 SE),REHABILITACION'),
	(1254, '3C5981', 431, 5, '2', 'PREPA,CHAPI,Snv 290 SW (Inc 875 SE),SUMINISTROS'),
	(1255, '3C5982', 431, 5, '2', 'PREPA,CHAPI,Snv 290 SW (Inc 875 SE),SOSTENIMIENTO'),
	(1256, '3C5983', 431, 5, '2', 'PREPA,CHAPI,Snv 290 SW (Inc 875 SE),SERVICIO'),
	(1257, '3C5984', 431, 5, '2', 'PREPA,CHAPI,Snv 290 SW (Inc 875 SE),REHABILITACION'),
	(1258, '2L5991', 425, 3, '2', 'DESAR,ANDREA,Snv 226 NE (Est 224 SW),SUMINISTROS'),
	(1259, '2L5992', 425, 3, '2', 'DESAR,ANDREA,Snv 226 NE (Est 224 SW),SOSTENIMIENTO'),
	(1260, '2L5993', 425, 3, '2', 'DESAR,ANDREA,Snv 226 NE (Est 224 SW),SERVICIO'),
	(1261, '2L5994', 425, 3, '2', 'DESAR,ANDREA,Snv 226 NE (Est 224 SW),REHABILITACION'),
	(1262, '2L51A1', 429, 3, '2', 'DESAR,ANDREA,Snv 256 SW (Est 255 SW),SUMINISTROS'),
	(1263, '2L51A2', 429, 3, '2', 'DESAR,ANDREA,Snv 256 SW (Est 255 SW),SOSTENIMIENTO'),
	(1264, '2L51A3', 429, 3, '2', 'DESAR,ANDREA,Snv 256 SW (Est 255 SW),SERVICIO'),
	(1265, '2L51A4', 429, 3, '2', 'DESAR,ANDREA,Snv 256 SW (Est 255 SW),REHABILITACION'),
	(1266, '5E7821', 553, 12, '1', 'EXPLO,VANESSA,Tj 061 SW (Ch 091),SUMINISTROS'),
	(1267, '5E7822', 553, 12, '1', 'EXPLO,VANESSA,Tj 061 SW (Ch 091),SOSTENIMIENTO'),
	(1268, '5E7823', 553, 12, '1', 'EXPLO,VANESSA,Tj 061 SW (Ch 091),SERVICIO'),
	(1269, '5E7824', 553, 12, '1', 'EXPLO,VANESSA,Tj 061 SW (Ch 091),REHABILITACION'),
	(1270, '5E7831', 568, 12, '1', 'EXPLO,VANESSA,Tj 077 NE (Ch 091),SUMINISTROS'),
	(1271, '5E7832', 568, 12, '1', 'EXPLO,VANESSA,Tj 077 NE (Ch 091),SOSTENIMIENTO'),
	(1272, '5E7833', 568, 12, '1', 'EXPLO,VANESSA,Tj 077 NE (Ch 091),SERVICIO'),
	(1273, '5E7834', 568, 12, '1', 'EXPLO,VANESSA,Tj 077 NE (Ch 091),REHABILITACION'),
	(1274, '4L6451', 180, 3, '2', 'OPERA,ANDREA,Est 256 SE (Ch 256),SUMINISTROS'),
	(1275, '4L6452', 180, 3, '2', 'OPERA,ANDREA,Est 256 SE (Ch 256),SOSTENIMIENTO'),
	(1276, '4L6453', 180, 3, '2', 'OPERA,ANDREA,Est 256 SE (Ch 256),SERVICIO'),
	(1277, '4L6454', 180, 3, '2', 'OPERA,ANDREA,Est 256 SE (Ch 256),REHABILITACION'),
	(1278, '2D4101', 273, 4, '2', 'DESAR,CACHORRO,Pq 122 (Snv 102 SW),SUMINISTROS'),
	(1279, '2D4102', 273, 4, '2', 'DESAR,CACHORRO,Pq 122 (Snv 102 SW),SOSTENIMIENTO'),
	(1280, '2D4103', 273, 4, '2', 'DESAR,CACHORRO,Pq 122 (Snv 102 SW),SERVICIO'),
	(1281, '2D4104', 273, 4, '2', 'DESAR,CACHORRO,Pq 122 (Snv 102 SW),REHABILITACION'),
	(1282, '3B51B1', 443, 7, '2', 'PREPA,INKA,Snv 615 SE (Est 615 SE),SUMINISTROS'),
	(1283, '3B51B2', 443, 7, '2', 'PREPA,INKA,Snv 615 SE (Est 615 SE),SOSTENIMIENTO'),
	(1284, '3B51B3', 443, 7, '2', 'PREPA,INKA,Snv 615 SE (Est 615 SE),SERVICIO'),
	(1285, '3B51B4', 443, 7, '2', 'PREPA,INKA,Snv 615 SE (Est 615 SE),REHABILITACION'),
	(1286, '3C51C1', 473, 5, '2', 'PREPA,CHAPI,Snv 846 SW (Ch 843),SUMINISTROS'),
	(1287, '3C51C2', 473, 5, '2', 'PREPA,CHAPI,Snv 846 SW (Ch 843),SOSTENIMIENTO'),
	(1288, '3C51C3', 473, 5, '2', 'PREPA,CHAPI,Snv 846 SW (Ch 843),SERVICIO'),
	(1289, '3C51C4', 473, 5, '2', 'PREPA,CHAPI,Snv 846 SW (Ch 843),REHABILITACION'),
	(1290, '4C6461', 192, 5, '2', 'OPERA,CHAPI,Est 845-2 SE (Pq 845),SUMINISTROS'),
	(1291, '4C6462', 192, 5, '2', 'OPERA,CHAPI,Est 845-2 SE (Pq 845),SOSTENIMIENTO'),
	(1292, '4C6463', 192, 5, '2', 'OPERA,CHAPI,Est 845-2 SE (Pq 845),SERVICIO'),
	(1293, '4C6464', 192, 5, '2', 'OPERA,CHAPI,Est 845-2 SE (Pq 845),REHABILITACION'),
	(1294, '4C3651', 87, 5, '2', 'OPERA,CHAPI,Ch 621 (Est 845-2 SC),SUMINISTROS'),
	(1295, '4C3652', 87, 5, '2', 'OPERA,CHAPI,Ch 621 (Est 845-2 SC),SOSTENIMIENTO'),
	(1296, '4C3653', 87, 5, '2', 'OPERA,CHAPI,Ch 621 (Est 845-2 SC),SERVICIO'),
	(1297, '4C3654', 87, 5, '2', 'OPERA,CHAPI,Ch 621 (Est 845-2 SC),REHABILITACION'),
	(1298, '1C1271', 144, 5, '2', 'EXPLO,CHAPI,Cx 712 SW,SUMINISTROS'),
	(1299, '1C1272', 144, 5, '2', 'EXPLO,CHAPI,Cx 712 SW,SOSTENIMIENTO'),
	(1300, '1C1273', 144, 5, '2', 'EXPLO,CHAPI,Cx 712 SW,SERVICIO'),
	(1301, '1C1274', 144, 5, '2', 'EXPLO,CHAPI,Cx 712 SW,REHABILITACION'),
	(1302, '4L6471', 156, 3, '2', 'OPERA,ANDREA,Est 056 NW (Cx 199 NE),SUMINISTROS'),
	(1303, '4L6472', 156, 3, '2', 'OPERA,ANDREA,Est 056 NW (Cx 199 NE),SOSTENIMIENTO'),
	(1304, '4L6473', 156, 3, '2', 'OPERA,ANDREA,Est 056 NW (Cx 199 NE),SERVICIO'),
	(1305, '4L6474', 156, 3, '2', 'OPERA,ANDREA,Est 056 NW (Cx 199 NE),REHABILITACION'),
	(1306, '4C3661', 99, 5, '2', 'OPERA,CHAPI,Ch 852 (Tj 862 SW),SUMINISTROS'),
	(1307, '4C3662', 99, 5, '2', 'OPERA,CHAPI,Ch 852 (Tj 862 SW),SOSTENIMIENTO'),
	(1308, '4C3663', 99, 5, '2', 'OPERA,CHAPI,Ch 852 (Tj 862 SW),SERVICIO'),
	(1309, '4C3664', 99, 5, '2', 'OPERA,CHAPI,Ch 852 (Tj 862 SW),REHABILITACION'),
	(1310, '3E51D1', 363, 12, '2', 'PREPA,VANESSA,Snv 098 SW (Ch 066),SUMINISTROS'),
	(1311, '3E51D2', 363, 12, '2', 'PREPA,VANESSA,Snv 098 SW (Ch 066),SOSTENIMIENTO'),
	(1312, '3E51D3', 363, 12, '2', 'PREPA,VANESSA,Snv 098 SW (Ch 066),SERVICIO'),
	(1313, '3E51D4', 363, 12, '2', 'PREPA,VANESSA,Snv 098 SW (Ch 066),REHABILITACION'),
	(1314, '5C7841', 623, 5, '1', 'EXPLO,CHAPI,Tj 862-1 SW (Ch 862-1),SUMINISTROS'),
	(1315, '5C7842', 623, 5, '1', 'EXPLO,CHAPI,Tj 862-1 SW (Ch 862-1),SOSTENIMIENTO'),
	(1316, '5C7843', 623, 5, '1', 'EXPLO,CHAPI,Tj 862-1 SW (Ch 862-1),SERVICIO'),
	(1317, '5C7844', 623, 5, '1', 'EXPLO,CHAPI,Tj 862-1 SW (Ch 862-1),REHABILITACION'),
	(1318, '4C6481', 196, 5, '2', 'OPERA,CHAPI,Est 870 SW (Ch 621),SUMINISTROS'),
	(1319, '4C6482', 196, 5, '2', 'OPERA,CHAPI,Est 870 SW (Ch 621),SOSTENIMIENTO'),
	(1320, '4C6483', 196, 5, '2', 'OPERA,CHAPI,Est 870 SW (Ch 621),SERVICIO'),
	(1321, '4C6484', 196, 5, '2', 'OPERA,CHAPI,Est 870 SW (Ch 621),REHABILITACION'),
	(1322, '3C51E1', 470, 5, '2', 'PREPA,CHAPI,Snv 840 SW (Ch 843),SUMINISTROS'),
	(1323, '3C51E2', 470, 5, '2', 'PREPA,CHAPI,Snv 840 SW (Ch 843),SOSTENIMIENTO'),
	(1324, '3C51E3', 470, 5, '2', 'PREPA,CHAPI,Snv 840 SW (Ch 843),SERVICIO'),
	(1325, '3C51E4', 470, 5, '2', 'PREPA,CHAPI,Snv 840 SW (Ch 843),REHABILITACION'),
	(1326, '4D6491', 175, 4, '2', 'OPERA,CACHORRO,Est 122 SE (Ch 122),SUMINISTROS'),
	(1327, '4D6492', 175, 4, '2', 'OPERA,CACHORRO,Est 122 SE (Ch 122),SOSTENIMIENTO'),
	(1328, '4D6493', 175, 4, '2', 'OPERA,CACHORRO,Est 122 SE (Ch 122),SERVICIO'),
	(1329, '4D6494', 175, 4, '2', 'OPERA,CACHORRO,Est 122 SE (Ch 122),REHABILITACION'),
	(1330, '4C3671', 83, 5, '2', 'OPERA,CHAPI,Ch 593 (SNV 840 SW),SUMINISTROS'),
	(1331, '4C3672', 83, 5, '2', 'OPERA,CHAPI,Ch 593 (SNV 840 SW),SOSTENIMIENTO'),
	(1332, '4C3673', 83, 5, '2', 'OPERA,CHAPI,Ch 593 (SNV 840 SW),SERVICIO'),
	(1333, '4C3674', 83, 5, '2', 'OPERA,CHAPI,Ch 593 (SNV 840 SW),REHABILITACION'),
	(1334, '3D3681', 43, 4, '2', 'PREPA,CACHORRO,Ch 056 (Snv 089 NE),SUMINISTROS'),
	(1335, '3D3682', 43, 4, '2', 'PREPA,CACHORRO,Ch 056 (Snv 089 NE),SOSTENIMIENTO'),
	(1336, '3D3683', 43, 4, '2', 'PREPA,CACHORRO,Ch 056 (Snv 089 NE),SERVICIO'),
	(1337, '3D3684', 43, 4, '2', 'PREPA,CACHORRO,Ch 056 (Snv 089 NE),REHABILITACION'),
	(1338, '3E3691', 31, 12, '2', 'PREPA,VANESSA,Ch 044 (Snv 098 SW),SUMINISTROS'),
	(1339, '3E3692', 31, 12, '2', 'PREPA,VANESSA,Ch 044 (Snv 098 SW),SOSTENIMIENTO'),
	(1340, '3E3693', 31, 12, '2', 'PREPA,VANESSA,Ch 044 (Snv 098 SW),SERVICIO'),
	(1341, '3E3694', 31, 12, '2', 'PREPA,VANESSA,Ch 044 (Snv 098 SW),REHABILITACION'),
	(1342, '2L6501', 153, 3, '2', 'DESAR,ANDREA,Est 008 SE (Nv 8),SUMINISTROS'),
	(1343, '2L6502', 153, 3, '2', 'DESAR,ANDREA,Est 008 SE (Nv 8),SOSTENIMIENTO'),
	(1344, '2L6503', 153, 3, '2', 'DESAR,ANDREA,Est 008 SE (Nv 8),SERVICIO'),
	(1345, '2L6504', 153, 3, '2', 'DESAR,ANDREA,Est 008 SE (Nv 8),REHABILITACION'),
	(1346, '3L51F1', 293, 3, '2', 'PREPA,ANDREA,Snv 015 NE (Est 008 SE),SUMINISTROS'),
	(1347, '3L51F2', 293, 3, '2', 'PREPA,ANDREA,Snv 015 NE (Est 008 SE),SOSTENIMIENTO'),
	(1348, '3L51F3', 293, 3, '2', 'PREPA,ANDREA,Snv 015 NE (Est 008 SE),SERVICIO'),
	(1349, '3L51F4', 293, 3, '2', 'PREPA,ANDREA,Snv 015 NE (Est 008 SE),REHABILITACION'),
	(1350, '3C51G1', 456, 5, '2', 'PREPA,CHAPI,Snv 644 NE (Ch 862-1),SUMINISTROS'),
	(1351, '3C51G2', 456, 5, '2', 'PREPA,CHAPI,Snv 644 NE (Ch 862-1),SOSTENIMIENTO'),
	(1352, '3C51G3', 456, 5, '2', 'PREPA,CHAPI,Snv 644 NE (Ch 862-1),SERVICIO'),
	(1353, '3C51G4', 456, 5, '2', 'PREPA,CHAPI,Snv 644 NE (Ch 862-1),REHABILITACION'),
	(1354, '3C51H1', 457, 5, '2', 'PREPA,CHAPI,Snv 644 SW (Ch 862-1),SUMINISTROS'),
	(1355, '3C51H2', 457, 5, '2', 'PREPA,CHAPI,Snv 644 SW (Ch 862-1),SOSTENIMIENTO'),
	(1356, '3C51H3', 457, 5, '2', 'PREPA,CHAPI,Snv 644 SW (Ch 862-1),SERVICIO'),
	(1357, '3C51H4', 457, 5, '2', 'PREPA,CHAPI,Snv 644 SW (Ch 862-1),REHABILITACION'),
	(1358, '5D7851', 569, 4, '1', 'EXPLO,CACHORRO,Tj 080 SW (Ch 122),SUMINISTROS'),
	(1359, '5D7852', 569, 4, '1', 'EXPLO,CACHORRO,Tj 080 SW (Ch 122),SOSTENIMIENTO'),
	(1360, '5D7853', 569, 4, '1', 'EXPLO,CACHORRO,Tj 080 SW (Ch 122),SERVICIO'),
	(1361, '5D7854', 569, 4, '1', 'EXPLO,CACHORRO,Tj 080 SW (Ch 122),REHABILITACION'),
	(1362, '4EB241', 256, 12, '2', 'OPERA,VANESSA,Hp 025 (Tj 087 NE),SUMINISTROS'),
	(1363, '4EB242', 256, 12, '2', 'OPERA,VANESSA,Hp 025 (Tj 087 NE),SOSTENIMIENTO'),
	(1364, '4EB243', 256, 12, '2', 'OPERA,VANESSA,Hp 025 (Tj 087 NE),SERVICIO'),
	(1365, '4EB244', 256, 12, '2', 'OPERA,VANESSA,Hp 025 (Tj 087 NE),REHABILITACION'),
	(1366, '3D651P', 207, 4, '2', 'PREPA,CACHORRO,Est 935 NE (Snv 089 NE),PERFORACION'),
	(1367, '3D651V', 207, 4, '2', 'PREPA,CACHORRO,Est 935 NE (Snv 089 NE),VOLADURA'),
	(1368, '3D651L', 207, 4, '2', 'PREPA,CACHORRO,Est 935 NE (Snv 089 NE),LIMPIEZA'),
	(1369, '3D651S', 207, 4, '2', 'PREPA,CACHORRO,Est 935 NE (Snv 089 NE),SOSTENIMIENTO'),
	(1370, '3D651O', 207, 4, '2', 'PREPA,CACHORRO,Est 935 NE (Snv 089 NE),SERVICIO'),
	(1371, '3L370P', 27, 3, '2', 'PREPA,ANDREA,Ch 003 (Snv 256 SW),PERFORACION'),
	(1372, '3L370V', 27, 3, '2', 'PREPA,ANDREA,Ch 003 (Snv 256 SW),VOLADURA'),
	(1373, '3L370L', 27, 3, '2', 'PREPA,ANDREA,Ch 003 (Snv 256 SW),LIMPIEZA'),
	(1374, '3L370S', 27, 3, '2', 'PREPA,ANDREA,Ch 003 (Snv 256 SW),SOSTENIMIENTO'),
	(1375, '3L370O', 27, 3, '2', 'PREPA,ANDREA,Ch 003 (Snv 256 SW),SERVICIO'),
	(1376, '3L652P', 151, 3, '2', 'PREPA,ANDREA,Est 004 NW (Ch 003),PERFORACION'),
	(1377, '3L652V', 151, 3, '2', 'PREPA,ANDREA,Est 004 NW (Ch 003),VOLADURA'),
	(1378, '3L652L', 151, 3, '2', 'PREPA,ANDREA,Est 004 NW (Ch 003),LIMPIEZA'),
	(1379, '3L652S', 151, 3, '2', 'PREPA,ANDREA,Est 004 NW (Ch 003),SOSTENIMIENTO'),
	(1380, '3L652O', 151, 3, '2', 'PREPA,ANDREA,Est 004 NW (Ch 003),SERVICIO'),
	(1381, '3D51IP', 359, 4, '2', 'PREPAR,CACHORRO,Snv 094 NE (Tj 080 SW),PERFORACION'),
	(1382, '3D51IV', 359, 4, '2', 'PREPAR,CACHORRO,Snv 094 NE (Tj 080 SW),VOLADURA'),
	(1383, '3D51IL', 359, 4, '2', 'PREPAR,CACHORRO,Snv 094 NE (Tj 080 SW),LIMPIEZA'),
	(1384, '3D51IS', 359, 4, '2', 'PREPAR,CACHORRO,Snv 094 NE (Tj 080 SW),SOSTENIMIENTO'),
	(1385, '3D51IO', 359, 4, '2', 'PREPAR,CACHORRO,Snv 094 NE (Tj 080 SW),SERVICIO'),
	(1386, '3E371P', 57, 12, '2', 'PREPAR,VANESSA,Ch 081 (Tj 081 SW),PERFORACION'),
	(1387, '3E371V', 57, 12, '2', 'PREPAR,VANESSA,Ch 081 (Tj 081 SW),VOLADURA'),
	(1388, '3E371L', 57, 12, '2', 'PREPAR,VANESSA,Ch 081 (Tj 081 SW),LIMPIEZA'),
	(1389, '3E371S', 57, 12, '2', 'PREPAR,VANESSA,Ch 081 (Tj 081 SW),SOSTENIMIENTO'),
	(1390, '3E371O', 57, 12, '2', 'PREPAR,VANESSA,Ch 081 (Tj 081 SW),SERVICIO'),
	(1391, '3C51JP', 453, 5, '2', 'PREPAR,CHAPI,Snv 642 NE (Ch 862-1),PERFORACION'),
	(1392, '3C51JV', 453, 5, '2', 'PREPAR,CHAPI,Snv 642 NE (Ch 862-1),VOLADURA'),
	(1393, '3C51JL', 453, 5, '2', 'PREPAR,CHAPI,Snv 642 NE (Ch 862-1),LIMPIEZA'),
	(1394, '3C51JS', 453, 5, '2', 'PREPAR,CHAPI,Snv 642 NE (Ch 862-1),SOSTENIMIENTO'),
	(1395, '3C51JO', 453, 5, '2', 'PREPAR,CHAPI,Snv 642 NE (Ch 862-1),SERVICIO'),
	(1396, '3C51KP', 454, 5, '2', 'PREPAR,CHAPI,Snv 642 SW (Ch 862-1),PERFORACION'),
	(1397, '3C51KV', 454, 5, '2', 'PREPAR,CHAPI,Snv 642 SW (Ch 862-1),VOLADURA'),
	(1398, '3C51KL', 454, 5, '2', 'PREPAR,CHAPI,Snv 642 SW (Ch 862-1),LIMPIEZA'),
	(1399, '3C51KS', 454, 5, '2', 'PREPAR,CHAPI,Snv 642 SW (Ch 862-1),SOSTENIMIENTO'),
	(1400, '3C51KO', 454, 5, '2', 'PREPAR,CHAPI,Snv 642 SW (Ch 862-1),SERVICIO'),
	(1401, '5E786P', 541, 12, '1', 'EXPLOT,VANESSA,Tj 046 SW (Ch 066),PERFORACION'),
	(1402, '5E786V', 541, 12, '1', 'EXPLOT,VANESSA,Tj 046 SW (Ch 066),VOLADURA'),
	(1403, '5E786L', 541, 12, '1', 'EXPLOT,VANESSA,Tj 046 SW (Ch 066),LIMPIEZA'),
	(1404, '5E786S', 541, 12, '1', 'EXPLOT,VANESSA,Tj 046 SW (Ch 066),SOSTENIMIENTO'),
	(1405, '5E786O', 541, 12, '1', 'EXPLOT,VANESSA,Tj 046 SW (Ch 066),SERVICIO'),
	(1406, '2E372P', 73, 12, '2', 'DESARR,VANESSA,Ch 098 (Tj 097 NE),PERFORACION'),
	(1407, '2E372V', 73, 12, '2', 'DESARR,VANESSA,Ch 098 (Tj 097 NE),VOLADURA'),
	(1408, '2E372L', 73, 12, '2', 'DESARR,VANESSA,Ch 098 (Tj 097 NE),LIMPIEZA'),
	(1409, '2E372S', 73, 12, '2', 'DESARR,VANESSA,Ch 098 (Tj 097 NE),SOSTENIMIENTO'),
	(1410, '2E372O', 73, 12, '2', 'DESARR,VANESSA,Ch 098 (Tj 097 NE),SERVICIO'),
	(1411, '3D51LP', 324, 4, '2', 'PREPAR,CACHORRO,Snv 070 NE (Ch 056),PERFORACION'),
	(1412, '3D51LV', 324, 4, '2', 'PREPAR,CACHORRO,Snv 070 NE (Ch 056),VOLADURA'),
	(1413, '3D51LL', 324, 4, '2', 'PREPAR,CACHORRO,Snv 070 NE (Ch 056),LIMPIEZA'),
	(1414, '3D51LS', 324, 4, '2', 'PREPAR,CACHORRO,Snv 070 NE (Ch 056),SOSTENIMIENTO'),
	(1415, '3D51LO', 324, 4, '2', 'PREPAR,CACHORRO,Snv 070 NE (Ch 056),SERVICIO'),
	(1416, '3D51MP', 327, 4, '2', 'PREPAR,CACHORRO,Snv 070 SW (Ch 056),PERFORACION'),
	(1417, '3D51MV', 327, 4, '2', 'PREPAR,CACHORRO,Snv 070 SW (Ch 056),VOLADURA'),
	(1418, '3D51ML', 327, 4, '2', 'PREPAR,CACHORRO,Snv 070 SW (Ch 056),LIMPIEZA'),
	(1419, '3D51MS', 327, 4, '2', 'PREPAR,CACHORRO,Snv 070 SW (Ch 056),SOSTENIMIENTO'),
	(1420, '3D51MO', 327, 4, '2', 'PREPAR,CACHORRO,Snv 070 SW (Ch 056),SERVICIO'),
	(1421, '3D373P', 53, 4, '2', 'PREPAR,CACHORRO,Ch 072 (Snv 089 NE),PERFORACION'),
	(1422, '3D373V', 53, 4, '2', 'PREPAR,CACHORRO,Ch 072 (Snv 089 NE),VOLADURA'),
	(1423, '3D373L', 53, 4, '2', 'PREPAR,CACHORRO,Ch 072 (Snv 089 NE),LIMPIEZA'),
	(1424, '3D373S', 53, 4, '2', 'PREPAR,CACHORRO,Ch 072 (Snv 089 NE),SOSTENIMIENTO'),
	(1425, '3D373O', 53, 4, '2', 'PREPAR,CACHORRO,Ch 072 (Snv 089 NE),SERVICIO'),
	(1426, '3D51NP', 325, 4, '2', 'PREPAR,CACHORRO,Snv 070 NE (Ch 072),PERFORACION'),
	(1427, '3D51NV', 325, 4, '2', 'PREPAR,CACHORRO,Snv 070 NE (Ch 072),VOLADURA'),
	(1428, '3D51NL', 325, 4, '2', 'PREPAR,CACHORRO,Snv 070 NE (Ch 072),LIMPIEZA'),
	(1429, '3D51NS', 325, 4, '2', 'PREPAR,CACHORRO,Snv 070 NE (Ch 072),SOSTENIMIENTO'),
	(1430, '3D51NO', 325, 4, '2', 'PREPAR,CACHORRO,Snv 070 NE (Ch 072),SERVICIO'),
	(1431, '3D51OP', 328, 4, '2', 'PREPAR,CACHORRO,Snv 070 SW (Ch 072),PERFORACION'),
	(1432, '3D51OV', 328, 4, '2', 'PREPAR,CACHORRO,Snv 070 SW (Ch 072),VOLADURA'),
	(1433, '3D51OL', 328, 4, '2', 'PREPAR,CACHORRO,Snv 070 SW (Ch 072),LIMPIEZA'),
	(1434, '3D51OS', 328, 4, '2', 'PREPAR,CACHORRO,Snv 070 SW (Ch 072),SOSTENIMIENTO'),
	(1435, '3D51OO', 328, 4, '2', 'PREPAR,CACHORRO,Snv 070 SW (Ch 072),SERVICIO'),
	(1436, '5D787P', 562, 4, '1', 'EXPLOT,CACHORRO,Tj 070 NE (Ch 072),PERFORACION'),
	(1437, '5D787V', 562, 4, '1', 'EXPLOT,CACHORRO,Tj 070 NE (Ch 072),VOLADURA'),
	(1438, '5D787L', 562, 4, '1', 'EXPLOT,CACHORRO,Tj 070 NE (Ch 072),LIMPIEZA'),
	(1439, '5D787S', 562, 4, '1', 'EXPLOT,CACHORRO,Tj 070 NE (Ch 072),SOSTENIMIENTO'),
	(1440, '5D787O', 562, 4, '1', 'EXPLOT,CACHORRO,Tj 070 NE (Ch 072),SERVICIO'),
	(1441, '5D788P', 564, 4, '1', 'EXPLOT,CACHORRO,Tj 070 SW (Ch 072),PERFORACION'),
	(1442, '5D788V', 564, 4, '1', 'EXPLOT,CACHORRO,Tj 070 SW (Ch 072),VOLADURA'),
	(1443, '5D788L', 564, 4, '1', 'EXPLOT,CACHORRO,Tj 070 SW (Ch 072),LIMPIEZA'),
	(1444, '5D788S', 564, 4, '1', 'EXPLOT,CACHORRO,Tj 070 SW (Ch 072),SOSTENIMIENTO'),
	(1445, '5D788O', 564, 4, '1', 'EXPLOT,CACHORRO,Tj 070 SW (Ch 072),SERVICIO'),
	(1446, '2L653P', 154, 3, '2', 'DESARR,ANDREA,Est 018 NW (Cx 199 NE),PERFORACION'),
	(1447, '2L653V', 154, 3, '2', 'DESARR,ANDREA,Est 018 NW (Cx 199 NE),VOLADURA'),
	(1448, '2L653L', 154, 3, '2', 'DESARR,ANDREA,Est 018 NW (Cx 199 NE),LIMPIEZA'),
	(1449, '2L653S', 154, 3, '2', 'DESARR,ANDREA,Est 018 NW (Cx 199 NE),SOSTENIMIENTO'),
	(1450, '2L653O', 154, 3, '2', 'DESARR,ANDREA,Est 018 NW (Cx 199 NE),SERVICIO'),
	(1451, '4E374P', 60, 12, '2', 'OPERAC,VANESSA,Ch 088 (Tj 087 NE),PERFORACION'),
	(1452, '4E374V', 60, 12, '2', 'OPERAC,VANESSA,Ch 088 (Tj 087 NE),VOLADURA'),
	(1453, '4E374L', 60, 12, '2', 'OPERAC,VANESSA,Ch 088 (Tj 087 NE),LIMPIEZA'),
	(1454, '4E374S', 60, 12, '2', 'OPERAC,VANESSA,Ch 088 (Tj 087 NE),SOSTENIMIENTO'),
	(1455, '4E374O', 60, 12, '2', 'OPERAC,VANESSA,Ch 088 (Tj 087 NE),SERVICIO'),
	(1456, '2E654P', 163, 12, '2', 'DESARR,VANESSA,Est 075-3 SE (Pq 075),PERFORACION'),
	(1457, '2E654V', 163, 12, '2', 'DESARR,VANESSA,Est 075-3 SE (Pq 075),VOLADURA'),
	(1458, '2E654L', 163, 12, '2', 'DESARR,VANESSA,Est 075-3 SE (Pq 075),LIMPIEZA'),
	(1459, '2E654S', 163, 12, '2', 'DESARR,VANESSA,Est 075-3 SE (Pq 075),SOSTENIMIENTO'),
	(1460, '2E654O', 163, 12, '2', 'DESARR,VANESSA,Est 075-3 SE (Pq 075),SERVICIO'),
	(1461, '3E52PP', 339, 12, '2', 'PREPAR,VANESSA,Snv 080 SW (Tj 080 SW),PERFORACION'),
	(1462, '3E52PV', 339, 12, '2', 'PREPAR,VANESSA,Snv 080 SW (Tj 080 SW),VOLADURA'),
	(1463, '3E52PL', 339, 12, '2', 'PREPAR,VANESSA,Snv 080 SW (Tj 080 SW),LIMPIEZA'),
	(1464, '3E52PS', 339, 12, '2', 'PREPAR,VANESSA,Snv 080 SW (Tj 080 SW),SOSTENIMIENTO'),
	(1465, '3E52PO', 339, 12, '2', 'PREPAR,VANESSA,Snv 080 SW (Tj 080 SW),SERVICIO'),
	(1466, '2C655P', 182, 5, '2', 'DESARR,CHAPI,Est 644 NW (Inc 875 SE),PERFORACION'),
	(1467, '2C655V', 182, 5, '2', 'DESARR,CHAPI,Est 644 NW (Inc 875 SE),VOLADURA'),
	(1468, '2C655L', 182, 5, '2', 'DESARR,CHAPI,Est 644 NW (Inc 875 SE),LIMPIEZA'),
	(1469, '2C655S', 182, 5, '2', 'DESARR,CHAPI,Est 644 NW (Inc 875 SE),SOSTENIMIENTO'),
	(1470, '2C655O', 182, 5, '2', 'DESARR,CHAPI,Est 644 NW (Inc 875 SE),SERVICIO'),
	(1471, '3C51QP', 455, 5, '2', 'PREPAR,CHAPI,Snv 643 NE (Ch 862-1),PERFORACION'),
	(1472, '3C51QV', 455, 5, '2', 'PREPAR,CHAPI,Snv 643 NE (Ch 862-1),VOLADURA'),
	(1473, '3C51QL', 455, 5, '2', 'PREPAR,CHAPI,Snv 643 NE (Ch 862-1),LIMPIEZA'),
	(1474, '3C51QS', 455, 5, '2', 'PREPAR,CHAPI,Snv 643 NE (Ch 862-1),SOSTENIMIENTO'),
	(1475, '3C51QO', 455, 5, '2', 'PREPAR,CHAPI,Snv 643 NE (Ch 862-1),SERVICIO'),
	(1476, '3C51RP', 435, 5, '2', 'PREPAR,CHAPI,Snv 327 NE (Inc 875 SE),PERFORACION'),
	(1477, '3C51RV', 435, 5, '2', 'PREPAR,CHAPI,Snv 327 NE (Inc 875 SE),VOLADURA'),
	(1478, '3C51RL', 435, 5, '2', 'PREPAR,CHAPI,Snv 327 NE (Inc 875 SE),LIMPIEZA'),
	(1479, '3C51RS', 435, 5, '2', 'PREPAR,CHAPI,Snv 327 NE (Inc 875 SE),SOSTENIMIENTO'),
	(1480, '3C51RO', 435, 5, '2', 'PREPAR,CHAPI,Snv 327 NE (Inc 875 SE),SERVICIO'),
	(1481, '3C51SP', 436, 5, '2', 'PREPAR,CHAPI,Snv 327 SW (Inc 875 SE),PERFORACION'),
	(1482, '3C51SV', 436, 5, '2', 'PREPAR,CHAPI,Snv 327 SW (Inc 875 SE),VOLADURA'),
	(1483, '3C51SL', 436, 5, '2', 'PREPAR,CHAPI,Snv 327 SW (Inc 875 SE),LIMPIEZA'),
	(1484, '3C51SS', 436, 5, '2', 'PREPAR,CHAPI,Snv 327 SW (Inc 875 SE),SOSTENIMIENTO'),
	(1485, '3C51SO', 436, 5, '2', 'PREPAR,CHAPI,Snv 327 SW (Inc 875 SE),SERVICIO'),
	(1486, '3D935P', 680, 4, '2', 'PREPAR,CACHORRO,Ven 30 (Tj 070 NE),PERFORACION'),
	(1487, '3D935V', 680, 4, '2', 'PREPAR,CACHORRO,Ven 30 (Tj 070 NE),VOLADURA'),
	(1488, '3D935L', 680, 4, '2', 'PREPAR,CACHORRO,Ven 30 (Tj 070 NE),LIMPIEZA'),
	(1489, '3D935S', 680, 4, '2', 'PREPAR,CACHORRO,Ven 30 (Tj 070 NE),SOSTENIMIENTO'),
	(1490, '3D935O', 680, 4, '2', 'PREPAR,CACHORRO,Ven 30 (Tj 070 NE),SERVICIO'),
	(1491, '2E656P', 169, 12, '2', 'DESARR,VANESSA,Est 092 NW (Ch 091),PERFORACION'),
	(1492, '2E656V', 169, 12, '2', 'DESARR,VANESSA,Est 092 NW (Ch 091),VOLADURA'),
	(1493, '2E656L', 169, 12, '2', 'DESARR,VANESSA,Est 092 NW (Ch 091),LIMPIEZA'),
	(1494, '2E656S', 169, 12, '2', 'DESARR,VANESSA,Est 092 NW (Ch 091),SOSTENIMIENTO'),
	(1495, '2E656O', 169, 12, '2', 'DESARR,VANESSA,Est 092 NW (Ch 091),SERVICIO'),
	(1496, '2E657P', 171, 12, '2', 'DESARR,VANESSA,Est 092 SW (Snv 092 SW),PERFORACION'),
	(1497, '2E657V', 171, 12, '2', 'DESARR,VANESSA,Est 092 SW (Snv 092 SW),VOLADURA'),
	(1498, '2E657L', 171, 12, '2', 'DESARR,VANESSA,Est 092 SW (Snv 092 SW),LIMPIEZA'),
	(1499, '2E657S', 171, 12, '2', 'DESARR,VANESSA,Est 092 SW (Snv 092 SW),SOSTENIMIENTO'),
	(1500, '2E657O', 171, 12, '2', 'DESARR,VANESSA,Est 092 SW (Snv 092 SW),SERVICIO'),
	(1501, '3E51TP', 318, 12, '2', 'PREPAR,VANESSA,Snv 050 NE (Est 075-3 SE),PERFORACION'),
	(1502, '3E51TV', 318, 12, '2', 'PREPAR,VANESSA,Snv 050 NE (Est 075-3 SE),VOLADURA'),
	(1503, '3E51TL', 318, 12, '2', 'PREPAR,VANESSA,Snv 050 NE (Est 075-3 SE),LIMPIEZA'),
	(1504, '3E51TS', 318, 12, '2', 'PREPAR,VANESSA,Snv 050 NE (Est 075-3 SE),SOSTENIMIENTO'),
	(1505, '3E51TO', 318, 12, '2', 'PREPAR,VANESSA,Snv 050 NE (Est 075-3 SE),SERVICIO'),
	(1506, '3E51UP', 319, 12, '2', 'PREPAR,VANESSA,Snv 050 SW (Est 075-3 SE),PERFORACION'),
	(1507, '3E51UV', 319, 12, '2', 'PREPAR,VANESSA,Snv 050 SW (Est 075-3 SE),VOLADURA'),
	(1508, '3E51UL', 319, 12, '2', 'PREPAR,VANESSA,Snv 050 SW (Est 075-3 SE),LIMPIEZA'),
	(1509, '3E51US', 319, 12, '2', 'PREPAR,VANESSA,Snv 050 SW (Est 075-3 SE),SOSTENIMIENTO'),
	(1510, '3E51UO', 319, 12, '2', 'PREPAR,VANESSA,Snv 050 SW (Est 075-3 SE),SERVICIO'),
	(1511, '2L375P', 28, 3, '2', 'DESARR,ANDREA,Ch 030 (Snv 031 SW),PERFORACION'),
	(1512, '2L375V', 28, 3, '2', 'DESARR,ANDREA,Ch 030 (Snv 031 SW),VOLADURA'),
	(1513, '2L375L', 28, 3, '2', 'DESARR,ANDREA,Ch 030 (Snv 031 SW),LIMPIEZA'),
	(1514, '2L375S', 28, 3, '2', 'DESARR,ANDREA,Ch 030 (Snv 031 SW),SOSTENIMIENTO'),
	(1515, '2L375O', 28, 3, '2', 'DESARR,ANDREA,Ch 030 (Snv 031 SW),SERVICIO'),
	(1516, '3E51WP', 463, 12, '2', 'PREPAR,VANESSA,Snv 827 SW (Est 092 SW),PERFORACION'),
	(1517, '3E51WV', 463, 12, '2', 'PREPAR,VANESSA,Snv 827 SW (Est 092 SW),VOLADURA'),
	(1518, '3E51WL', 463, 12, '2', 'PREPAR,VANESSA,Snv 827 SW (Est 092 SW),LIMPIEZA'),
	(1519, '3E51WS', 463, 12, '2', 'PREPAR,VANESSA,Snv 827 SW (Est 092 SW),SOSTENIMIENTO'),
	(1520, '3E51WO', 463, 12, '2', 'PREPAR,VANESSA,Snv 827 SW (Est 092 SW),SERVICIO'),
	(1521, '4DB25P', 257, 4, '2', 'OPERAC,CACHORRO,Hp 026 (Tj 072 NE),PERFORACION'),
	(1522, '4DB25V', 257, 4, '2', 'OPERAC,CACHORRO,Hp 026 (Tj 072 NE),VOLADURA'),
	(1523, '4DB25L', 257, 4, '2', 'OPERAC,CACHORRO,Hp 026 (Tj 072 NE),LIMPIEZA'),
	(1524, '4DB25O', 257, 4, '2', 'OPERAC,CACHORRO,Hp 026 (Tj 072 NE),SERVICIO'),
	(1525, '4DB26P', 258, 4, '2', 'OPERAC,CACHORRO,Hp 027 (Tj 072 NE),PERFORACION'),
	(1526, '4DB26V', 258, 4, '2', 'OPERAC,CACHORRO,Hp 027 (Tj 072 NE),VOLADURA'),
	(1527, '4DB26L', 258, 4, '2', 'OPERAC,CACHORRO,Hp 027 (Tj 072 NE),LIMPIEZA'),
	(1528, '4DB26O', 258, 4, '2', 'OPERAC,CACHORRO,Hp 027 (Tj 072 NE),SERVICIO'),
	(1529, '4DB27P', 259, 4, '2', 'OPERAC,CACHORRO,Hp 028 (Tj 072 NE),PERFORACION'),
	(1530, '4DB27V', 259, 4, '2', 'OPERAC,CACHORRO,Hp 028 (Tj 072 NE),VOLADURA'),
	(1531, '4DB27L', 259, 4, '2', 'OPERAC,CACHORRO,Hp 028 (Tj 072 NE),LIMPIEZA'),
	(1532, '4DB27O', 259, 4, '2', 'OPERAC,CACHORRO,Hp 028 (Tj 072 NE),SERVICIO'),
	(1533, '3C376P', 91, 5, '2', 'PREPAR,CHAPI,Ch 653 (Snv 327 NE),PERFORACION'),
	(1534, '3C376V', 91, 5, '2', 'PREPAR,CHAPI,Ch 653 (Snv 327 NE),VOLADURA'),
	(1535, '3C376L', 91, 5, '2', 'PREPAR,CHAPI,Ch 653 (Snv 327 NE),LIMPIEZA'),
	(1536, '3C376S', 91, 5, '2', 'PREPAR,CHAPI,Ch 653 (Snv 327 NE),SOSTENIMIENTO'),
	(1537, '3C376O', 91, 5, '2', 'PREPAR,CHAPI,Ch 653 (Snv 327 NE),SERVICIO'),
	(1538, '3E377P', 71, 12, '2', 'PREPAR,VANESSA,Ch 095 (Tj 066 NE),PERFORACION'),
	(1539, '3E377V', 71, 12, '2', 'PREPAR,VANESSA,Ch 095 (Tj 066 NE),VOLADURA'),
	(1540, '3E377L', 71, 12, '2', 'PREPAR,VANESSA,Ch 095 (Tj 066 NE),LIMPIEZA'),
	(1541, '3E377S', 71, 12, '2', 'PREPAR,VANESSA,Ch 095 (Tj 066 NE),SOSTENIMIENTO'),
	(1542, '3E377O', 71, 12, '2', 'PREPAR,VANESSA,Ch 095 (Tj 066 NE),SERVICIO'),
	(1543, '5E789P', 536, 12, '1', 'EXPLOT,VANESSA,Tj 036 SW (Ch 066),PERFORACION'),
	(1544, '5E789V', 536, 12, '1', 'EXPLOT,VANESSA,Tj 036 SW (Ch 066),VOLADURA'),
	(1545, '5E789L', 536, 12, '1', 'EXPLOT,VANESSA,Tj 036 SW (Ch 066),LIMPIEZA'),
	(1546, '5E789S', 536, 12, '1', 'EXPLOT,VANESSA,Tj 036 SW (Ch 066),SOSTENIMIENTO'),
	(1547, '5E789O', 536, 12, '1', 'EXPLOT,VANESSA,Tj 036 SW (Ch 066),SERVICIO'),
	(1548, '3G51XP', 506, 9, '2', 'PREPAR,MANUEL,Snv 938 SW (Est 935 NE),PERFORACION'),
	(1549, '3G51XV', 506, 9, '2', 'PREPAR,MANUEL,Snv 938 SW (Est 935 NE),VOLADURA'),
	(1550, '3G51XS', 506, 9, '2', 'PREPAR,MANUEL,Snv 938 SW (Est 935 NE),SOSTENIMIENTO'),
	(1551, '3G51XO', 506, 9, '2', 'PREPAR,MANUEL,Snv 938 SW (Est 935 NE),SERVICIO'),
	(1552, '3G51XL', 506, 9, '2', 'PREPAR,MANUEL,Snv 938 SW (Est 935 NE),LIMPIEZA'),
	(1553, '3G51YP', 504, 9, '2', 'PREPAR,MANUEL,Snv 938 NE (Est 935 NE),PERFORACION'),
	(1554, '3G51YV', 504, 9, '2', 'PREPAR,MANUEL,Snv 938 NE (Est 935 NE),VOLADURA'),
	(1555, '3G51YL', 504, 9, '2', 'PREPAR,MANUEL,Snv 938 NE (Est 935 NE),LIMPIEZA'),
	(1556, '3G51YS', 504, 9, '2', 'PREPAR,MANUEL,Snv 938 NE (Est 935 NE),SOSTENIMIENTO'),
	(1557, '3G51YO', 504, 9, '2', 'PREPAR,MANUEL,Snv 938 NE (Est 935 NE),SERVICIO'),
	(1558, '3L51ZP', 294, 3, '2', 'PREPAR,ANDREA,Snv 015 SW (Est 008 SE),PERFORACION'),
	(1559, '3L51ZV', 294, 3, '2', 'PREPAR,ANDREA,Snv 015 SW (Est 008 SE),VOLADURA'),
	(1560, '3L51ZS', 294, 3, '2', 'PREPAR,ANDREA,Snv 015 SW (Est 008 SE),SOSTENIMIENTO'),
	(1561, '3L51ZO', 294, 3, '2', 'PREPAR,ANDREA,Snv 015 SW (Est 008 SE),SERVICIO'),
	(1562, '3L51ZL', 294, 3, '2', 'PREPAR,ANDREA,Snv 015 SW (Est 008 SE),LIMPIEZA'),
	(1563, '5C790P', 607, 5, '1', 'EXPLOT,CHAPI,Tj 653 NE (Ch 653),PERFORACION'),
	(1564, '5C790V', 607, 5, '1', 'EXPLOT,CHAPI,Tj 653 NE (Ch 653),VOLADURA'),
	(1565, '5C790S', 607, 5, '1', 'EXPLOT,CHAPI,Tj 653 NE (Ch 653),SOSTENIMIENTO'),
	(1566, '5C790O', 607, 5, '1', 'EXPLOT,CHAPI,Tj 653 NE (Ch 653),SERVICIO'),
	(1567, '5C790L', 607, 5, '1', 'EXPLOT,CHAPI,Tj 653 NE (Ch 653),LIMPIEZA'),
	(1568, '5C791P', 608, 5, '1', 'EXPLOT,CHAPI,Tj 653 SW (Ch 653),PERFORACION'),
	(1569, '5C791V', 608, 5, '1', 'EXPLOT,CHAPI,Tj 653 SW (Ch 653),VOLADURA'),
	(1570, '5C791S', 608, 5, '1', 'EXPLOT,CHAPI,Tj 653 SW (Ch 653),SOSTENIMIENTO'),
	(1571, '5C791O', 608, 5, '1', 'EXPLOT,CHAPI,Tj 653 SW (Ch 653),SERVICIO'),
	(1572, '5C791L', 608, 5, '1', 'EXPLOT,CHAPI,Tj 653 SW (Ch 653),LIMPIEZA'),
	(1573, '2E658P', 160, 12, '2', 'DESARR,VANESSA,Est 074 SW (Est 075-3 SE),PERFORACION'),
	(1574, '2E658V', 160, 12, '2', 'DESARR,VANESSA,Est 074 SW (Est 075-3 SE),VOLADURA'),
	(1575, '2E658S', 160, 12, '2', 'DESARR,VANESSA,Est 074 SW (Est 075-3 SE),SOSTENIMIENTO'),
	(1576, '2E658O', 160, 12, '2', 'DESARR,VANESSA,Est 074 SW (Est 075-3 SE),SERVICIO'),
	(1577, '2E658L', 160, 12, '2', 'DESARR,VANESSA,Est 074 SW (Est 075-3 SE),LIMPIEZA'),
	(1578, '2EP02P', 284, 12, '2', 'DESARR,VANESSA,Pz 074 (Est 074 SW),PERFORACION'),
	(1579, '2EP02V', 284, 12, '2', 'DESARR,VANESSA,Pz 074 (Est 074 SW),VOLADURA'),
	(1580, '2EP02S', 284, 12, '2', 'DESARR,VANESSA,Pz 074 (Est 074 SW),SOSTENIMIENTO'),
	(1581, '2EP02O', 284, 12, '2', 'DESARR,VANESSA,Pz 074 (Est 074 SW),SERVICIO'),
	(1582, '2EP02L', 284, 12, '2', 'DESARR,VANESSA,Pz 074 (Est 074 SW),LIMPIEZA'),
	(1583, '5G792P', 636, 9, '1', 'EXPLOT,MANUEL,Tj 940 SW (Ch 931),PERFORACION'),
	(1584, '5G792V', 636, 9, '1', 'EXPLOT,MANUEL,Tj 940 SW (Ch 931),VOLADURA'),
	(1585, '5G792S', 636, 9, '1', 'EXPLOT,MANUEL,Tj 940 SW (Ch 931),SOSTENIMIENTO'),
	(1586, '5G792O', 636, 9, '1', 'EXPLOT,MANUEL,Tj 940 SW (Ch 931),SERVICIO'),
	(1587, '5G792L', 636, 9, '1', 'EXPLOT,MANUEL,Tj 940 SW (Ch 931),LIMPIEZA'),
	(1588, '5G793P', 635, 9, '1', 'EXPLOT,MANUEL,Tj 940 NE (Ch 931),PERFORACION'),
	(1589, '5G793V', 635, 9, '1', 'EXPLOT,MANUEL,Tj 940 NE (Ch 931),VOLADURA'),
	(1590, '5G793S', 635, 9, '1', 'EXPLOT,MANUEL,Tj 940 NE (Ch 931),SOSTENIMIENTO'),
	(1591, '5G793O', 635, 9, '1', 'EXPLOT,MANUEL,Tj 940 NE (Ch 931),SERVICIO'),
	(1592, '5G793L', 635, 9, '1', 'EXPLOT,MANUEL,Tj 940 NE (Ch 931),LIMPIEZA'),
	(1593, '5L794P', 526, 3, '1', 'EXPLOT,ANDREA,Tj 017 SW (Snv 015 SW),PERFORACION'),
	(1594, '5L794V', 526, 3, '1', 'EXPLOT,ANDREA,Tj 017 SW (Snv 015 SW),VOLADURA'),
	(1595, '5L794S', 526, 3, '1', 'EXPLOT,ANDREA,Tj 017 SW (Snv 015 SW),SOSTENIMIENTO'),
	(1596, '5L794O', 526, 3, '1', 'EXPLOT,ANDREA,Tj 017 SW (Snv 015 SW),SERVICIO'),
	(1597, '5L794L', 526, 3, '1', 'EXPLOT,ANDREA,Tj 017 SW (Snv 015 SW),LIMPIEZA'),
	(1598, '5L795P', 637, 3, '2', 'EXPLOT,ANDREA,Tj 017 NE (Snv 015 SW),PERFORACION'),
	(1599, '5L795V', 637, 3, '2', 'EXPLOT,ANDREA,Tj 017 NE (Snv 015 SW),VOLADURA'),
	(1600, '5L795S', 637, 3, '2', 'EXPLOT,ANDREA,Tj 017 NE (Snv 015 SW),SOSTENIMIENTO'),
	(1601, '5L795O', 637, 3, '2', 'EXPLOT,ANDREA,Tj 017 NE (Snv 015 SW),SERVICIO'),
	(1602, '5L795L', 637, 3, '2', 'EXPLOT,ANDREA,Tj 017 NE (Snv 015 SW),LIMPIEZA'),
	(1603, '3E378P', 70, 12, '2', 'PREPAR,VANESSA,Ch 091 (Snv 050 NE),PERFORACION'),
	(1604, '3E378V', 70, 12, '2', 'PREPAR,VANESSA,Ch 091 (Snv 050 NE),VOLADURA'),
	(1605, '3E378S', 70, 12, '2', 'PREPAR,VANESSA,Ch 091 (Snv 050 NE),SOSTENIMIENTO'),
	(1606, '3E378O', 70, 12, '2', 'PREPAR,VANESSA,Ch 091 (Snv 050 NE),SERVICIO'),
	(1607, '3E378L', 70, 12, '2', 'PREPAR,VANESSA,Ch 091 (Snv 050 NE),LIMPIEZA'),
	(1608, '5E796P', 639, 12, '2', 'EXPLOT,VANESSA,Tj 057 SW (Ch 091),PERFORACION'),
	(1609, '5E796V', 639, 12, '2', 'EXPLOT,VANESSA,Tj 057 SW (Ch 091),VOLADURA'),
	(1610, '5E796S', 639, 12, '2', 'EXPLOT,VANESSA,Tj 057 SW (Ch 091),SOSTENIMIENTO'),
	(1611, '5E796O', 639, 12, '2', 'EXPLOT,VANESSA,Tj 057 SW (Ch 091),SERVICIO'),
	(1612, '5E796L', 639, 12, '2', 'EXPLOT,VANESSA,Tj 057 SW (Ch 091),LIMPIEZA'),
	(1613, '5E797P', 638, 12, '2', 'EXPLOT,VANESSA,Tj 057 NE (Ch 091),PERFORACION'),
	(1614, '5E797V', 638, 12, '2', 'EXPLOT,VANESSA,Tj 057 NE (Ch 091),VOLADURA'),
	(1615, '5E797S', 638, 12, '2', 'EXPLOT,VANESSA,Tj 057 NE (Ch 091),SOSTENIMIENTO'),
	(1616, '5E797O', 638, 12, '2', 'EXPLOT,VANESSA,Tj 057 NE (Ch 091),SERVICIO'),
	(1617, '5E797L', 638, 12, '2', 'EXPLOT,VANESSA,Tj 057 NE (Ch 091),LIMPIEZA'),
	(1618, '3L52AP', 303, 3, '2', 'PREPAR,ANDREA,Snv 029 SW (Est 030 SW),PERFORACION'),
	(1619, '3L52AV', 303, 3, '2', 'PREPAR,ANDREA,Snv 029 SW (Est 030 SW),VOLADURA'),
	(1620, '3L52AS', 303, 3, '2', 'PREPAR,ANDREA,Snv 029 SW (Est 030 SW),SOSTENIMIENTO'),
	(1621, '3L52AO', 303, 3, '2', 'PREPAR,ANDREA,Snv 029 SW (Est 030 SW),SERVICIO'),
	(1622, '3L52AL', 303, 3, '2', 'PREPAR,ANDREA,Snv 029 SW (Est 030 SW),LIMPIEZA'),
	(1623, '2G379P', 112, 9, '2', 'DESARR,MANUEL,Ch 931 (Snv 938 SW),PERFORACION'),
	(1624, '2G379V', 112, 9, '2', 'DESARR,MANUEL,Ch 931 (Snv 938 SW),VOLADURA'),
	(1625, '2G379S', 112, 9, '2', 'DESARR,MANUEL,Ch 931 (Snv 938 SW),SOSTENIMIENTO'),
	(1626, '2G379O', 112, 9, '2', 'DESARR,MANUEL,Ch 931 (Snv 938 SW),SERVICIO'),
	(1627, '2G379L', 112, 9, '2', 'DESARR,MANUEL,Ch 931 (Snv 938 SW),LIMPIEZA'),
	(1628, '2G411P', 281, 9, '2', 'DESARR,MANUEL,Pq 938 (Est 935 NE),PERFORACION'),
	(1629, '2G411V', 281, 9, '2', 'DESARR,MANUEL,Pq 938 (Est 935 NE),VOLADURA'),
	(1630, '2G411S', 281, 9, '2', 'DESARR,MANUEL,Pq 938 (Est 935 NE),SOSTENIMIENTO'),
	(1631, '2G411O', 281, 9, '2', 'DESARR,MANUEL,Pq 938 (Est 935 NE),SERVICIO'),
	(1632, '2G411L', 281, 9, '2', 'DESARR,MANUEL,Pq 938 (Est 935 NE),LIMPIEZA'),
	(1633, '3E380P', 35, 12, '2', 'PREPAR,VANESSA,Ch 044 (Tj 036 SW),PERFORACION'),
	(1634, '3E380V', 35, 12, '2', 'PREPAR,VANESSA,Ch 044 (Tj 036 SW),VOLADURA'),
	(1635, '3E380S', 35, 12, '2', 'PREPAR,VANESSA,Ch 044 (Tj 036 SW),SOSTENIMIENTO'),
	(1636, '3E380O', 35, 12, '2', 'PREPAR,VANESSA,Ch 044 (Tj 036 SW),SERVICIO'),
	(1637, '3E380L', 35, 12, '2', 'PREPAR,VANESSA,Ch 044 (Tj 036 SW),LIMPIEZA'),
	(1638, '2L659P', 152, 3, '2', 'DESARR,ANDREA,Est 004 NW (Snv 015 SW),PERFORACION'),
	(1639, '2L659V', 152, 3, '2', 'DESARR,ANDREA,Est 004 NW (Snv 015 SW),VOLADURA'),
	(1640, '2L659S', 152, 3, '2', 'DESARR,ANDREA,Est 004 NW (Snv 015 SW),SOSTENIMIENTO'),
	(1641, '2L659O', 152, 3, '2', 'DESARR,ANDREA,Est 004 NW (Snv 015 SW),SERVICIO'),
	(1642, '2L659L', 152, 3, '2', 'DESARR,ANDREA,Est 004 NW (Snv 015 SW),LIMPIEZA'),
	(1643, '5E660P', 195, 12, '2', 'EXPLOT,VANESSA,Est 868 SE (Ch 091),PERFORACION'),
	(1644, '5E660V', 195, 12, '2', 'EXPLOT,VANESSA,Est 868 SE (Ch 091),VOLADURA'),
	(1645, '5E660S', 195, 12, '2', 'EXPLOT,VANESSA,Est 868 SE (Ch 091),SOSTENIMIENTO'),
	(1646, '5E660O', 195, 12, '2', 'EXPLOT,VANESSA,Est 868 SE (Ch 091),SERVICIO'),
	(1647, '5E660L', 195, 12, '2', 'EXPLOT,VANESSA,Est 868 SE (Ch 091),LIMPIEZA'),
	(1648, '3E52BP', 483, 12, '2', 'PREPAR,VANESSA,Snv 870 SW (Est 868 SE),PERFORACION'),
	(1649, '3E52BV', 483, 12, '2', 'PREPAR,VANESSA,Snv 870 SW (Est 868 SE),VOLADURA'),
	(1650, '3E52BS', 483, 12, '2', 'PREPAR,VANESSA,Snv 870 SW (Est 868 SE),SOSTENIMIENTO'),
	(1651, '3E52BO', 483, 12, '2', 'PREPAR,VANESSA,Snv 870 SW (Est 868 SE),SERVICIO'),
	(1652, '3E52BL', 483, 12, '2', 'PREPAR,VANESSA,Snv 870 SW (Est 868 SE),LIMPIEZA'),
	(1653, '3E52CP', 482, 12, '2', 'PREPAR,VANESSA,Snv 870 NE (Est 868 SE),PERFORACION'),
	(1654, '3E52CV', 482, 12, '2', 'PREPAR,VANESSA,Snv 870 NE (Est 868 SE),VOLADURA'),
	(1655, '3E52CS', 482, 12, '2', 'PREPAR,VANESSA,Snv 870 NE (Est 868 SE),SOSTENIMIENTO'),
	(1656, '3E52CO', 482, 12, '2', 'PREPAR,VANESSA,Snv 870 NE (Est 868 SE),SERVICIO'),
	(1657, '3E52CL', 482, 12, '2', 'PREPAR,VANESSA,Snv 870 NE (Est 868 SE),LIMPIEZA'),
	(1658, '5D798P', 532, 4, '1', 'EXPLOT,CACHORRO,Tj 026 NE (Ch 056),PERFORACION'),
	(1659, '5D798V', 532, 4, '1', 'EXPLOT,CACHORRO,Tj 026 NE (Ch 056),VOLADURA'),
	(1660, '5D798S', 532, 4, '1', 'EXPLOT,CACHORRO,Tj 026 NE (Ch 056),SOSTENIMIENTO'),
	(1661, '5D798O', 532, 4, '1', 'EXPLOT,CACHORRO,Tj 026 NE (Ch 056),SERVICIO'),
	(1662, '5D798L', 532, 4, '1', 'EXPLOT,CACHORRO,Tj 026 NE (Ch 056),LIMPIEZA'),
	(1663, '2D661P', 184, 4, '2', 'DESARR,CACHORRO,Est 818 NW (Ch 044),PERFORACION'),
	(1664, '2D661V', 184, 4, '2', 'DESARR,CACHORRO,Est 818 NW (Ch 044),VOLADURA'),
	(1665, '2D661L', 184, 4, '2', 'DESARR,CACHORRO,Est 818 NW (Ch 044),LIMPIEZA'),
	(1666, '2D661S', 184, 4, '2', 'DESARR,CACHORRO,Est 818 NW (Ch 044),SOSTENIMIENTO'),
	(1667, '2D661O', 184, 4, '2', 'DESARR,CACHORRO,Est 818 NW (Ch 044),SERVICIO'),
	(1668, '1H128P', 145, 11, '2', 'EXPLOR,SHOJO,Cx 712 SW (Gal 980 SW),PERFORACION'),
	(1669, '1H128V', 145, 11, '2', 'EXPLOR,SHOJO,Cx 712 SW (Gal 980 SW),VOLADURA'),
	(1670, '1H128L', 145, 11, '2', 'EXPLOR,SHOJO,Cx 712 SW (Gal 980 SW),LIMPIEZA'),
	(1671, '1H128S', 145, 11, '2', 'EXPLOR,SHOJO,Cx 712 SW (Gal 980 SW),SOSTENIMIENTO'),
	(1672, '1H128O', 145, 11, '2', 'EXPLOR,SHOJO,Cx 712 SW (Gal 980 SW),SERVICIO'),
	(1673, '3L52DP', 305, 3, '2', 'PREPAR,ANDREA,Snv 030 SW (Est 030 SW),PERFORACION'),
	(1674, '3L52DV', 305, 3, '2', 'PREPAR,ANDREA,Snv 030 SW (Est 030 SW),VOLADURA'),
	(1675, '3L52DL', 305, 3, '2', 'PREPAR,ANDREA,Snv 030 SW (Est 030 SW),LIMPIEZA'),
	(1676, '3L52DS', 305, 3, '2', 'PREPAR,ANDREA,Snv 030 SW (Est 030 SW),SOSTENIMIENTO'),
	(1677, '3L52DO', 305, 3, '2', 'PREPAR,ANDREA,Snv 030 SW (Est 030 SW),SERVICIO'),
	(1678, '3L381P', 121, 3, '2', 'PREPAR,ANDREA,Ch 998 (Snv 015 SW),PERFORACION'),
	(1679, '3L381V', 121, 3, '2', 'PREPAR,ANDREA,Ch 998 (Snv 015 SW),VOLADURA'),
	(1680, '3L381L', 121, 3, '2', 'PREPAR,ANDREA,Ch 998 (Snv 015 SW),LIMPIEZA'),
	(1681, '3L381S', 121, 3, '2', 'PREPAR,ANDREA,Ch 998 (Snv 015 SW),SOSTENIMIENTO'),
	(1682, '3L381O', 121, 3, '2', 'PREPAR,ANDREA,Ch 998 (Snv 015 SW),SERVICIO'),
	(1683, '5L71AP', 615, 3, '1', 'EXPLOT,ANDREA,Tj 795 SW (Ch 998),PERFORACION'),
	(1684, '5L71AV', 615, 3, '1', 'EXPLOT,ANDREA,Tj 795 SW (Ch 998),VOLADURA'),
	(1685, '5L71AL', 615, 3, '1', 'EXPLOT,ANDREA,Tj 795 SW (Ch 998),LIMPIEZA'),
	(1686, '5L71AS', 615, 3, '1', 'EXPLOT,ANDREA,Tj 795 SW (Ch 998),SOSTENIMIENTO'),
	(1687, '5L71AO', 615, 3, '1', 'EXPLOT,ANDREA,Tj 795 SW (Ch 998),SERVICIO'),
	(1688, '5L71BP', 614, 3, '1', 'EXPLOT,ANDREA,Tj 795 NE (Ch 998),PERFORACION'),
	(1689, '5L71BV', 614, 3, '1', 'EXPLOT,ANDREA,Tj 795 NE (Ch 998),VOLADURA'),
	(1690, '5L71BL', 614, 3, '1', 'EXPLOT,ANDREA,Tj 795 NE (Ch 998),LIMPIEZA'),
	(1691, '5L71BS', 614, 3, '1', 'EXPLOT,ANDREA,Tj 795 NE (Ch 998),SOSTENIMIENTO'),
	(1692, '5L71BO', 614, 3, '1', 'EXPLOT,ANDREA,Tj 795 NE (Ch 998),SERVICIO'),
	(1693, '3E52EP', 345, 12, '2', 'PREPAR,VANESSA,Snv 085 SW (Est 868 SE),PERFORACION'),
	(1694, '3E52EV', 345, 12, '2', 'PREPAR,VANESSA,Snv 085 SW (Est 868 SE),VOLADURA'),
	(1695, '3E52EL', 345, 12, '2', 'PREPAR,VANESSA,Snv 085 SW (Est 868 SE),LIMPIEZA'),
	(1696, '3E52ES', 345, 12, '2', 'PREPAR,VANESSA,Snv 085 SW (Est 868 SE),SOSTENIMIENTO'),
	(1697, '3E52EO', 345, 12, '2', 'PREPAR,VANESSA,Snv 085 SW (Est 868 SE),SERVICIO'),
	(1698, '3E52FP', 344, 12, '2', 'PREPAR,VANESSA,Snv 085 NE (Est 868 SE),PERFORACION'),
	(1699, '3E52FV', 344, 12, '2', 'PREPAR,VANESSA,Snv 085 NE (Est 868 SE),VOLADURA'),
	(1700, '3E52FL', 344, 12, '2', 'PREPAR,VANESSA,Snv 085 NE (Est 868 SE),LIMPIEZA'),
	(1701, '3E52FS', 344, 12, '2', 'PREPAR,VANESSA,Snv 085 NE (Est 868 SE),SOSTENIMIENTO'),
	(1702, '3E52FO', 344, 12, '2', 'PREPAR,VANESSA,Snv 085 NE (Est 868 SE),SERVICIO'),
	(1703, '3E52GP', 358, 12, '2', 'PREPAR,VANESSA,Snv 094 NE (Tj 036 SW),PERFORACION'),
	(1704, '3E52GV', 358, 12, '2', 'PREPAR,VANESSA,Snv 094 NE (Tj 036 SW),VOLADURA'),
	(1705, '3E52GL', 358, 12, '2', 'PREPAR,VANESSA,Snv 094 NE (Tj 036 SW),LIMPIEZA'),
	(1706, '3E52GS', 358, 12, '2', 'PREPAR,VANESSA,Snv 094 NE (Tj 036 SW),SOSTENIMIENTO'),
	(1707, '3E52GO', 358, 12, '2', 'PREPAR,VANESSA,Snv 094 NE (Tj 036 SW),SERVICIO'),
	(1708, '2J213P', 233, 10, '2', 'DESARR,PAMELA,Gal 980 SW (Cx 712 SW),PERFORACION'),
	(1709, '2J213V', 233, 10, '2', 'DESARR,PAMELA,Gal 980 SW (Cx 712 SW),VOLADURA'),
	(1710, '2J213L', 233, 10, '2', 'DESARR,PAMELA,Gal 980 SW (Cx 712 SW),LIMPIEZA'),
	(1711, '2J213S', 233, 10, '2', 'DESARR,PAMELA,Gal 980 SW (Cx 712 SW),SOSTENIMIENTO'),
	(1712, '2J213O', 233, 10, '2', 'DESARR,PAMELA,Gal 980 SW (Cx 712 SW),SERVICIO'),
	(1713, '5L71CP', 534, 3, '1', 'EXPLOT,ANDREA,Tj 030 SW (CH 003),PERFORACION'),
	(1714, '5L71CV', 534, 3, '1', 'EXPLOT,ANDREA,Tj 030 SW (CH 003),VOLADURA'),
	(1715, '5L71CL', 534, 3, '1', 'EXPLOT,ANDREA,Tj 030 SW (CH 003),LIMPIEZA'),
	(1716, '5L71CS', 534, 3, '1', 'EXPLOT,ANDREA,Tj 030 SW (CH 003),SOSTENIMIENTO'),
	(1717, '5L71CO', 534, 3, '1', 'EXPLOT,ANDREA,Tj 030 SW (CH 003),SERVICIO'),
	(1718, '2L662P', 213, 3, '2', 'DESARR,ANDREA,Est 991 NW (Snv 030 SW),PERFORACION'),
	(1719, '2L662V', 213, 3, '2', 'DESARR,ANDREA,Est 991 NW (Snv 030 SW),VOLADURA'),
	(1720, '2L662L', 213, 3, '2', 'DESARR,ANDREA,Est 991 NW (Snv 030 SW),LIMPIEZA'),
	(1721, '2L662S', 213, 3, '2', 'DESARR,ANDREA,Est 991 NW (Snv 030 SW),SOSTENIMIENTO'),
	(1722, '2L662O', 213, 3, '2', 'DESARR,ANDREA,Est 991 NW (Snv 030 SW),SERVICIO'),
	(1723, '5L71DP', 533, 3, '1', 'EXPLOT,ANDREA,Tj 029 SW (Snv 029 SW),PERFORACION'),
	(1724, '5L71DV', 533, 3, '1', 'EXPLOT,ANDREA,Tj 029 SW (Snv 029 SW),VOLADURA'),
	(1725, '5L71DL', 533, 3, '1', 'EXPLOT,ANDREA,Tj 029 SW (Snv 029 SW),LIMPIEZA'),
	(1726, '5L71DS', 533, 3, '1', 'EXPLOT,ANDREA,Tj 029 SW (Snv 029 SW),SOSTENIMIENTO'),
	(1727, '5L71DO', 533, 3, '1', 'EXPLOT,ANDREA,Tj 029 SW (Snv 029 SW),SERVICIO'),
	(1728, '2D936P', 669, 4, '2', 'DESARR,CACHORRO,Ven 031 (Tj 026 NE),PERFORACION'),
	(1729, '2D936V', 669, 4, '2', 'DESARR,CACHORRO,Ven 031 (Tj 026 NE),VOLADURA'),
	(1730, '2D936L', 669, 4, '2', 'DESARR,CACHORRO,Ven 031 (Tj 026 NE),LIMPIEZA'),
	(1731, '2D936S', 669, 4, '2', 'DESARR,CACHORRO,Ven 031 (Tj 026 NE),SOSTENIMIENTO'),
	(1732, '2D936O', 669, 4, '2', 'DESARR,CACHORRO,Ven 031 (Tj 026 NE),SERVICIO'),
	(1733, '2E663P', 159, 12, '2', 'DESARR,VANESSA,Est 072 NW (Tj 077 NE),PERFORACION'),
	(1734, '2E663V', 159, 12, '2', 'DESARR,VANESSA,Est 072 NW (Tj 077 NE),VOLADURA'),
	(1735, '2E663L', 159, 12, '2', 'DESARR,VANESSA,Est 072 NW (Tj 077 NE),LIMPIEZA'),
	(1736, '2E663S', 159, 12, '2', 'DESARR,VANESSA,Est 072 NW (Tj 077 NE),SOSTENIMIENTO'),
	(1737, '2E663O', 159, 12, '2', 'DESARR,VANESSA,Est 072 NW (Tj 077 NE),SERVICIO'),
	(1738, '3E52HP', 332, 12, '2', 'PREPAR,VANESSA,Snv 072 SW (Est 072 NW),PERFORACION'),
	(1739, '3E52HV', 332, 12, '2', 'PREPAR,VANESSA,Snv 072 SW (Est 072 NW),VOLADURA'),
	(1740, '3E52HL', 332, 12, '2', 'PREPAR,VANESSA,Snv 072 SW (Est 072 NW),LIMPIEZA'),
	(1741, '3E52HS', 332, 12, '2', 'PREPAR,VANESSA,Snv 072 SW (Est 072 NW),SOSTENIMIENTO'),
	(1742, '3E52HO', 332, 12, '2', 'PREPAR,VANESSA,Snv 072 SW (Est 072 NW),SERVICIO'),
	(1743, '5L71EP', 2, 3, '2', 'EXPLOT,ANDREA, Tj 030 NE (Ch 003)),PERFORACION'),
	(1744, '5L71EV', 2, 3, '2', 'EXPLOT,ANDREA, Tj 030 NE (Ch 003)),VOLADURA'),
	(1745, '5L71EL', 2, 3, '2', 'EXPLOT,ANDREA, Tj 030 NE (Ch 003)),LIMPIEZA'),
	(1746, '5L71ES', 2, 3, '2', 'EXPLOT,ANDREA, Tj 030 NE (Ch 003)),SOSTENIMIENTO'),
	(1747, '5L71EO', 2, 3, '2', 'EXPLOT,ANDREA, Tj 030 NE (Ch 003)),SERVICIO'),
	(1748, '1H214P', 229, 11, '2', 'EXPLOR,SHOJO,Gal 648 SW (Cx 712 SW),PERFORACION'),
	(1749, '1H214V', 229, 11, '2', 'EXPLOR,SHOJO,Gal 648 SW (Cx 712 SW),VOLADURA'),
	(1750, '1H214L', 229, 11, '2', 'EXPLOR,SHOJO,Gal 648 SW (Cx 712 SW),LIMPIEZA'),
	(1751, '1H214S', 229, 11, '2', 'EXPLOR,SHOJO,Gal 648 SW (Cx 712 SW),SOSTENIMIENTO'),
	(1752, '1H214O', 229, 11, '2', 'EXPLOR,SHOJO,Gal 648 SW (Cx 712 SW),SERVICIO'),
	(1753, '1H215P', 228, 11, '2', 'EXPLOR,SHOJO,Gal 648 NE (Cx 712 SW),PERFORACION'),
	(1754, '1H215V', 228, 11, '2', 'EXPLOR,SHOJO,Gal 648 NE (Cx 712 SW),VOLADURA'),
	(1755, '1H215L', 228, 11, '2', 'EXPLOR,SHOJO,Gal 648 NE (Cx 712 SW),LIMPIEZA'),
	(1756, '1H215S', 228, 11, '2', 'EXPLOR,SHOJO,Gal 648 NE (Cx 712 SW),SOSTENIMIENTO'),
	(1757, '1H215O', 228, 11, '2', 'EXPLOR,SHOJO,Gal 648 NE (Cx 712 SW),SERVICIO'),
	(1758, '3E937P', 670, 12, '2', 'PREPAR,VANESSA,Ven 032 (Tj 077 NE),PERFORACION'),
	(1759, '3E937V', 670, 12, '2', 'PREPAR,VANESSA,Ven 032 (Tj 077 NE),VOLADURA'),
	(1760, '3E937L', 670, 12, '2', 'PREPAR,VANESSA,Ven 032 (Tj 077 NE),LIMPIEZA'),
	(1761, '3E937S', 670, 12, '2', 'PREPAR,VANESSA,Ven 032 (Tj 077 NE),SOSTENIMIENTO'),
	(1762, '3E937O', 670, 12, '2', 'PREPAR,VANESSA,Ven 032 (Tj 077 NE),SERVICIO'),
	(1763, '3E382P', 44, 12, '2', 'PREPAR,VANESSA,Ch 064 (Est 075-2 SE),PERFORACION'),
	(1764, '3E382V', 44, 12, '2', 'PREPAR,VANESSA,Ch 064 (Est 075-2 SE),VOLADURA'),
	(1765, '3E382L', 44, 12, '2', 'PREPAR,VANESSA,Ch 064 (Est 075-2 SE),LIMPIEZA'),
	(1766, '3E382S', 44, 12, '2', 'PREPAR,VANESSA,Ch 064 (Est 075-2 SE),SOSTENIMIENTO'),
	(1767, '3E382O', 44, 12, '2', 'PREPAR,VANESSA,Ch 064 (Est 075-2 SE),SERVICIO'),
	(1768, '1L664P', 155, 3, '2', 'EXPLOR,ANDREA,Est 022 NW (Nv 8),PERFORACION'),
	(1769, '1L664V', 155, 3, '2', 'EXPLOR,ANDREA,Est 022 NW (Nv 8),VOLADURA'),
	(1770, '1L664L', 155, 3, '2', 'EXPLOR,ANDREA,Est 022 NW (Nv 8),LIMPIEZA'),
	(1771, '1L664S', 155, 3, '2', 'EXPLOR,ANDREA,Est 022 NW (Nv 8),SOSTENIMIENTO'),
	(1772, '1L664O', 155, 3, '2', 'EXPLOR,ANDREA,Est 022 NW (Nv 8),SERVICIO'),
	(1773, '2H129P', 142, 11, '2', 'DESARR,SHOJO,Cx 648 SW (Cx 712 SW),PERFORACION'),
	(1774, '2H129V', 142, 11, '2', 'DESARR,SHOJO,Cx 648 SW (Cx 712 SW),VOLADURA'),
	(1775, '2H129L', 142, 11, '2', 'DESARR,SHOJO,Cx 648 SW (Cx 712 SW),LIMPIEZA'),
	(1776, '2H129S', 142, 11, '2', 'DESARR,SHOJO,Cx 648 SW (Cx 712 SW),SOSTENIMIENTO'),
	(1777, '2H129O', 142, 11, '2', 'DESARR,SHOJO,Cx 648 SW (Cx 712 SW),SERVICIO'),
	(1778, '5EB28P', 260, 12, '2', 'EXPLOT,VANESSA,Hp 029 (Tj 077 NE),PERFORACION'),
	(1779, '5EB28V', 260, 12, '2', 'EXPLOT,VANESSA,Hp 029 (Tj 077 NE),VOLADURA'),
	(1780, '5EB28L', 260, 12, '2', 'EXPLOT,VANESSA,Hp 029 (Tj 077 NE),LIMPIEZA'),
	(1781, '5EB28S', 260, 12, '2', 'EXPLOT,VANESSA,Hp 029 (Tj 077 NE),SOSTENIMIENTO'),
	(1782, '5EB28O', 260, 12, '2', 'EXPLOT,VANESSA,Hp 029 (Tj 077 NE),SERVICIO'),
	(1783, '5EB29P', 261, 12, '2', 'EXPLOT,VANESSA,Hp 030 (Tj 077 NE),PERFORACION'),
	(1784, '5EB29V', 261, 12, '2', 'EXPLOT,VANESSA,Hp 030 (Tj 077 NE),VOLADURA'),
	(1785, '5EB29L', 261, 12, '2', 'EXPLOT,VANESSA,Hp 030 (Tj 077 NE),LIMPIEZA'),
	(1786, '5EB29S', 261, 12, '2', 'EXPLOT,VANESSA,Hp 030 (Tj 077 NE),SOSTENIMIENTO'),
	(1787, '5EB29O', 261, 12, '2', 'EXPLOT,VANESSA,Hp 030 (Tj 077 NE),SERVICIO'),
	(1788, '5EB30P', 262, 12, '2', 'EXPLOT,VANESSA,Hp 031 (Tj 077 NE),PERFORACION'),
	(1789, '5EB30V', 262, 12, '2', 'EXPLOT,VANESSA,Hp 031 (Tj 077 NE),VOLADURA'),
	(1790, '5EB30L', 262, 12, '2', 'EXPLOT,VANESSA,Hp 031 (Tj 077 NE),LIMPIEZA'),
	(1791, '5EB30S', 262, 12, '2', 'EXPLOT,VANESSA,Hp 031 (Tj 077 NE),SOSTENIMIENTO'),
	(1792, '5EB30O', 262, 12, '2', 'EXPLOT,VANESSA,Hp 031 (Tj 077 NE),SERVICIO'),
	(1793, '3E52IP', 331, 12, '2', 'PREPAR,VANESSA,Snv 072 SW (Ch 064),PERFORACION'),
	(1794, '3E52IV', 331, 12, '2', 'PREPAR,VANESSA,Snv 072 SW (Ch 064),VOLADURA'),
	(1795, '3E52IL', 331, 12, '2', 'PREPAR,VANESSA,Snv 072 SW (Ch 064),LIMPIEZA'),
	(1796, '3E52IS', 331, 12, '2', 'PREPAR,VANESSA,Snv 072 SW (Ch 064),SOSTENIMIENTO'),
	(1797, '3E52IO', 331, 12, '2', 'PREPAR,VANESSA,Snv 072 SW (Ch 064),SERVICIO'),
	(1798, '2H130P', 141, 11, '2', 'DESARR,SHOJO,Cx 648 NE (Cx 712 SW),PERFORACION'),
	(1799, '2H130V', 141, 11, '2', 'DESARR,SHOJO,Cx 648 NE (Cx 712 SW),VOLADURA'),
	(1800, '2H130L', 141, 11, '2', 'DESARR,SHOJO,Cx 648 NE (Cx 712 SW),LIMPIEZA'),
	(1801, '2H130S', 141, 11, '2', 'DESARR,SHOJO,Cx 648 NE (Cx 712 SW),SOSTENIMIENTO'),
	(1802, '2H130O', 141, 11, '2', 'DESARR,SHOJO,Cx 648 NE (Cx 712 SW),SERVICIO'),
	(1803, '3E52JP', 481, 12, '2', 'PREPAR,VANESSA,Snv 868 SW (Est 868 SE),PERFORACION'),
	(1804, '3E52JV', 481, 12, '2', 'PREPAR,VANESSA,Snv 868 SW (Est 868 SE),VOLADURA'),
	(1805, '3E52JL', 481, 12, '2', 'PREPAR,VANESSA,Snv 868 SW (Est 868 SE),LIMPIEZA'),
	(1806, '3E52JS', 481, 12, '2', 'PREPAR,VANESSA,Snv 868 SW (Est 868 SE),SOSTENIMIENTO'),
	(1807, '3E52JO', 481, 12, '2', 'PREPAR,VANESSA,Snv 868 SW (Est 868 SE),SERVICIO'),
	(1808, '3E52KP', 479, 12, '2', 'PREPAR,VANESSA,Snv 868 NE (Est 868 SE),PERFORACION'),
	(1809, '3E52KV', 479, 12, '2', 'PREPAR,VANESSA,Snv 868 NE (Est 868 SE),VOLADURA'),
	(1810, '3E52KL', 479, 12, '2', 'PREPAR,VANESSA,Snv 868 NE (Est 868 SE),LIMPIEZA'),
	(1811, '3E52KS', 479, 12, '2', 'PREPAR,VANESSA,Snv 868 NE (Est 868 SE),SOSTENIMIENTO'),
	(1812, '3E52KO', 479, 12, '2', 'PREPAR,VANESSA,Snv 868 NE (Est 868 SE),SERVICIO'),
	(1813, '1H131P', 143, 11, '2', 'EXPLOR,SHOJO,Cx 683 NW (Gal 980 SW),PERFORACION'),
	(1814, '1H131V', 143, 11, '2', 'EXPLOR,SHOJO,Cx 683 NW (Gal 980 SW),VOLADURA'),
	(1815, '1H131L', 143, 11, '2', 'EXPLOR,SHOJO,Cx 683 NW (Gal 980 SW),LIMPIEZA'),
	(1816, '1H131S', 143, 11, '2', 'EXPLOR,SHOJO,Cx 683 NW (Gal 980 SW),SOSTENIMIENTO'),
	(1817, '1H131O', 143, 11, '2', 'EXPLOR,SHOJO,Cx 683 NW (Gal 980 SW),SERVICIO'),
	(1818, '2M216P', 227, 8, '2', 'DESARR,JACKY,Gal 639 SW (Cx 648 SW),PERFORACION'),
	(1819, '2M216V', 227, 8, '2', 'DESARR,JACKY,Gal 639 SW (Cx 648 SW),VOLADURA'),
	(1820, '2M216L', 227, 8, '2', 'DESARR,JACKY,Gal 639 SW (Cx 648 SW),LIMPIEZA'),
	(1821, '2M216S', 227, 8, '2', 'DESARR,JACKY,Gal 639 SW (Cx 648 SW),SOSTENIMIENTO'),
	(1822, '2M216O', 227, 8, '2', 'DESARR,JACKY,Gal 639 SW (Cx 648 SW),SERVICIO'),
	(1823, '2M217P', 226, 8, '2', 'DESARR,JACKY,Gal 639 NE (Cx 648 SW),PERFORACION'),
	(1824, '2M217V', 226, 8, '2', 'DESARR,JACKY,Gal 639 NE (Cx 648 SW),VOLADURA'),
	(1825, '2M217L', 226, 8, '2', 'DESARR,JACKY,Gal 639 NE (Cx 648 SW),LIMPIEZA'),
	(1826, '2M217S', 226, 8, '2', 'DESARR,JACKY,Gal 639 NE (Cx 648 SW),SOSTENIMIENTO'),
	(1827, '2M217O', 226, 8, '2', 'DESARR,JACKY,Gal 639 NE (Cx 648 SW),SERVICIO'),
	(1828, '3L52LP', 299, 3, '2', 'PREPAR,ANDREA,Snv 024 SW (Tj 029 SW),PERFORACION'),
	(1829, '3L52LV', 299, 3, '2', 'PREPAR,ANDREA,Snv 024 SW (Tj 029 SW),VOLADURA'),
	(1830, '3L52LL', 299, 3, '2', 'PREPAR,ANDREA,Snv 024 SW (Tj 029 SW),LIMPIEZA'),
	(1831, '3L52LS', 299, 3, '2', 'PREPAR,ANDREA,Snv 024 SW (Tj 029 SW),SOSTENIMIENTO'),
	(1832, '3L52LO', 299, 3, '2', 'PREPAR,ANDREA,Snv 024 SW (Tj 029 SW),SERVICIO'),
	(1833, '3L52MP', 292, 3, '2', 'PREPAR,ANDREA,Snv 010 SW (Tj 030 NE),PERFORACION'),
	(1834, '3L52MV', 292, 3, '2', 'PREPAR,ANDREA,Snv 010 SW (Tj 030 NE),VOLADURA'),
	(1835, '3L52ML', 292, 3, '2', 'PREPAR,ANDREA,Snv 010 SW (Tj 030 NE),LIMPIEZA'),
	(1836, '3L52MS', 292, 3, '2', 'PREPAR,ANDREA,Snv 010 SW (Tj 030 NE),SOSTENIMIENTO'),
	(1837, '3L52MO', 292, 3, '2', 'PREPAR,ANDREA,Snv 010 SW (Tj 030 NE),SERVICIO'),
	(1838, '2H218P', 231, 11, '2', 'DESARR,SHOJO,Gal 708 SW (Cx683 NW),PERFORACION'),
	(1839, '2H218V', 231, 11, '2', 'DESARR,SHOJO,Gal 708 SW (Cx683 NW),VOLADURA'),
	(1840, '2H218L', 231, 11, '2', 'DESARR,SHOJO,Gal 708 SW (Cx683 NW),LIMPIEZA'),
	(1841, '2H218S', 231, 11, '2', 'DESARR,SHOJO,Gal 708 SW (Cx683 NW),SOSTENIMIENTO'),
	(1842, '2H218O', 231, 11, '2', 'DESARR,SHOJO,Gal 708 SW (Cx683 NW),SERVICIO'),
	(1843, '2H219P', 230, 11, '2', 'DESARR,SHOJO,Gal 708 NE (Cx683 NW),PERFORACION'),
	(1844, '2H219V', 230, 11, '2', 'DESARR,SHOJO,Gal 708 NE (Cx683 NW),VOLADURA'),
	(1845, '2H219L', 230, 11, '2', 'DESARR,SHOJO,Gal 708 NE (Cx683 NW),LIMPIEZA'),
	(1846, '2H219S', 230, 11, '2', 'DESARR,SHOJO,Gal 708 NE (Cx683 NW),SOSTENIMIENTO'),
	(1847, '2H219O', 230, 11, '2', 'DESARR,SHOJO,Gal 708 NE (Cx683 NW),SERVICIO'),
	(1848, '5H71FP', 610, 11, '1', 'EXPLOT,SHOJO,Tj 710 SW (Gal 708 SW),PERFORACION'),
	(1849, '5H71FV', 610, 11, '1', 'EXPLOT,SHOJO,Tj 710 SW (Gal 708 SW),VOLADURA'),
	(1850, '5H71FL', 610, 11, '1', 'EXPLOT,SHOJO,Tj 710 SW (Gal 708 SW),LIMPIEZA'),
	(1851, '5H71FS', 610, 11, '1', 'EXPLOT,SHOJO,Tj 710 SW (Gal 708 SW),SOSTENIMIENTO'),
	(1852, '5H71FO', 610, 11, '1', 'EXPLOT,SHOJO,Tj 710 SW (Gal 708 SW),SERVICIO'),
	(1853, '5H71GP', 609, 11, '1', 'EXPLOT,SHOJO,Tj 710 NE (Gal 708 NE),PERFORACION'),
	(1854, '5H71GV', 609, 11, '1', 'EXPLOT,SHOJO,Tj 710 NE (Gal 708 NE),VOLADURA'),
	(1855, '5H71GL', 609, 11, '1', 'EXPLOT,SHOJO,Tj 710 NE (Gal 708 NE),LIMPIEZA'),
	(1856, '5H71GS', 609, 11, '1', 'EXPLOT,SHOJO,Tj 710 NE (Gal 708 NE),SOSTENIMIENTO'),
	(1857, '5H71GO', 609, 11, '1', 'EXPLOT,SHOJO,Tj 710 NE (Gal 708 NE),SERVICIO'),
	(1858, '5H71GR', 609, 11, '1', 'EXPLOT,SHOJO,Tj 710 NE (Gal 708 NE),RELLENO'),
	(1859, '5M71HP', 606, 8, '1', 'EXPLOT,JACKY,Tj 642 SW (Gal 639 SW),PERFORACION'),
	(1860, '5M71HV', 606, 8, '1', 'EXPLOT,JACKY,Tj 642 SW (Gal 639 SW),VOLADURA'),
	(1861, '5M71HL', 606, 8, '1', 'EXPLOT,JACKY,Tj 642 SW (Gal 639 SW),LIMPIEZA'),
	(1862, '5M71HS', 606, 8, '1', 'EXPLOT,JACKY,Tj 642 SW (Gal 639 SW),SOSTENIMIENTO'),
	(1863, '5M71HO', 606, 8, '1', 'EXPLOT,JACKY,Tj 642 SW (Gal 639 SW),SERVICIO'),
	(1864, '5M71HR', 606, 8, '1', 'EXPLOT,JACKY,Tj 642 SW (Gal 639 SW),RELLENO'),
	(1865, '5E71IP', 556, 12, '1', 'EXPLOT,VANESSA,Tj 063 SW (Snv 868 SW),PERFORACION'),
	(1866, '5E71IV', 556, 12, '1', 'EXPLOT,VANESSA,Tj 063 SW (Snv 868 SW),VOLADURA'),
	(1867, '5E71IL', 556, 12, '1', 'EXPLOT,VANESSA,Tj 063 SW (Snv 868 SW),LIMPIEZA'),
	(1868, '5E71IS', 556, 12, '1', 'EXPLOT,VANESSA,Tj 063 SW (Snv 868 SW),SOSTENIMIENTO'),
	(1869, '5E71IO', 556, 12, '1', 'EXPLOT,VANESSA,Tj 063 SW (Snv 868 SW),SERVICIO'),
	(1870, '5E71IR', 556, 12, '1', 'EXPLOT,VANESSA,Tj 063 SW (Snv 868 SW),RELLENO'),
	(1871, '3E383P', 51, 12, '2', 'PREPAR,VANESSA,Ch 066 (Snv 868 SW),PERFORACION'),
	(1872, '3E383V', 51, 12, '2', 'PREPAR,VANESSA,Ch 066 (Snv 868 SW),VOLADURA'),
	(1873, '3E383L', 51, 12, '2', 'PREPAR,VANESSA,Ch 066 (Snv 868 SW),LIMPIEZA'),
	(1874, '3E383S', 51, 12, '2', 'PREPAR,VANESSA,Ch 066 (Snv 868 SW),SOSTENIMIENTO'),
	(1875, '3E383O', 51, 12, '2', 'PREPAR,VANESSA,Ch 066 (Snv 868 SW),SERVICIO'),
	(1876, '5E783R', 568, 12, '1', 'EXPLOT,VANESSA,Tj 077 NE (Ch 091),RELLENO'),
	(1877, '3D384P', 75, 4, '2', 'PREPAR,CACHORRO,Ch 121 (Tj 080 SW),PERFORACION'),
	(1878, '3D384V', 75, 4, '2', 'PREPAR,CACHORRO,Ch 121 (Tj 080 SW),VOLADURA'),
	(1879, '3D384L', 75, 4, '2', 'PREPAR,CACHORRO,Ch 121 (Tj 080 SW),LIMPIEZA'),
	(1880, '3D384S', 75, 4, '2', 'PREPAR,CACHORRO,Ch 121 (Tj 080 SW),SOSTENIMIENTO'),
	(1881, '3D384O', 75, 4, '2', 'PREPAR,CACHORRO,Ch 121 (Tj 080 SW),SERVICIO'),
	(1882, '3D52NP', 360, 4, '2', 'PREPAR,CACHORRO,Snv 094 SW (Ch 121),PERFORACION'),
	(1883, '3D52NV', 360, 4, '2', 'PREPAR,CACHORRO,Snv 094 SW (Ch 121),VOLADURA'),
	(1884, '3D52NL', 360, 4, '2', 'PREPAR,CACHORRO,Snv 094 SW (Ch 121),LIMPIEZA'),
	(1885, '3D52NS', 360, 4, '2', 'PREPAR,CACHORRO,Snv 094 SW (Ch 121),SOSTENIMIENTO'),
	(1886, '3D52NO', 360, 4, '2', 'PREPAR,CACHORRO,Snv 094 SW (Ch 121),SERVICIO'),
	(1887, '5E71JP', 555, 12, '1', 'EXPLOT,VANESSA,Tj 063 SW (Ch 066),PERFORACION'),
	(1888, '5E71JV', 555, 12, '1', 'EXPLOT,VANESSA,Tj 063 SW (Ch 066),VOLADURA'),
	(1889, '5E71JL', 555, 12, '1', 'EXPLOT,VANESSA,Tj 063 SW (Ch 066),LIMPIEZA'),
	(1890, '5E71JS', 555, 12, '1', 'EXPLOT,VANESSA,Tj 063 SW (Ch 066),SOSTENIMIENTO'),
	(1891, '5E71JO', 555, 12, '1', 'EXPLOT,VANESSA,Tj 063 SW (Ch 066),SERVICIO'),
	(1892, '5E71JR', 555, 12, '1', 'EXPLOT,VANESSA,Tj 063 SW (Ch 066),RELLENO'),
	(1893, '5E71KP', 554, 12, '1', 'EXPLOT,VANESSA,Tj 063 NE (Ch 066),PERFORACION'),
	(1894, '5E71KV', 554, 12, '1', 'EXPLOT,VANESSA,Tj 063 NE (Ch 066),VOLADURA'),
	(1895, '5E71KL', 554, 12, '1', 'EXPLOT,VANESSA,Tj 063 NE (Ch 066),LIMPIEZA'),
	(1896, '5E71KS', 554, 12, '1', 'EXPLOT,VANESSA,Tj 063 NE (Ch 066),SOSTENIMIENTO'),
	(1897, '5E71KO', 554, 12, '1', 'EXPLOT,VANESSA,Tj 063 NE (Ch 066),SERVICIO'),
	(1898, '5E71KR', 554, 12, '1', 'EXPLOT,VANESSA,Tj 063 NE (Ch 066),RELLENO'),
	(1899, '5M71LP', 605, 8, '1', 'EXPLOT,JACKY,Tj 642 NE (Gal 639 NE),PERFORACION'),
	(1900, '5M71LV', 605, 8, '1', 'EXPLOT,JACKY,Tj 642 NE (Gal 639 NE),VOLADURA'),
	(1901, '5M71LL', 605, 8, '1', 'EXPLOT,JACKY,Tj 642 NE (Gal 639 NE),LIMPIEZA'),
	(1902, '5M71LS', 605, 8, '1', 'EXPLOT,JACKY,Tj 642 NE (Gal 639 NE),SOSTENIMIENTO'),
	(1903, '5M71LO', 605, 8, '1', 'EXPLOT,JACKY,Tj 642 NE (Gal 639 NE),SERVICIO'),
	(1904, '5M71LR', 605, 8, '1', 'EXPLOT,JACKY,Tj 642 NE (Gal 639 NE),RELLENO'),
	(1905, '3L52OP', 290, 3, '2', 'PREPAR,ANDREA,Snv 010 NE (Tj 030 SW),PERFORACION'),
	(1906, '3L52OV', 290, 3, '2', 'PREPAR,ANDREA,Snv 010 NE (Tj 030 SW),VOLADURA'),
	(1907, '3L52OL', 290, 3, '2', 'PREPAR,ANDREA,Snv 010 NE (Tj 030 SW),LIMPIEZA'),
	(1908, '3L52OS', 290, 3, '2', 'PREPAR,ANDREA,Snv 010 NE (Tj 030 SW),SOSTENIMIENTO'),
	(1909, '3L52OO', 290, 3, '2', 'PREPAR,ANDREA,Snv 010 NE (Tj 030 SW),SERVICIO'),
	(1910, '5C742R', 622, 5, '1', 'EXPLOT,CHAPI,TJ 862-1 NE (CH 862-1),RELLENO'),
	(1911, '3D52PP', 339, 4, '2', 'PREPAR,CACHORRO,Snv 080 SW (Tj 080 SW),PERFORACION'),
	(1912, '3D52PV', 339, 4, '2', 'PREPAR,CACHORRO,Snv 080 SW (Tj 080 SW),VOLADURA'),
	(1913, '3D52PL', 339, 4, '2', 'PREPAR,CACHORRO,Snv 080 SW (Tj 080 SW),LIMPIEZA'),
	(1914, '3D52PS', 339, 4, '2', 'PREPAR,CACHORRO,Snv 080 SW (Tj 080 SW),SOSTENIMIENTO'),
	(1915, '3D52PO', 339, 4, '2', 'PREPAR,CACHORRO,Snv 080 SW (Tj 080 SW),SERVICIO'),
	(1916, '3D52QP', 340, 4, '2', 'PREPAR,CACHORRO,Snv 081 SW (Tj 080 SW),PERFORACION'),
	(1917, '3D52QV', 340, 4, '2', 'PREPAR,CACHORRO,Snv 081 SW (Tj 080 SW),VOLADURA'),
	(1918, '3D52QL', 340, 4, '2', 'PREPAR,CACHORRO,Snv 081 SW (Tj 080 SW),LIMPIEZA'),
	(1919, '3D52QS', 340, 4, '2', 'PREPAR,CACHORRO,Snv 081 SW (Tj 080 SW),SOSTENIMIENTO'),
	(1920, '3D52QO', 340, 4, '2', 'PREPAR,CACHORRO,Snv 081 SW (Tj 080 SW),SERVICIO'),
	(1921, '2E665P', 193, 12, '2', 'DESARR,VANESSA,Est 847 SW (Snv 070 SW),PERFORACION'),
	(1922, '2E665V', 193, 12, '2', 'DESARR,VANESSA,Est 847 SW (Snv 070 SW),VOLADURA'),
	(1923, '2E665L', 193, 12, '2', 'DESARR,VANESSA,Est 847 SW (Snv 070 SW),LIMPIEZA'),
	(1924, '2E665S', 193, 12, '2', 'DESARR,VANESSA,Est 847 SW (Snv 070 SW),SOSTENIMIENTO'),
	(1925, '2E665O', 193, 12, '2', 'DESARR,VANESSA,Est 847 SW (Snv 070 SW),SERVICIO'),
	(1926, '3E52RP', 472, 12, '2', 'PREPAR,VANESSA,Snv 842 SW (Est 847 SW),PERFORACION'),
	(1927, '3E52RV', 472, 12, '2', 'PREPAR,VANESSA,Snv 842 SW (Est 847 SW),VOLADURA'),
	(1928, '3E52RL', 472, 12, '2', 'PREPAR,VANESSA,Snv 842 SW (Est 847 SW),LIMPIEZA'),
	(1929, '3E52RS', 472, 12, '2', 'PREPAR,VANESSA,Snv 842 SW (Est 847 SW),SOSTENIMIENTO'),
	(1930, '3E52RO', 472, 12, '2', 'PREPAR,VANESSA,Snv 842 SW (Est 847 SW),SERVICIO'),
	(1931, '2H385P', 92, 11, '2', 'DESARR,SHOJO,Ch 669 (Gal 708 SW),PERFORACION'),
	(1932, '2H385V', 92, 11, '2', 'DESARR,SHOJO,Ch 669 (Gal 708 SW),VOLADURA'),
	(1933, '2H385L', 92, 11, '2', 'DESARR,SHOJO,Ch 669 (Gal 708 SW),LIMPIEZA'),
	(1934, '2H385S', 92, 11, '2', 'DESARR,SHOJO,Ch 669 (Gal 708 SW),SOSTENIMIENTO'),
	(1935, '2H385O', 92, 11, '2', 'DESARR,SHOJO,Ch 669 (Gal 708 SW),SERVICIO'),
	(1936, '3C52SP', 459, 5, '2', 'PREPAR,CHAPI,Snv 650 NE (Tj 862-1 NE),PERFORACION'),
	(1937, '3C52SV', 459, 5, '2', 'PREPAR,CHAPI,Snv 650 NE (Tj 862-1 NE),VOLADURA'),
	(1938, '3C52SL', 459, 5, '2', 'PREPAR,CHAPI,Snv 650 NE (Tj 862-1 NE),LIMPIEZA'),
	(1939, '3C52SS', 459, 5, '2', 'PREPAR,CHAPI,Snv 650 NE (Tj 862-1 NE),SOSTENIMIENTO'),
	(1940, '3C52SO', 459, 5, '2', 'PREPAR,CHAPI,Snv 650 NE (Tj 862-1 NE),SERVICIO'),
	(1941, '3E52TP', 320, 12, '2', 'PREPAR,VANESSA,Snv 053 NE (Tj 057 SW),PERFORACION'),
	(1942, '3E52TV', 320, 12, '2', 'PREPAR,VANESSA,Snv 053 NE (Tj 057 SW),VOLADURA'),
	(1943, '3E52TL', 320, 12, '2', 'PREPAR,VANESSA,Snv 053 NE (Tj 057 SW),LIMPIEZA'),
	(1944, '3E52TS', 320, 12, '2', 'PREPAR,VANESSA,Snv 053 NE (Tj 057 SW),SOSTENIMIENTO'),
	(1945, '3E52TO', 320, 12, '2', 'PREPAR,VANESSA,Snv 053 NE (Tj 057 SW),SERVICIO'),
	(1946, '3B220S', 225, 7, '2', 'PREPAR,INKA,Gal 515 NW (Cor 990),SOSTENIMIENTO'),
	(1947, '3B220P', 225, 7, '2', 'PREPAR,INKA,Gal 515 NW (Cor 990),PERFORACION'),
	(1948, '3B220V', 225, 7, '2', 'PREPAR,INKA,Gal 515 NW (Cor 990),VOLADURA'),
	(1949, '3B220L', 225, 7, '2', 'PREPAR,INKA,Gal 515 NW (Cor 990),LIMPIEZA'),
	(1950, '3B220O', 225, 7, '2', 'PREPAR,INKA,Gal 515 NW (Cor 990),SERVICIO'),
	(1951, '3B386P', 86, 7, '2', 'PREPAR,INKA,Ch 620 (Gal 515 NW),PERFORACION'),
	(1952, '3B386V', 86, 7, '2', 'PREPAR,INKA,Ch 620 (Gal 515 NW),VOLADURA'),
	(1953, '3B386L', 86, 7, '2', 'PREPAR,INKA,Ch 620 (Gal 515 NW),LIMPIEZA'),
	(1954, '3B386S', 86, 7, '2', 'PREPAR,INKA,Ch 620 (Gal 515 NW),SOSTENIMIENTO'),
	(1955, '3B386O', 86, 7, '2', 'PREPAR,INKA,Ch 620 (Gal 515 NW),SERVICIO'),
	(1956, '3B387P', 89, 7, '2', 'PREPAR,INKA,Ch 640 (Gal 650 SE),PERFORACION'),
	(1957, '3B387V', 89, 7, '2', 'PREPAR,INKA,Ch 640 (Gal 650 SE),VOLADURA'),
	(1958, '3B387L', 89, 7, '2', 'PREPAR,INKA,Ch 640 (Gal 650 SE),LIMPIEZA'),
	(1959, '3B387S', 89, 7, '2', 'PREPAR,INKA,Ch 640 (Gal 650 SE),SOSTENIMIENTO'),
	(1960, '3B387O', 89, 7, '2', 'PREPAR,INKA,Ch 640 (Gal 650 SE),SERVICIO'),
	(1961, '3L52UP', 295, 3, '2', 'PREPAR,ANDREA,Snv 017 SW (Tj 030 NE),PERFORACION'),
	(1962, '3L52UV', 295, 3, '2', 'PREPAR,ANDREA,Snv 017 SW (Tj 030 NE),VOLADURA'),
	(1963, '3L52UL', 295, 3, '2', 'PREPAR,ANDREA,Snv 017 SW (Tj 030 NE),LIMPIEZA'),
	(1964, '3L52US', 295, 3, '2', 'PREPAR,ANDREA,Snv 017 SW (Tj 030 NE),SOSTENIMIENTO'),
	(1965, '3L52UO', 295, 3, '2', 'PREPAR,ANDREA,Snv 017 SW (Tj 030 NE),SERVICIO'),
	(1966, '2E666P', 164, 12, '2', 'DESARR,VANESSA,Est 075-4 SE (Pq 075),PERFORACION'),
	(1967, '2E666V', 164, 12, '2', 'DESARR,VANESSA,Est 075-4 SE (Pq 075),VOLADURA'),
	(1968, '2E666L', 164, 12, '2', 'DESARR,VANESSA,Est 075-4 SE (Pq 075),LIMPIEZA'),
	(1969, '2E666S', 164, 12, '2', 'DESARR,VANESSA,Est 075-4 SE (Pq 075),SOSTENIMIENTO'),
	(1970, '2E666O', 164, 12, '2', 'DESARR,VANESSA,Est 075-4 SE (Pq 075),SERVICIO'),
	(1971, '3E52VP', 304, 12, '2', 'PREPAR,VANESSA,Snv 030 NE (Est 075-4 SE),PERFORACION'),
	(1972, '3E52VV', 304, 12, '2', 'PREPAR,VANESSA,Snv 030 NE (Est 075-4 SE),VOLADURA'),
	(1973, '3E52VL', 304, 12, '2', 'PREPAR,VANESSA,Snv 030 NE (Est 075-4 SE),LIMPIEZA'),
	(1974, '3E52VS', 304, 12, '2', 'PREPAR,VANESSA,Snv 030 NE (Est 075-4 SE),SOSTENIMIENTO'),
	(1975, '3E52VO', 304, 12, '2', 'PREPAR,VANESSA,Snv 030 NE (Est 075-4 SE),SERVICIO'),
	(1976, '3E52WP', 306, 12, '2', 'PREPAR,VANESSA,Snv 030 SW (Est 075-4 SE),PERFORACION'),
	(1977, '3E52WV', 306, 12, '2', 'PREPAR,VANESSA,Snv 030 SW (Est 075-4 SE),VOLADURA'),
	(1978, '3E52WL', 306, 12, '2', 'PREPAR,VANESSA,Snv 030 SW (Est 075-4 SE),LIMPIEZA'),
	(1979, '3E52WS', 306, 12, '2', 'PREPAR,VANESSA,Snv 030 SW (Est 075-4 SE),SOSTENIMIENTO'),
	(1980, '3E52WO', 306, 12, '2', 'PREPAR,VANESSA,Snv 030 SW (Est 075-4 SE),SERVICIO'),
	(1981, '3H52XP', 469, 11, '2', 'PREPAR,SHOJO,Snv 836 SW (Ch 669),PERFORACION'),
	(1982, '3H52XV', 469, 11, '2', 'PREPAR,SHOJO,Snv 836 SW (Ch 669),VOLADURA'),
	(1983, '3H52XL', 469, 11, '2', 'PREPAR,SHOJO,Snv 836 SW (Ch 669),LIMPIEZA'),
	(1984, '3H52XS', 469, 11, '2', 'PREPAR,SHOJO,Snv 836 SW (Ch 669),SOSTENIMIENTO'),
	(1985, '3H52XO', 469, 11, '2', 'PREPAR,SHOJO,Snv 836 SW (Ch 669),SERVICIO'),
	(1986, '3H52YP', 468, 11, '2', 'PREPAR,SHOJO,Snv 836 NE (Ch 669),PERFORACION'),
	(1987, '3H52YV', 468, 11, '2', 'PREPAR,SHOJO,Snv 836 NE (Ch 669),VOLADURA'),
	(1988, '3H52YL', 468, 11, '2', 'PREPAR,SHOJO,Snv 836 NE (Ch 669),LIMPIEZA'),
	(1989, '3H52YS', 468, 11, '2', 'PREPAR,SHOJO,Snv 836 NE (Ch 669),SOSTENIMIENTO'),
	(1990, '3H52YO', 468, 11, '2', 'PREPAR,SHOJO,Snv 836 NE (Ch 669),SERVICIO'),
	(1991, '3M52ZP', 458, 8, '2', 'PREPAR,JACKY,Snv 645 SW (Tj 642 SW),PERFORACION'),
	(1992, '3M52ZV', 458, 8, '2', 'PREPAR,JACKY,Snv 645 SW (Tj 642 SW),VOLADURA'),
	(1993, '3M52ZL', 458, 8, '2', 'PREPAR,JACKY,Snv 645 SW (Tj 642 SW),LIMPIEZA'),
	(1994, '3M52ZS', 458, 8, '2', 'PREPAR,JACKY,Snv 645 SW (Tj 642 SW),SOSTENIMIENTO'),
	(1995, '3M52ZO', 458, 8, '2', 'PREPAR,JACKY,Snv 645 SW (Tj 642 SW),SERVICIO'),
	(1996, '5H71MP', 612, 11, '1', 'EXPLOT,SHOJO,Tj 715 SW (Ch 669) ,PERFORACION'),
	(1997, '5H71MV', 612, 11, '1', 'EXPLOT,SHOJO,Tj 715 SW (Ch 669) ,VOLADURA'),
	(1998, '5H71ML', 612, 11, '1', 'EXPLOT,SHOJO,Tj 715 SW (Ch 669) ,LIMPIEZA'),
	(1999, '5H71MS', 612, 11, '1', 'EXPLOT,SHOJO,Tj 715 SW (Ch 669) ,SOSTENIMIENTO'),
	(2000, '5H71MO', 612, 11, '1', 'EXPLOT,SHOJO,Tj 715 SW (Ch 669) ,SERVICIO'),
	(2001, '5H71MR', 612, 11, '1', 'EXPLOT,SHOJO,Tj 715 SW (Ch 669) ,RELLENO'),
	(2002, '5H71NP', 611, 11, '1', 'EXPLOT,SHOJO,Tj 715 NE (Ch 669),PERFORACION'),
	(2003, '5H71NV', 611, 11, '1', 'EXPLOT,SHOJO,Tj 715 NE (Ch 669),VOLADURA'),
	(2004, '5H71NL', 611, 11, '1', 'EXPLOT,SHOJO,Tj 715 NE (Ch 669),LIMPIEZA'),
	(2005, '5H71NS', 611, 11, '1', 'EXPLOT,SHOJO,Tj 715 NE (Ch 669),SOSTENIMIENTO'),
	(2006, '5H71NO', 611, 11, '1', 'EXPLOT,SHOJO,Tj 715 NE (Ch 669),SERVICIO'),
	(2007, '5H71NR', 611, 11, '1', 'EXPLOT,SHOJO,Tj 715 NE (Ch 669),RELLENO'),
	(2008, '2C388P', 79, 5, '2', 'DESARR,CHAPI,Ch 247 (Snv 317 S),PERFORACION'),
	(2009, '2C388V', 79, 5, '2', 'DESARR,CHAPI,Ch 247 (Snv 317 S),VOLADURA'),
	(2010, '2C388L', 79, 5, '2', 'DESARR,CHAPI,Ch 247 (Snv 317 S),LIMPIEZA'),
	(2011, '2C388S', 79, 5, '2', 'DESARR,CHAPI,Ch 247 (Snv 317 S),SOSTENIMIENTO'),
	(2012, '2C388O', 79, 5, '2', 'DESARR,CHAPI,Ch 247 (Snv 317 S),SERVICIO'),
	(2013, '2DD01P', 263, 4, '2', 'DESARR,CACHORRO,Inc 122 SE (Pq 122),PERFORACION'),
	(2014, '2DD01V', 263, 4, '2', 'DESARR,CACHORRO,Inc 122 SE (Pq 122),VOLADURA'),
	(2015, '2DD01L', 263, 4, '2', 'DESARR,CACHORRO,Inc 122 SE (Pq 122),LIMPIEZA'),
	(2016, '2DD01S', 263, 4, '2', 'DESARR,CACHORRO,Inc 122 SE (Pq 122),SOSTENIMIENTO'),
	(2017, '2DD01O', 263, 4, '2', 'DESARR,CACHORRO,Inc 122 SE (Pq 122),SERVICIO'),
	(2018, '5E781R', 640, 12, '2', 'EXPLOT,VANESSA,Tj 071 SW  (Ch 091),RELLENO'),
	(2019, '3E53AP', 308, 12, '2', 'PREPAR,VANESSA,Snv 032 NE (Est 075-4 SE),PERFORACION'),
	(2020, '3E53AV', 308, 12, '2', 'PREPAR,VANESSA,Snv 032 NE (Est 075-4 SE),VOLADURA'),
	(2021, '3E53AL', 308, 12, '2', 'PREPAR,VANESSA,Snv 032 NE (Est 075-4 SE),LIMPIEZA'),
	(2022, '3E53AS', 308, 12, '2', 'PREPAR,VANESSA,Snv 032 NE (Est 075-4 SE),SOSTENIMIENTO'),
	(2023, '3E53AO', 308, 12, '2', 'PREPAR,VANESSA,Snv 032 NE (Est 075-4 SE),SERVICIO'),
	(2024, '3E53BP', 309, 12, '2', 'PREPAR,VANESSA,Snv 032 SW (Est 075-4 SE),PERFORACION'),
	(2025, '3E53BV', 309, 12, '2', 'PREPAR,VANESSA,Snv 032 SW (Est 075-4 SE),VOLADURA'),
	(2026, '3E53BL', 309, 12, '2', 'PREPAR,VANESSA,Snv 032 SW (Est 075-4 SE),LIMPIEZA'),
	(2027, '3E53BS', 309, 12, '2', 'PREPAR,VANESSA,Snv 032 SW (Est 075-4 SE),SOSTENIMIENTO'),
	(2028, '3E53BO', 309, 12, '2', 'PREPAR,VANESSA,Snv 032 SW (Est 075-4 SE),SERVICIO'),
	(2029, '3E53CP', 300, 12, '2', 'PREPAR,VANESSA,Snv 026 NE (Est 075-4 SE),PERFORACION'),
	(2030, '3E53CV', 300, 12, '2', 'PREPAR,VANESSA,Snv 026 NE (Est 075-4 SE),VOLADURA'),
	(2031, '3E53CL', 300, 12, '2', 'PREPAR,VANESSA,Snv 026 NE (Est 075-4 SE),LIMPIEZA'),
	(2032, '3E53CS', 300, 12, '2', 'PREPAR,VANESSA,Snv 026 NE (Est 075-4 SE),SOSTENIMIENTO'),
	(2033, '3E53CO', 300, 12, '2', 'PREPAR,VANESSA,Snv 026 NE (Est 075-4 SE),SERVICIO'),
	(2034, '3E53DP', 302, 12, '2', 'PREPAR,VANESSA,Snv 026 SW (Est 075-4 SE),PERFORACION'),
	(2035, '3E53DV', 302, 12, '2', 'PREPAR,VANESSA,Snv 026 SW (Est 075-4 SE),VOLADURA'),
	(2036, '3E53DL', 302, 12, '2', 'PREPAR,VANESSA,Snv 026 SW (Est 075-4 SE),LIMPIEZA'),
	(2037, '3E53DS', 302, 12, '2', 'PREPAR,VANESSA,Snv 026 SW (Est 075-4 SE),SOSTENIMIENTO'),
	(2038, '3E53DO', 302, 12, '2', 'PREPAR,VANESSA,Snv 026 SW (Est 075-4 SE),SERVICIO'),
	(2039, '3G53EP', 508, 9, '2', 'PREPAR,MANUEL,Snv 945 SW (Ch 931),PERFORACION'),
	(2040, '3G53EV', 508, 9, '2', 'PREPAR,MANUEL,Snv 945 SW (Ch 931),VOLADURA'),
	(2041, '3G53EL', 508, 9, '2', 'PREPAR,MANUEL,Snv 945 SW (Ch 931),LIMPIEZA'),
	(2042, '3G53ES', 508, 9, '2', 'PREPAR,MANUEL,Snv 945 SW (Ch 931),SOSTENIMIENTO'),
	(2043, '3G53EO', 508, 9, '2', 'PREPAR,MANUEL,Snv 945 SW (Ch 931),SERVICIO'),
	(2044, '3L53FP', 403, 3, '2', 'PREPAR,ANDREA,Snv 145 SW (Cx 171 NW),PERFORACION'),
	(2045, '3L53FV', 403, 3, '2', 'PREPAR,ANDREA,Snv 145 SW (Cx 171 NW),VOLADURA'),
	(2046, '3L53FL', 403, 3, '2', 'PREPAR,ANDREA,Snv 145 SW (Cx 171 NW),LIMPIEZA'),
	(2047, '3L53FS', 403, 3, '2', 'PREPAR,ANDREA,Snv 145 SW (Cx 171 NW),SOSTENIMIENTO'),
	(2048, '3L53FO', 403, 3, '2', 'PREPAR,ANDREA,Snv 145 SW (Cx 171 NW),SERVICIO'),
	(2049, '3L53GP', 400, 3, '2', 'PREPAR,ANDREA,Snv 145 NE (Cx 171 NW),PERFORACION'),
	(2050, '3L53GV', 400, 3, '2', 'PREPAR,ANDREA,Snv 145 NE (Cx 171 NW),VOLADURA'),
	(2051, '3L53GL', 400, 3, '2', 'PREPAR,ANDREA,Snv 145 NE (Cx 171 NW),LIMPIEZA'),
	(2052, '3L53GS', 400, 3, '2', 'PREPAR,ANDREA,Snv 145 NE (Cx 171 NW),SOSTENIMIENTO'),
	(2053, '3L53GO', 400, 3, '2', 'PREPAR,ANDREA,Snv 145 NE (Cx 171 NW),SERVICIO'),
	(2054, '3L53HP', 394, 3, '2', 'PREPAR,ANDREA,Snv 140 NE (Cx 171 NW),PERFORACION'),
	(2055, '3L53HV', 394, 3, '2', 'PREPAR,ANDREA,Snv 140 NE (Cx 171 NW),VOLADURA'),
	(2056, '3L53HL', 394, 3, '2', 'PREPAR,ANDREA,Snv 140 NE (Cx 171 NW),LIMPIEZA'),
	(2057, '3L53HS', 394, 3, '2', 'PREPAR,ANDREA,Snv 140 NE (Cx 171 NW),SOSTENIMIENTO'),
	(2058, '3L53HO', 394, 3, '2', 'PREPAR,ANDREA,Snv 140 NE (Cx 171 NW),SERVICIO'),
	(2059, '3L53IP', 395, 3, '2', 'PREPAR,ANDREA,Snv 140 SW (Cx 171 NW),PERFORACION'),
	(2060, '3L53IV', 395, 3, '2', 'PREPAR,ANDREA,Snv 140 SW (Cx 171 NW),VOLADURA'),
	(2061, '3L53IL', 395, 3, '2', 'PREPAR,ANDREA,Snv 140 SW (Cx 171 NW),LIMPIEZA'),
	(2062, '3L53IS', 395, 3, '2', 'PREPAR,ANDREA,Snv 140 SW (Cx 171 NW),SOSTENIMIENTO'),
	(2063, '3L53IO', 395, 3, '2', 'PREPAR,ANDREA,Snv 140 SW (Cx 171 NW),SERVICIO'),
	(2064, '3L53JP', 288, 3, '2', 'PREPAR,ANDREA,Snv 002 SW (Pq 228),PERFORACION'),
	(2065, '3L53JV', 288, 3, '2', 'PREPAR,ANDREA,Snv 002 SW (Pq 228),VOLADURA'),
	(2066, '3L53JL', 288, 3, '2', 'PREPAR,ANDREA,Snv 002 SW (Pq 228),LIMPIEZA'),
	(2067, '3L53JS', 288, 3, '2', 'PREPAR,ANDREA,Snv 002 SW (Pq 228),SOSTENIMIENTO'),
	(2068, '3L53JO', 288, 3, '2', 'PREPAR,ANDREA,Snv 002 SW (Pq 228),SERVICIO'),
	(2069, '3L53KP', 287, 3, '2', 'PREPAR,ANDREA,Snv 002 NE (Pq 228),PERFORACION'),
	(2070, '3L53KV', 287, 3, '2', 'PREPAR,ANDREA,Snv 002 NE (Pq 228),VOLADURA'),
	(2071, '3L53KL', 287, 3, '2', 'PREPAR,ANDREA,Snv 002 NE (Pq 228),LIMPIEZA'),
	(2072, '3L53KS', 287, 3, '2', 'PREPAR,ANDREA,Snv 002 NE (Pq 228),SOSTENIMIENTO'),
	(2073, '3L53KO', 287, 3, '2', 'PREPAR,ANDREA,Snv 002 NE (Pq 228),SERVICIO'),
	(2074, '3M389P', 90, 8, '2', 'PREPAR,JACKY,Ch 642 (Tj 642 SW),PERFORACION'),
	(2075, '3M389V', 90, 8, '2', 'PREPAR,JACKY,Ch 642 (Tj 642 SW),VOLADURA'),
	(2076, '3M389L', 90, 8, '2', 'PREPAR,JACKY,Ch 642 (Tj 642 SW),LIMPIEZA'),
	(2077, '3M389S', 90, 8, '2', 'PREPAR,JACKY,Ch 642 (Tj 642 SW),SOSTENIMIENTO'),
	(2078, '3M389O', 90, 8, '2', 'PREPAR,JACKY,Ch 642 (Tj 642 SW),SERVICIO'),
	(2079, '5E797R', 638, 12, '2', 'EXPLOT,VANESSA,Tj 057 NE (Ch 091),RELLENO'),
	(2080, '5L71OP', 522, 3, '1', 'EXPLOT,ANDREA,Tj 004 SW (Snv 002 SW),PERFORACION'),
	(2081, '5L71OV', 522, 3, '1', 'EXPLOT,ANDREA,Tj 004 SW (Snv 002 SW),VOLADURA'),
	(2082, '5L71OL', 522, 3, '1', 'EXPLOT,ANDREA,Tj 004 SW (Snv 002 SW),LIMPIEZA'),
	(2083, '5L71OS', 522, 3, '1', 'EXPLOT,ANDREA,Tj 004 SW (Snv 002 SW),SOSTENIMIENTO'),
	(2084, '5L71OO', 522, 3, '1', 'EXPLOT,ANDREA,Tj 004 SW (Snv 002 SW),SERVICIO'),
	(2085, '5L71OR', 522, 3, '1', 'EXPLOT,ANDREA,Tj 004 SW (Snv 002 SW),RELLENO'),
	(2086, '2D667P', 157, 4, '2', 'DESARR,CACHORRO,Est 069 SE (Pq 122),PERFORACION'),
	(2087, '2D667V', 157, 4, '2', 'DESARR,CACHORRO,Est 069 SE (Pq 122),VOLADURA'),
	(2088, '2D667L', 157, 4, '2', 'DESARR,CACHORRO,Est 069 SE (Pq 122),LIMPIEZA'),
	(2089, '2D667S', 157, 4, '2', 'DESARR,CACHORRO,Est 069 SE (Pq 122),SOSTENIMIENTO'),
	(2090, '2D667O', 157, 4, '2', 'DESARR,CACHORRO,Est 069 SE (Pq 122),SERVICIO'),
	(2091, '1D53LP', 322, 4, '2', 'EXPLOR,CACHORRO,Snv 069 NE (Est 069 SE),PERFORACION'),
	(2092, '1D53LV', 322, 4, '2', 'EXPLOR,CACHORRO,Snv 069 NE (Est 069 SE),VOLADURA'),
	(2093, '1D53LL', 322, 4, '2', 'EXPLOR,CACHORRO,Snv 069 NE (Est 069 SE),LIMPIEZA'),
	(2094, '1D53LS', 322, 4, '2', 'EXPLOR,CACHORRO,Snv 069 NE (Est 069 SE),SOSTENIMIENTO'),
	(2095, '1D53LO', 322, 4, '2', 'EXPLOR,CACHORRO,Snv 069 NE (Est 069 SE),SERVICIO'),
	(2096, '3E390P', 64, 12, '2', 'PREPAR,VANESSA,Ch 091 (Snv 030 SW),PERFORACION'),
	(2097, '3E390V', 64, 12, '2', 'PREPAR,VANESSA,Ch 091 (Snv 030 SW),VOLADURA'),
	(2098, '3E390L', 64, 12, '2', 'PREPAR,VANESSA,Ch 091 (Snv 030 SW),LIMPIEZA'),
	(2099, '3E390S', 64, 12, '2', 'PREPAR,VANESSA,Ch 091 (Snv 030 SW),SOSTENIMIENTO'),
	(2100, '3E390O', 64, 12, '2', 'PREPAR,VANESSA,Ch 091 (Snv 030 SW),SERVICIO'),
	(2101, '3E391P', 63, 12, '2', 'PREPAR,VANESSA,Ch 091 (Snv 030 NE),PERFORACION'),
	(2102, '3E391V', 63, 12, '2', 'PREPAR,VANESSA,Ch 091 (Snv 030 NE),VOLADURA'),
	(2103, '3E391L', 63, 12, '2', 'PREPAR,VANESSA,Ch 091 (Snv 030 NE),LIMPIEZA'),
	(2104, '3E391S', 63, 12, '2', 'PREPAR,VANESSA,Ch 091 (Snv 030 NE),SOSTENIMIENTO'),
	(2105, '3E391O', 63, 12, '2', 'PREPAR,VANESSA,Ch 091 (Snv 030 NE),SERVICIO'),
	(2106, '3D53LP', 322, 4, '2', 'PREPAR,CACHORRO,Snv 069 NE (Est 069 SE),PERFORACION'),
	(2107, '3D53LV', 322, 4, '2', 'PREPAR,CACHORRO,Snv 069 NE (Est 069 SE),VOLADURA'),
	(2108, '3D53LL', 322, 4, '2', 'PREPAR,CACHORRO,Snv 069 NE (Est 069 SE),LIMPIEZA'),
	(2109, '3D53LS', 322, 4, '2', 'PREPAR,CACHORRO,Snv 069 NE (Est 069 SE),SOSTENIMIENTO'),
	(2110, '3D53LO', 322, 4, '2', 'PREPAR,CACHORRO,Snv 069 NE (Est 069 SE),SERVICIO'),
	(2111, '1L392P', 110, 3, '2', 'EXPLOR,ANDREA,Ch 921 (Snv 145 NE),PERFORACION'),
	(2112, '1L392V', 110, 3, '2', 'EXPLOR,ANDREA,Ch 921 (Snv 145 NE),VOLADURA'),
	(2113, '1L392L', 110, 3, '2', 'EXPLOR,ANDREA,Ch 921 (Snv 145 NE),LIMPIEZA'),
	(2114, '1L392S', 110, 3, '2', 'EXPLOR,ANDREA,Ch 921 (Snv 145 NE),SOSTENIMIENTO'),
	(2115, '1L392O', 110, 3, '2', 'EXPLOR,ANDREA,Ch 921 (Snv 145 NE),SERVICIO'),
	(2116, '3D53MP', 323, 4, '2', 'PREPAR,CACHORRO,Snv 069 SW (Est 069 SE),PERFORACION'),
	(2117, '3D53MV', 323, 4, '2', 'PREPAR,CACHORRO,Snv 069 SW (Est 069 SE),VOLADURA'),
	(2118, '3D53ML', 323, 4, '2', 'PREPAR,CACHORRO,Snv 069 SW (Est 069 SE),LIMPIEZA'),
	(2119, '3D53MS', 323, 4, '2', 'PREPAR,CACHORRO,Snv 069 SW (Est 069 SE),SOSTENIMIENTO'),
	(2120, '3D53MO', 323, 4, '2', 'PREPAR,CACHORRO,Snv 069 SW (Est 069 SE),SERVICIO'),
	(2121, '1D668P', 199, 4, '2', 'EXPLOR,CACHORRO,Est 905 SE (Snv 069 NE),PERFORACION'),
	(2122, '1D668V', 199, 4, '2', 'EXPLOR,CACHORRO,Est 905 SE (Snv 069 NE),VOLADURA'),
	(2123, '1D668L', 199, 4, '2', 'EXPLOR,CACHORRO,Est 905 SE (Snv 069 NE),LIMPIEZA'),
	(2124, '1D668S', 199, 4, '2', 'EXPLOR,CACHORRO,Est 905 SE (Snv 069 NE),SOSTENIMIENTO'),
	(2125, '1D668O', 199, 4, '2', 'EXPLOR,CACHORRO,Est 905 SE (Snv 069 NE),SERVICIO'),
	(2126, '1D669P', 201, 4, '2', 'EXPLOR,CACHORRO,Est 912 SE (Snv 069 NE),PERFORACION'),
	(2127, '1D669V', 201, 4, '2', 'EXPLOR,CACHORRO,Est 912 SE (Snv 069 NE),VOLADURA'),
	(2128, '1D669L', 201, 4, '2', 'EXPLOR,CACHORRO,Est 912 SE (Snv 069 NE),LIMPIEZA'),
	(2129, '1D669S', 201, 4, '2', 'EXPLOR,CACHORRO,Est 912 SE (Snv 069 NE),SOSTENIMIENTO'),
	(2130, '1D669O', 201, 4, '2', 'EXPLOR,CACHORRO,Est 912 SE (Snv 069 NE),SERVICIO'),
	(2131, '3E393P', 33, 12, '2', 'PREPAR,VANESSA,Ch 044 (Snv 842 SW),PERFORACION'),
	(2132, '3E393V', 33, 12, '2', 'PREPAR,VANESSA,Ch 044 (Snv 842 SW),VOLADURA'),
	(2133, '3E393L', 33, 12, '2', 'PREPAR,VANESSA,Ch 044 (Snv 842 SW),LIMPIEZA'),
	(2134, '3E393S', 33, 12, '2', 'PREPAR,VANESSA,Ch 044 (Snv 842 SW),SOSTENIMIENTO'),
	(2135, '3E393O', 33, 12, '2', 'PREPAR,VANESSA,Ch 044 (Snv 842 SW),SERVICIO'),
	(2136, '3L53NP', 406, 3, '2', 'PREPAR,ANDREA,Snv 152 NE (Ch 921),PERFORACION'),
	(2137, '3L53NV', 406, 3, '2', 'PREPAR,ANDREA,Snv 152 NE (Ch 921),VOLADURA'),
	(2138, '3L53NL', 406, 3, '2', 'PREPAR,ANDREA,Snv 152 NE (Ch 921),LIMPIEZA'),
	(2139, '3L53NS', 406, 3, '2', 'PREPAR,ANDREA,Snv 152 NE (Ch 921),SOSTENIMIENTO'),
	(2140, '3L53NO', 406, 3, '2', 'PREPAR,ANDREA,Snv 152 NE (Ch 921),SERVICIO'),
	(2141, '3L53OP', 407, 3, '2', 'PREPAR,ANDREA,Snv 152 SW (Ch 921),PERFORACION'),
	(2142, '3L53OV', 407, 3, '2', 'PREPAR,ANDREA,Snv 152 SW (Ch 921),VOLADURA'),
	(2143, '3L53OL', 407, 3, '2', 'PREPAR,ANDREA,Snv 152 SW (Ch 921),LIMPIEZA'),
	(2144, '3L53OS', 407, 3, '2', 'PREPAR,ANDREA,Snv 152 SW (Ch 921),SOSTENIMIENTO'),
	(2145, '3L53OO', 407, 3, '2', 'PREPAR,ANDREA,Snv 152 SW (Ch 921),SERVICIO'),
	(2146, '5L71PP', 593, 3, '1', 'EXPLOT,ANDREA,Tj 157 SW (Ch 921),PERFORACION'),
	(2147, '5L71PV', 593, 3, '1', 'EXPLOT,ANDREA,Tj 157 SW (Ch 921),VOLADURA'),
	(2148, '5L71PL', 593, 3, '1', 'EXPLOT,ANDREA,Tj 157 SW (Ch 921),LIMPIEZA'),
	(2149, '5L71PS', 593, 3, '1', 'EXPLOT,ANDREA,Tj 157 SW (Ch 921),SOSTENIMIENTO'),
	(2150, '5L71PO', 593, 3, '1', 'EXPLOT,ANDREA,Tj 157 SW (Ch 921),SERVICIO'),
	(2151, '5L71PR', 593, 3, '1', 'EXPLOT,ANDREA,Tj 157 SW (Ch 921),RELLENO'),
	(2152, '5L71QP', 591, 3, '1', 'EXPLOT,ANDREA,Tj 157 NE (Ch 921),PERFORACION'),
	(2153, '5L71QV', 591, 3, '1', 'EXPLOT,ANDREA,Tj 157 NE (Ch 921),VOLADURA'),
	(2154, '5L71QL', 591, 3, '1', 'EXPLOT,ANDREA,Tj 157 NE (Ch 921),LIMPIEZA'),
	(2155, '5L71QS', 591, 3, '1', 'EXPLOT,ANDREA,Tj 157 NE (Ch 921),SOSTENIMIENTO'),
	(2156, '5L71QO', 591, 3, '1', 'EXPLOT,ANDREA,Tj 157 NE (Ch 921),SERVICIO'),
	(2157, '5L71QR', 591, 3, '1', 'EXPLOT,ANDREA,Tj 157 NE (Ch 921),RELLENO'),
	(2158, '2MD02P', 264, 8, '2', 'DESARR,JACKY,Inc 636 SW (Cx 648 SW),PERFORACION'),
	(2159, '2MD02V', 264, 8, '2', 'DESARR,JACKY,Inc 636 SW (Cx 648 SW),VOLADURA'),
	(2160, '2MD02L', 264, 8, '2', 'DESARR,JACKY,Inc 636 SW (Cx 648 SW),LIMPIEZA'),
	(2161, '2MD02S', 264, 8, '2', 'DESARR,JACKY,Inc 636 SW (Cx 648 SW),SOSTENIMIENTO'),
	(2162, '2MD02O', 264, 8, '2', 'DESARR,JACKY,Inc 636 SW (Cx 648 SW),SERVICIO'),
	(2163, '5G71RP', 629, 9, '1', 'EXPLOT,MANUEL,Tj 900 SW (Ch 931),PERFORACION'),
	(2164, '5G71RV', 629, 9, '1', 'EXPLOT,MANUEL,Tj 900 SW (Ch 931),VOLADURA'),
	(2165, '5G71RL', 629, 9, '1', 'EXPLOT,MANUEL,Tj 900 SW (Ch 931),LIMPIEZA'),
	(2166, '5G71RS', 629, 9, '1', 'EXPLOT,MANUEL,Tj 900 SW (Ch 931),SOSTENIMIENTO'),
	(2167, '5G71RO', 629, 9, '1', 'EXPLOT,MANUEL,Tj 900 SW (Ch 931),SERVICIO'),
	(2168, '5G71RR', 629, 9, '1', 'EXPLOT,MANUEL,Tj 900 SW (Ch 931),RELLENO'),
	(2169, '5G71SP', 627, 9, '1', 'EXPLOT,MANUEL,Tj 900 NE (Ch 931),PERFORACION'),
	(2170, '5G71SV', 627, 9, '1', 'EXPLOT,MANUEL,Tj 900 NE (Ch 931),VOLADURA'),
	(2171, '5G71SL', 627, 9, '1', 'EXPLOT,MANUEL,Tj 900 NE (Ch 931),LIMPIEZA'),
	(2172, '5G71SS', 627, 9, '1', 'EXPLOT,MANUEL,Tj 900 NE (Ch 931),SOSTENIMIENTO'),
	(2173, '5G71SO', 627, 9, '1', 'EXPLOT,MANUEL,Tj 900 NE (Ch 931),SERVICIO'),
	(2174, '5G71SR', 627, 9, '1', 'EXPLOT,MANUEL,Tj 900 NE (Ch 931),RELLENO'),
	(2175, '2EP03P', 283, 12, '2', 'DESARR,VANESSA,Pz 030 (Snv 030 NE),PERFORACION'),
	(2176, '2EP03V', 283, 12, '2', 'DESARR,VANESSA,Pz 030 (Snv 030 NE),VOLADURA'),
	(2177, '2EP03L', 283, 12, '2', 'DESARR,VANESSA,Pz 030 (Snv 030 NE),LIMPIEZA'),
	(2178, '2EP03S', 283, 12, '2', 'DESARR,VANESSA,Pz 030 (Snv 030 NE),SOSTENIMIENTO'),
	(2179, '2EP03O', 283, 12, '2', 'DESARR,VANESSA,Pz 030 (Snv 030 NE),SERVICIO'),
	(2180, '2D670P', 176, 4, '2', 'DESARR,CACHORRO,Est 132 SE (Gal 170 SW),PERFORACION'),
	(2181, '2D670V', 176, 4, '2', 'DESARR,CACHORRO,Est 132 SE (Gal 170 SW),VOLADURA'),
	(2182, '2D670L', 176, 4, '2', 'DESARR,CACHORRO,Est 132 SE (Gal 170 SW),LIMPIEZA'),
	(2183, '2D670S', 176, 4, '2', 'DESARR,CACHORRO,Est 132 SE (Gal 170 SW),SOSTENIMIENTO'),
	(2184, '2D670O', 176, 4, '2', 'DESARR,CACHORRO,Est 132 SE (Gal 170 SW),SERVICIO'),
	(2185, '2D818P', 20, 4, '2', 'DESARR,CACHORRO,Cam 17 (Est 132 SE),PERFORACION'),
	(2186, '2D818V', 20, 4, '2', 'DESARR,CACHORRO,Cam 17 (Est 132 SE),VOLADURA'),
	(2187, '2D818L', 20, 4, '2', 'DESARR,CACHORRO,Cam 17 (Est 132 SE),LIMPIEZA'),
	(2188, '2D818S', 20, 4, '2', 'DESARR,CACHORRO,Cam 17 (Est 132 SE),SOSTENIMIENTO'),
	(2189, '2D818O', 20, 4, '2', 'DESARR,CACHORRO,Cam 17 (Est 132 SE),SERVICIO'),
	(2190, '3D53PP', 494, 4, '2', 'PREPAR,CACHORRO,Snv 912 NE (Est 912 SE),PERFORACION'),
	(2191, '3D53PV', 494, 4, '2', 'PREPAR,CACHORRO,Snv 912 NE (Est 912 SE),VOLADURA'),
	(2192, '3D53PL', 494, 4, '2', 'PREPAR,CACHORRO,Snv 912 NE (Est 912 SE),LIMPIEZA'),
	(2193, '3D53PS', 494, 4, '2', 'PREPAR,CACHORRO,Snv 912 NE (Est 912 SE),SOSTENIMIENTO'),
	(2194, '3D53PO', 494, 4, '2', 'PREPAR,CACHORRO,Snv 912 NE (Est 912 SE),SERVICIO'),
	(2195, '5D71TP', 546, 4, '1', 'EXPLOT,CACHORRO,Tj 051 NE (Snv 069 NE),PERFORACION'),
	(2196, '5D71TV', 546, 4, '1', 'EXPLOT,CACHORRO,Tj 051 NE (Snv 069 NE),VOLADURA'),
	(2197, '5D71TL', 546, 4, '1', 'EXPLOT,CACHORRO,Tj 051 NE (Snv 069 NE),LIMPIEZA'),
	(2198, '5D71TS', 546, 4, '1', 'EXPLOT,CACHORRO,Tj 051 NE (Snv 069 NE),SOSTENIMIENTO'),
	(2199, '5D71TO', 546, 4, '1', 'EXPLOT,CACHORRO,Tj 051 NE (Snv 069 NE),SERVICIO'),
	(2200, '5D71TR', 546, 4, '1', 'EXPLOT,CACHORRO,Tj 051 NE (Snv 069 NE),RELLENO'),
	(2201, '5D71UP', 547, 4, '1', 'EXPLOT,CACHORRO,Tj 051 SW (Snv 069 SW),PERFORACION'),
	(2202, '5D71UV', 547, 4, '1', 'EXPLOT,CACHORRO,Tj 051 SW (Snv 069 SW),VOLADURA'),
	(2203, '5D71UL', 547, 4, '1', 'EXPLOT,CACHORRO,Tj 051 SW (Snv 069 SW),LIMPIEZA'),
	(2204, '5D71US', 547, 4, '1', 'EXPLOT,CACHORRO,Tj 051 SW (Snv 069 SW),SOSTENIMIENTO'),
	(2205, '5D71UO', 547, 4, '1', 'EXPLOT,CACHORRO,Tj 051 SW (Snv 069 SW),SERVICIO'),
	(2206, '5D71UR', 547, 4, '1', 'EXPLOT,CACHORRO,Tj 051 SW (Snv 069 SW),RELLENO'),
	(2207, '2MD03P', 265, 8, '2', 'DESARR,JACKY,Inc 642 SW (Cx 648 SW),PERFORACION'),
	(2208, '2MD03V', 265, 8, '2', 'DESARR,JACKY,Inc 642 SW (Cx 648 SW),VOLADURA'),
	(2209, '2MD03L', 265, 8, '2', 'DESARR,JACKY,Inc 642 SW (Cx 648 SW),LIMPIEZA'),
	(2210, '2MD03S', 265, 8, '2', 'DESARR,JACKY,Inc 642 SW (Cx 648 SW),SOSTENIMIENTO'),
	(2211, '2MD03O', 265, 8, '2', 'DESARR,JACKY,Inc 642 SW (Cx 648 SW),SERVICIO'),
	(2212, '5D71VP', 545, 4, '1', 'EXPLOT,CACHORRO,Tj 050 SW (Snv 069 NE),PERFORACION'),
	(2213, '5D71VV', 545, 4, '1', 'EXPLOT,CACHORRO,Tj 050 SW (Snv 069 NE),VOLADURA'),
	(2214, '5D71VL', 545, 4, '1', 'EXPLOT,CACHORRO,Tj 050 SW (Snv 069 NE),LIMPIEZA'),
	(2215, '5D71VS', 545, 4, '1', 'EXPLOT,CACHORRO,Tj 050 SW (Snv 069 NE),SOSTENIMIENTO'),
	(2216, '5D71VO', 545, 4, '1', 'EXPLOT,CACHORRO,Tj 050 SW (Snv 069 NE),SERVICIO'),
	(2217, '5D71VR', 545, 4, '1', 'EXPLOT,CACHORRO,Tj 050 SW (Snv 069 NE),RELLENO'),
	(2218, '5L71XP', 523, 3, '1', 'EXPLOT,ANDREA,Tj 009 SW (Snv 029 SW),PERFORACION'),
	(2219, '5L71XV', 523, 3, '1', 'EXPLOT,ANDREA,Tj 009 SW (Snv 029 SW),VOLADURA'),
	(2220, '5L71XL', 523, 3, '1', 'EXPLOT,ANDREA,Tj 009 SW (Snv 029 SW),LIMPIEZA'),
	(2221, '5L71XS', 523, 3, '1', 'EXPLOT,ANDREA,Tj 009 SW (Snv 029 SW),SOSTENIMIENTO'),
	(2222, '5L71XO', 523, 3, '1', 'EXPLOT,ANDREA,Tj 009 SW (Snv 029 SW),SERVICIO'),
	(2223, '5L71XR', 523, 3, '1', 'EXPLOT,ANDREA,Tj 009 SW (Snv 029 SW),RELLENO'),
	(2224, '3D394P', 114, 4, '2', 'PREPAR,CACHORRO,Ch 936 (Snv 915 NE),PERFORACION'),
	(2225, '3D394V', 114, 4, '2', 'PREPAR,CACHORRO,Ch 936 (Snv 915 NE),VOLADURA'),
	(2226, '3D394L', 114, 4, '2', 'PREPAR,CACHORRO,Ch 936 (Snv 915 NE),LIMPIEZA'),
	(2227, '3D394S', 114, 4, '2', 'PREPAR,CACHORRO,Ch 936 (Snv 915 NE),SOSTENIMIENTO'),
	(2228, '3D394O', 114, 4, '2', 'PREPAR,CACHORRO,Ch 936 (Snv 915 NE),SERVICIO'),
	(2229, '3D53SP', 495, 4, '2', 'PREPAR,CACHORRO,Snv 915 SW (Est 912 SE),PERFORACION'),
	(2230, '3D53SV', 495, 4, '2', 'PREPAR,CACHORRO,Snv 915 SW (Est 912 SE),VOLADURA'),
	(2231, '3D53SL', 495, 4, '2', 'PREPAR,CACHORRO,Snv 915 SW (Est 912 SE),LIMPIEZA'),
	(2232, '3D53SS', 495, 4, '2', 'PREPAR,CACHORRO,Snv 915 SW (Est 912 SE),SOSTENIMIENTO'),
	(2233, '3D53SO', 495, 4, '2', 'PREPAR,CACHORRO,Snv 915 SW (Est 912 SE),SERVICIO'),
	(2234, '3L53TP', 420, 3, '2', 'PREPAR,ANDREA,Snv 172 NE (Ch 921),PERFORACION'),
	(2235, '3L53TV', 420, 3, '2', 'PREPAR,ANDREA,Snv 172 NE (Ch 921),VOLADURA'),
	(2236, '3L53TL', 420, 3, '2', 'PREPAR,ANDREA,Snv 172 NE (Ch 921),LIMPIEZA'),
	(2237, '3L53TS', 420, 3, '2', 'PREPAR,ANDREA,Snv 172 NE (Ch 921),SOSTENIMIENTO'),
	(2238, '3L53TO', 420, 3, '2', 'PREPAR,ANDREA,Snv 172 NE (Ch 921),SERVICIO'),
	(2239, '3L53UP', 421, 3, '2', 'PREPAR,ANDREA,Snv 172 SW (Ch 921),PERFORACION'),
	(2240, '3L53UV', 421, 3, '2', 'PREPAR,ANDREA,Snv 172 SW (Ch 921),VOLADURA'),
	(2241, '3L53UL', 421, 3, '2', 'PREPAR,ANDREA,Snv 172 SW (Ch 921),LIMPIEZA'),
	(2242, '3L53US', 421, 3, '2', 'PREPAR,ANDREA,Snv 172 SW (Ch 921),SOSTENIMIENTO'),
	(2243, '3L53UO', 421, 3, '2', 'PREPAR,ANDREA,Snv 172 SW (Ch 921),SERVICIO'),
	(2244, '3M53VP', 447, 8, '2', 'PREPAR,JACKY,Snv 619 NE (Inc 642 SW),PERFORACION'),
	(2245, '3M53VV', 447, 8, '2', 'PREPAR,JACKY,Snv 619 NE (Inc 642 SW),VOLADURA'),
	(2246, '3M53VL', 447, 8, '2', 'PREPAR,JACKY,Snv 619 NE (Inc 642 SW),LIMPIEZA'),
	(2247, '3M53VS', 447, 8, '2', 'PREPAR,JACKY,Snv 619 NE (Inc 642 SW),SOSTENIMIENTO'),
	(2248, '3M53VO', 447, 8, '2', 'PREPAR,JACKY,Snv 619 NE (Inc 642 SW),SERVICIO'),
	(2249, '3M53WP', 448, 8, '2', 'PREPAR,JACKY,Snv 619 SW (Inc 642 SW),PERFORACION'),
	(2250, '3M53WV', 448, 8, '2', 'PREPAR,JACKY,Snv 619 SW (Inc 642 SW),VOLADURA'),
	(2251, '3M53WL', 448, 8, '2', 'PREPAR,JACKY,Snv 619 SW (Inc 642 SW),LIMPIEZA'),
	(2252, '3M53WS', 448, 8, '2', 'PREPAR,JACKY,Snv 619 SW (Inc 642 SW),SOSTENIMIENTO'),
	(2253, '3M53WO', 448, 8, '2', 'PREPAR,JACKY,Snv 619 SW (Inc 642 SW),SERVICIO'),
	(2254, '3L395P', 118, 3, '2', 'PREPAR,ANDREA,Ch 973 (Snv 974 SW),PERFORACION'),
	(2255, '3L395V', 118, 3, '2', 'PREPAR,ANDREA,Ch 973 (Snv 974 SW),VOLADURA'),
	(2256, '3L395L', 118, 3, '2', 'PREPAR,ANDREA,Ch 973 (Snv 974 SW),LIMPIEZA'),
	(2257, '3L395S', 118, 3, '2', 'PREPAR,ANDREA,Ch 973 (Snv 974 SW),SOSTENIMIENTO'),
	(2258, '3L395O', 118, 3, '2', 'PREPAR,ANDREA,Ch 973 (Snv 974 SW),SERVICIO'),
	(2259, '3L53XP', 510, 3, '2', 'PREPAR,ANDREA,Snv 974 SW (Est 971 SW),PERFORACION'),
	(2260, '3L53XV', 510, 3, '2', 'PREPAR,ANDREA,Snv 974 SW (Est 971 SW),VOLADURA'),
	(2261, '3L53XL', 510, 3, '2', 'PREPAR,ANDREA,Snv 974 SW (Est 971 SW),LIMPIEZA'),
	(2262, '3L53XS', 510, 3, '2', 'PREPAR,ANDREA,Snv 974 SW (Est 971 SW),SOSTENIMIENTO'),
	(2263, '3L53XO', 510, 3, '2', 'PREPAR,ANDREA,Snv 974 SW (Est 971 SW),SERVICIO'),
	(2264, '3L53YP', 511, 3, '2', 'PREPAR,ANDREA,Snv 976 SW (Ch 973),PERFORACION'),
	(2265, '3L53YV', 511, 3, '2', 'PREPAR,ANDREA,Snv 976 SW (Ch 973),VOLADURA'),
	(2266, '3L53YL', 511, 3, '2', 'PREPAR,ANDREA,Snv 976 SW (Ch 973),LIMPIEZA'),
	(2267, '3L53YS', 511, 3, '2', 'PREPAR,ANDREA,Snv 976 SW (Ch 973),SOSTENIMIENTO'),
	(2268, '3L53YO', 511, 3, '2', 'PREPAR,ANDREA,Snv 976 SW (Ch 973),SERVICIO'),
	(2269, '3L53ZP', 512, 3, '2', 'PREPAR,ANDREA,Snv 977 NE (Ch 973),PERFORACION'),
	(2270, '3L53ZV', 512, 3, '2', 'PREPAR,ANDREA,Snv 977 NE (Ch 973),VOLADURA'),
	(2271, '3L53ZL', 512, 3, '2', 'PREPAR,ANDREA,Snv 977 NE (Ch 973),LIMPIEZA'),
	(2272, '3L53ZS', 512, 3, '2', 'PREPAR,ANDREA,Snv 977 NE (Ch 973),SOSTENIMIENTO'),
	(2273, '3L53ZO', 512, 3, '2', 'PREPAR,ANDREA,Snv 977 NE (Ch 973),SERVICIO'),
	(2274, '3L54AP', 514, 3, '2', 'PREPAR,ANDREA,Snv 981 SW (Ch 973),PERFORACION'),
	(2275, '3L54AV', 514, 3, '2', 'PREPAR,ANDREA,Snv 981 SW (Ch 973),VOLADURA'),
	(2276, '3L54AL', 514, 3, '2', 'PREPAR,ANDREA,Snv 981 SW (Ch 973),LIMPIEZA'),
	(2277, '3L54AS', 514, 3, '2', 'PREPAR,ANDREA,Snv 981 SW (Ch 973),SOSTENIMIENTO'),
	(2278, '3L54AO', 514, 3, '2', 'PREPAR,ANDREA,Snv 981 SW (Ch 973),SERVICIO'),
	(2279, '3L54BP', 513, 3, '2', 'PREPAR,ANDREA,Snv 981 NE (Ch 973),PERFORACION'),
	(2280, '3L54BV', 513, 3, '2', 'PREPAR,ANDREA,Snv 981 NE (Ch 973),VOLADURA'),
	(2281, '3L54BL', 513, 3, '2', 'PREPAR,ANDREA,Snv 981 NE (Ch 973),LIMPIEZA'),
	(2282, '3L54BS', 513, 3, '2', 'PREPAR,ANDREA,Snv 981 NE (Ch 973),SOSTENIMIENTO'),
	(2283, '3L54BO', 513, 3, '2', 'PREPAR,ANDREA,Snv 981 NE (Ch 973),SERVICIO'),
	(2284, '2L671P', 212, 3, '2', 'DESARR,ANDREA,Est 971 SW (Cx 169 NE),PERFORACION'),
	(2285, '2L671V', 212, 3, '2', 'DESARR,ANDREA,Est 971 SW (Cx 169 NE),VOLADURA'),
	(2286, '2L671L', 212, 3, '2', 'DESARR,ANDREA,Est 971 SW (Cx 169 NE),LIMPIEZA'),
	(2287, '2L671S', 212, 3, '2', 'DESARR,ANDREA,Est 971 SW (Cx 169 NE),SOSTENIMIENTO'),
	(2288, '2L671O', 212, 3, '2', 'DESARR,ANDREA,Est 971 SW (Cx 169 NE),SERVICIO'),
	(2289, '5D71YP', 551, 4, '1', 'EXPLOT,CACHORRO,Tj 056 (Ch 056),PERFORACION'),
	(2290, '5D71YV', 551, 4, '1', 'EXPLOT,CACHORRO,Tj 056 (Ch 056),VOLADURA'),
	(2291, '5D71YL', 551, 4, '1', 'EXPLOT,CACHORRO,Tj 056 (Ch 056),LIMPIEZA'),
	(2292, '5D71YS', 551, 4, '1', 'EXPLOT,CACHORRO,Tj 056 (Ch 056),SOSTENIMIENTO'),
	(2293, '5D71YO', 551, 4, '1', 'EXPLOT,CACHORRO,Tj 056 (Ch 056),SERVICIO'),
	(2294, '5D71YR', 551, 4, '1', 'EXPLOT,CACHORRO,Tj 056 (Ch 056),RELLENO'),
	(2295, '5D71ZP', 543, 4, '1', 'EXPLOT,CACHORRO,Tj 050 NE (Snv 915 NE),PERFORACION'),
	(2296, '5D71ZV', 543, 4, '1', 'EXPLOT,CACHORRO,Tj 050 NE (Snv 915 NE),VOLADURA'),
	(2297, '5D71ZL', 543, 4, '1', 'EXPLOT,CACHORRO,Tj 050 NE (Snv 915 NE),LIMPIEZA'),
	(2298, '5D71ZS', 543, 4, '1', 'EXPLOT,CACHORRO,Tj 050 NE (Snv 915 NE),SOSTENIMIENTO'),
	(2299, '5D71ZO', 543, 4, '1', 'EXPLOT,CACHORRO,Tj 050 NE (Snv 915 NE),SERVICIO'),
	(2300, '5D71ZR', 543, 4, '1', 'EXPLOT,CACHORRO,Tj 050 NE (Snv 915 NE),RELLENO'),
	(2301, '1D54CP', 493, 4, '2', 'EXPLOR,CACHORRO,Snv 909 SW (Est 905 SE),PERFORACION'),
	(2302, '1D54CV', 493, 4, '2', 'EXPLOR,CACHORRO,Snv 909 SW (Est 905 SE),VOLADURA'),
	(2303, '1D54CL', 493, 4, '2', 'EXPLOR,CACHORRO,Snv 909 SW (Est 905 SE),LIMPIEZA'),
	(2304, '1D54CS', 493, 4, '2', 'EXPLOR,CACHORRO,Snv 909 SW (Est 905 SE),SOSTENIMIENTO'),
	(2305, '1D54CO', 493, 4, '2', 'EXPLOR,CACHORRO,Snv 909 SW (Est 905 SE),SERVICIO'),
	(2306, '5D72AP', 542, 4, '1', 'EXPLOT,CACHORRO,Tj 050 NE (Ch 936),PERFORACION'),
	(2307, '5D72AV', 542, 4, '1', 'EXPLOT,CACHORRO,Tj 050 NE (Ch 936),VOLADURA'),
	(2308, '5D72AL', 542, 4, '1', 'EXPLOT,CACHORRO,Tj 050 NE (Ch 936),LIMPIEZA'),
	(2309, '5D72AS', 542, 4, '1', 'EXPLOT,CACHORRO,Tj 050 NE (Ch 936),SOSTENIMIENTO'),
	(2310, '5D72AO', 542, 4, '1', 'EXPLOT,CACHORRO,Tj 050 NE (Ch 936),SERVICIO'),
	(2311, '5D72AR', 542, 4, '1', 'EXPLOT,CACHORRO,Tj 050 NE (Ch 936),RELLENO'),
	(2312, '5D72BP', 544, 4, '1', 'EXPLOT,CACHORRO,Tj 050 SW (Ch 936),PERFORACION'),
	(2313, '5D72BV', 544, 4, '1', 'EXPLOT,CACHORRO,Tj 050 SW (Ch 936),VOLADURA'),
	(2314, '5D72BL', 544, 4, '1', 'EXPLOT,CACHORRO,Tj 050 SW (Ch 936),LIMPIEZA'),
	(2315, '5D72BS', 544, 4, '1', 'EXPLOT,CACHORRO,Tj 050 SW (Ch 936),SOSTENIMIENTO'),
	(2316, '5D72BO', 544, 4, '1', 'EXPLOT,CACHORRO,Tj 050 SW (Ch 936),SERVICIO'),
	(2317, '5D72BR', 544, 4, '1', 'EXPLOT,CACHORRO,Tj 050 SW (Ch 936),RELLENO'),
	(2318, '3G54DP', 484, 9, '2', 'PREPAR,MANUEL,Snv 878 NE (Snv 030 NE),PERFORACION'),
	(2319, '3G54DV', 484, 9, '2', 'PREPAR,MANUEL,Snv 878 NE (Snv 030 NE),VOLADURA'),
	(2320, '3G54DL', 484, 9, '2', 'PREPAR,MANUEL,Snv 878 NE (Snv 030 NE),LIMPIEZA'),
	(2321, '3G54DS', 484, 9, '2', 'PREPAR,MANUEL,Snv 878 NE (Snv 030 NE),SOSTENIMIENTO'),
	(2322, '3G54DO', 484, 9, '2', 'PREPAR,MANUEL,Snv 878 NE (Snv 030 NE),SERVICIO'),
	(2323, '3G54EP', 490, 9, '2', 'PREPAR,MANUEL,Snv 898 NE (Snv 050 NE),PERFORACION'),
	(2324, '3G54EV', 490, 9, '2', 'PREPAR,MANUEL,Snv 898 NE (Snv 050 NE),VOLADURA'),
	(2325, '3G54EL', 490, 9, '2', 'PREPAR,MANUEL,Snv 898 NE (Snv 050 NE),LIMPIEZA'),
	(2326, '3G54ES', 490, 9, '2', 'PREPAR,MANUEL,Snv 898 NE (Snv 050 NE),SOSTENIMIENTO'),
	(2327, '3G54EO', 490, 9, '2', 'PREPAR,MANUEL,Snv 898 NE (Snv 050 NE),SERVICIO'),
	(2328, '1G396P', 106, 9, '2', 'EXPLOR,MANUEL,Ch 907 (Snv 878 NE),PERFORACION'),
	(2329, '1G396V', 106, 9, '2', 'EXPLOR,MANUEL,Ch 907 (Snv 878 NE),VOLADURA'),
	(2330, '1G396L', 106, 9, '2', 'EXPLOR,MANUEL,Ch 907 (Snv 878 NE),LIMPIEZA'),
	(2331, '1G396S', 106, 9, '2', 'EXPLOR,MANUEL,Ch 907 (Snv 878 NE),SOSTENIMIENTO'),
	(2332, '1G396O', 106, 9, '2', 'EXPLOR,MANUEL,Ch 907 (Snv 878 NE),SERVICIO'),
	(2333, '1G397P', 107, 9, '2', 'EXPLOR,MANUEL,Ch 907 (Snv 898 NE),PERFORACION'),
	(2334, '1G397V', 107, 9, '2', 'EXPLOR,MANUEL,Ch 907 (Snv 898 NE),VOLADURA'),
	(2335, '1G397L', 107, 9, '2', 'EXPLOR,MANUEL,Ch 907 (Snv 898 NE),LIMPIEZA'),
	(2336, '1G397S', 107, 9, '2', 'EXPLOR,MANUEL,Ch 907 (Snv 898 NE),SOSTENIMIENTO'),
	(2337, '1G397O', 107, 9, '2', 'EXPLOR,MANUEL,Ch 907 (Snv 898 NE),SERVICIO'),
	(2338, '5G72CP', 628, 9, '1', 'EXPLOT,MANUEL,Tj 900 SW (Ch 907),PERFORACION'),
	(2339, '5G72CV', 628, 9, '1', 'EXPLOT,MANUEL,Tj 900 SW (Ch 907),VOLADURA'),
	(2340, '5G72CL', 628, 9, '1', 'EXPLOT,MANUEL,Tj 900 SW (Ch 907),LIMPIEZA'),
	(2341, '5G72CS', 628, 9, '1', 'EXPLOT,MANUEL,Tj 900 SW (Ch 907),SOSTENIMIENTO'),
	(2342, '5G72CR', 628, 9, '1', 'EXPLOT,MANUEL,Tj 900 SW (Ch 907),RELLENO'),
	(2343, '5G72CO', 628, 9, '1', 'EXPLOT,MANUEL,Tj 900 SW (Ch 907),SERVICIO'),
	(2344, '5G72DP', 625, 9, '1', 'EXPLOT,MANUEL,Tj 880 SW (Ch 907),PERFORACION'),
	(2345, '5G72DV', 625, 9, '1', 'EXPLOT,MANUEL,Tj 880 SW (Ch 907),VOLADURA'),
	(2346, '5G72DL', 625, 9, '1', 'EXPLOT,MANUEL,Tj 880 SW (Ch 907),LIMPIEZA'),
	(2347, '5G72DS', 625, 9, '1', 'EXPLOT,MANUEL,Tj 880 SW (Ch 907),SOSTENIMIENTO'),
	(2348, '5G72DO', 625, 9, '1', 'EXPLOT,MANUEL,Tj 880 SW (Ch 907),SERVICIO'),
	(2349, '5G72DR', 625, 9, '1', 'EXPLOT,MANUEL,Tj 880 SW (Ch 907),RELLENO'),
	(2350, '5L72EP', 594, 3, '1', 'EXPLOT,ANDREA,Tj 157 SW (Ch 973),PERFORACION'),
	(2351, '5L72EV', 594, 3, '1', 'EXPLOT,ANDREA,Tj 157 SW (Ch 973),VOLADURA'),
	(2352, '5L72EL', 594, 3, '1', 'EXPLOT,ANDREA,Tj 157 SW (Ch 973),LIMPIEZA'),
	(2353, '5L72ES', 594, 3, '1', 'EXPLOT,ANDREA,Tj 157 SW (Ch 973),SOSTENIMIENTO'),
	(2354, '5L72EO', 594, 3, '1', 'EXPLOT,ANDREA,Tj 157 SW (Ch 973),SERVICIO'),
	(2355, '5L72ER', 594, 3, '1', 'EXPLOT,ANDREA,Tj 157 SW (Ch 973),RELLENO'),
	(2356, '5L72FP', 592, 3, '1', 'EXPLOT,ANDREA,Tj 157 NE (Ch 973),PERFORACION'),
	(2357, '5L72FV', 592, 3, '1', 'EXPLOT,ANDREA,Tj 157 NE (Ch 973),VOLADURA'),
	(2358, '5L72FL', 592, 3, '1', 'EXPLOT,ANDREA,Tj 157 NE (Ch 973),LIMPIEZA'),
	(2359, '5L72FS', 592, 3, '1', 'EXPLOT,ANDREA,Tj 157 NE (Ch 973),SOSTENIMIENTO'),
	(2360, '5L72FO', 592, 3, '1', 'EXPLOT,ANDREA,Tj 157 NE (Ch 973),SERVICIO'),
	(2361, '5L72FR', 592, 3, '1', 'EXPLOT,ANDREA,Tj 157 NE (Ch 973),RELLENO'),
	(2362, '4D672P', 205, 4, '2', 'OPERAC,CACHORRO,Est 929 SE (Snv 089 NE),PERFORACION'),
	(2363, '4D672V', 205, 4, '2', 'OPERAC,CACHORRO,Est 929 SE (Snv 089 NE),VOLADURA'),
	(2364, '4D672L', 205, 4, '2', 'OPERAC,CACHORRO,Est 929 SE (Snv 089 NE),LIMPIEZA'),
	(2365, '4D672S', 205, 4, '2', 'OPERAC,CACHORRO,Est 929 SE (Snv 089 NE),SOSTENIMIENTO'),
	(2366, '4D672O', 205, 4, '2', 'OPERAC,CACHORRO,Est 929 SE (Snv 089 NE),SERVICIO'),
	(2367, '3E54FP', 307, 12, '2', 'PREPAR,VANESSA,Snv 031 SW (Snv 030 SW),PERFORACION'),
	(2368, '3E54FV', 307, 12, '2', 'PREPAR,VANESSA,Snv 031 SW (Snv 030 SW),VOLADURA'),
	(2369, '3E54FL', 307, 12, '2', 'PREPAR,VANESSA,Snv 031 SW (Snv 030 SW),LIMPIEZA'),
	(2370, '3E54FS', 307, 12, '2', 'PREPAR,VANESSA,Snv 031 SW (Snv 030 SW),SOSTENIMIENTO'),
	(2371, '3E54FO', 307, 12, '2', 'PREPAR,VANESSA,Snv 031 SW (Snv 030 SW),SERVICIO'),
	(2372, '3D673P', 208, 4, '2', 'PREPAR,CACHORRO,Est 937 NE (Snv 915 NE),PERFORACION'),
	(2373, '3D673V', 208, 4, '2', 'PREPAR,CACHORRO,Est 937 NE (Snv 915 NE),VOLADURA'),
	(2374, '3D673L', 208, 4, '2', 'PREPAR,CACHORRO,Est 937 NE (Snv 915 NE),LIMPIEZA'),
	(2375, '3D673S', 208, 4, '2', 'PREPAR,CACHORRO,Est 937 NE (Snv 915 NE),SOSTENIMIENTO'),
	(2376, '3D673O', 208, 4, '2', 'PREPAR,CACHORRO,Est 937 NE (Snv 915 NE),SERVICIO'),
	(2377, '1D54GP', 354, 4, '2', 'EXPLOR,CACHORRO,Snv 090 SW (Ch 936),PERFORACION'),
	(2378, '1D54GV', 354, 4, '2', 'EXPLOR,CACHORRO,Snv 090 SW (Ch 936),VOLADURA'),
	(2379, '1D54GL', 354, 4, '2', 'EXPLOR,CACHORRO,Snv 090 SW (Ch 936),LIMPIEZA'),
	(2380, '1D54GS', 354, 4, '2', 'EXPLOR,CACHORRO,Snv 090 SW (Ch 936),SOSTENIMIENTO'),
	(2381, '1D54GO', 354, 4, '2', 'EXPLOR,CACHORRO,Snv 090 SW (Ch 936),SERVICIO'),
	(2382, '1D54HP', 352, 4, '2', 'EXPLOR,CACHORRO,Snv 090 NE (Ch 936),PERFORACION'),
	(2383, '1D54HV', 352, 4, '2', 'EXPLOR,CACHORRO,Snv 090 NE (Ch 936),VOLADURA'),
	(2384, '1D54HL', 352, 4, '2', 'EXPLOR,CACHORRO,Snv 090 NE (Ch 936),LIMPIEZA'),
	(2385, '1D54HS', 352, 4, '2', 'EXPLOR,CACHORRO,Snv 090 NE (Ch 936),SOSTENIMIENTO'),
	(2386, '1D54HO', 352, 4, '2', 'EXPLOR,CACHORRO,Snv 090 NE (Ch 936),SERVICIO'),
	(2387, '2M674P', 181, 8, '2', 'DESARR,JACKY,Est 640 SE (Inc 642 SW),PERFORACION'),
	(2388, '2M674V', 181, 8, '2', 'DESARR,JACKY,Est 640 SE (Inc 642 SW),VOLADURA'),
	(2389, '2M674L', 181, 8, '2', 'DESARR,JACKY,Est 640 SE (Inc 642 SW),LIMPIEZA'),
	(2390, '2M674S', 181, 8, '2', 'DESARR,JACKY,Est 640 SE (Inc 642 SW),SOSTENIMIENTO'),
	(2391, '2M674O', 181, 8, '2', 'DESARR,JACKY,Est 640 SE (Inc 642 SW),SERVICIO'),
	(2392, '2E938P', 671, 12, '2', 'DESARR,VANESSA,Ven 033 SW (Tj 037 NE),PERFORACION'),
	(2393, '2E938V', 671, 12, '2', 'DESARR,VANESSA,Ven 033 SW (Tj 037 NE),VOLADURA'),
	(2394, '2E938L', 671, 12, '2', 'DESARR,VANESSA,Ven 033 SW (Tj 037 NE),LIMPIEZA'),
	(2395, '2E938S', 671, 12, '2', 'DESARR,VANESSA,Ven 033 SW (Tj 037 NE),SOSTENIMIENTO'),
	(2396, '2E938O', 671, 12, '2', 'DESARR,VANESSA,Ven 033 SW (Tj 037 NE),SERVICIO'),
	(2397, '3E398P', 101, 12, '2', 'PREPAR,VANESSA,Ch 877 (Snv 030 NE),PERFORACION'),
	(2398, '3E398V', 101, 12, '2', 'PREPAR,VANESSA,Ch 877 (Snv 030 NE),VOLADURA'),
	(2399, '3E398L', 101, 12, '2', 'PREPAR,VANESSA,Ch 877 (Snv 030 NE),LIMPIEZA'),
	(2400, '3E398S', 101, 12, '2', 'PREPAR,VANESSA,Ch 877 (Snv 030 NE),SOSTENIMIENTO'),
	(2401, '3E398O', 101, 12, '2', 'PREPAR,VANESSA,Ch 877 (Snv 030 NE),SERVICIO'),
	(2402, '3E399P', 102, 12, '2', 'PREPAR,VANESSA,Ch 877 (Snv 050 NE),PERFORACION'),
	(2403, '3E399V', 102, 12, '2', 'PREPAR,VANESSA,Ch 877 (Snv 050 NE),VOLADURA'),
	(2404, '3E399L', 102, 12, '2', 'PREPAR,VANESSA,Ch 877 (Snv 050 NE),LIMPIEZA'),
	(2405, '3E399S', 102, 12, '2', 'PREPAR,VANESSA,Ch 877 (Snv 050 NE),SOSTENIMIENTO'),
	(2406, '3E399O', 102, 12, '2', 'PREPAR,VANESSA,Ch 877 (Snv 050 NE),SERVICIO'),
	(2407, '3D54IP', 498, 4, '2', 'PREPAR,CACHORRO,Snv 918 NE (Ch 936),PERFORACION'),
	(2408, '3D54IV', 498, 4, '2', 'PREPAR,CACHORRO,Snv 918 NE (Ch 936),VOLADURA'),
	(2409, '3D54IL', 498, 4, '2', 'PREPAR,CACHORRO,Snv 918 NE (Ch 936),LIMPIEZA'),
	(2410, '3D54IS', 498, 4, '2', 'PREPAR,CACHORRO,Snv 918 NE (Ch 936),SOSTENIMIENTO'),
	(2411, '3D54IO', 498, 4, '2', 'PREPAR,CACHORRO,Snv 918 NE (Ch 936),SERVICIO'),
	(2412, '3L31AP', 115, 3, '2', 'PREPAR,ANDREA,Ch 948 (Snv 152 NE),PERFORACION'),
	(2413, '3L31AV', 115, 3, '2', 'PREPAR,ANDREA,Ch 948 (Snv 152 NE),VOLADURA'),
	(2414, '3L31AL', 115, 3, '2', 'PREPAR,ANDREA,Ch 948 (Snv 152 NE),LIMPIEZA'),
	(2415, '3L31AS', 115, 3, '2', 'PREPAR,ANDREA,Ch 948 (Snv 152 NE),SOSTENIMIENTO'),
	(2416, '3L31AO', 115, 3, '2', 'PREPAR,ANDREA,Ch 948 (Snv 152 NE),SERVICIO'),
	(2417, '3D54JP', 500, 4, '2', 'PREPAR,CACHORRO,Snv 920 NE (Ch 936),PERFORACION'),
	(2418, '3D54JV', 500, 4, '2', 'PREPAR,CACHORRO,Snv 920 NE (Ch 936),VOLADURA'),
	(2419, '3D54JL', 500, 4, '2', 'PREPAR,CACHORRO,Snv 920 NE (Ch 936),LIMPIEZA'),
	(2420, '3D54JS', 500, 4, '2', 'PREPAR,CACHORRO,Snv 920 NE (Ch 936),SOSTENIMIENTO'),
	(2421, '3D54JO', 500, 4, '2', 'PREPAR,CACHORRO,Snv 920 NE (Ch 936),SERVICIO'),
	(2422, '3L31BP', 116, 3, '2', 'PREPAR,ANDREA,Ch 950 (Snv 152 NE) ,PERFORACION'),
	(2423, '3L31BV', 116, 3, '2', 'PREPAR,ANDREA,Ch 950 (Snv 152 NE) ,VOLADURA'),
	(2424, '3L31BL', 116, 3, '2', 'PREPAR,ANDREA,Ch 950 (Snv 152 NE) ,LIMPIEZA'),
	(2425, '3L31BS', 116, 3, '2', 'PREPAR,ANDREA,Ch 950 (Snv 152 NE) ,SOSTENIMIENTO'),
	(2426, '3L31BO', 116, 3, '2', 'PREPAR,ANDREA,Ch 950 (Snv 152 NE) ,SERVICIO'),
	(2427, '5L675P', 216, 3, '2', 'EXPLOT,ANDREA,Est 950 NW (Snv 152 NE) ,PERFORACION'),
	(2428, '5L675V', 216, 3, '2', 'EXPLOT,ANDREA,Est 950 NW (Snv 152 NE) ,VOLADURA'),
	(2429, '5L675L', 216, 3, '2', 'EXPLOT,ANDREA,Est 950 NW (Snv 152 NE) ,LIMPIEZA'),
	(2430, '5L675S', 216, 3, '2', 'EXPLOT,ANDREA,Est 950 NW (Snv 152 NE) ,SOSTENIMIENTO'),
	(2431, '5L675O', 216, 3, '2', 'EXPLOT,ANDREA,Est 950 NW (Snv 152 NE) ,SERVICIO'),
	(2432, '3M31CP', 85, 8, '2', 'PREPAR,JACKY,Ch 619 (Inc 642 SW),PERFORACION'),
	(2433, '3M31CV', 85, 8, '2', 'PREPAR,JACKY,Ch 619 (Inc 642 SW),VOLADURA'),
	(2434, '3M31CL', 85, 8, '2', 'PREPAR,JACKY,Ch 619 (Inc 642 SW),LIMPIEZA'),
	(2435, '3M31CS', 85, 8, '2', 'PREPAR,JACKY,Ch 619 (Inc 642 SW),SOSTENIMIENTO'),
	(2436, '3M31CO', 85, 8, '2', 'PREPAR,JACKY,Ch 619 (Inc 642 SW),SERVICIO'),
	(2437, '5M72GP', 602, 8, '1', 'EXPLOT,JACKY,Tj 619 SW (Ch 619),PERFORACION'),
	(2438, '5M72GV', 602, 8, '1', 'EXPLOT,JACKY,Tj 619 SW (Ch 619),VOLADURA'),
	(2439, '5M72GL', 602, 8, '1', 'EXPLOT,JACKY,Tj 619 SW (Ch 619),LIMPIEZA'),
	(2440, '5M72GS', 602, 8, '1', 'EXPLOT,JACKY,Tj 619 SW (Ch 619),SOSTENIMIENTO'),
	(2441, '5M72GO', 602, 8, '1', 'EXPLOT,JACKY,Tj 619 SW (Ch 619),SERVICIO'),
	(2442, '5M72GR', 602, 8, '1', 'EXPLOT,JACKY,Tj 619 SW (Ch 619),RELLENO'),
	(2443, '5M72HP', 601, 8, '1', 'EXPLOT,JACKY,Tj 619 NE (Ch 619),PERFORACION'),
	(2444, '5M72HV', 601, 8, '1', 'EXPLOT,JACKY,Tj 619 NE (Ch 619),VOLADURA'),
	(2445, '5M72HL', 601, 8, '1', 'EXPLOT,JACKY,Tj 619 NE (Ch 619),LIMPIEZA'),
	(2446, '5M72HS', 601, 8, '1', 'EXPLOT,JACKY,Tj 619 NE (Ch 619),SOSTENIMIENTO'),
	(2447, '5M72HO', 601, 8, '1', 'EXPLOT,JACKY,Tj 619 NE (Ch 619),SERVICIO'),
	(2448, '5M72HR', 601, 8, '1', 'EXPLOT,JACKY,Tj 619 NE (Ch 619),RELLENO'),
	(2449, '2E31DP', 41, 12, '2', 'DESARR,VANESSA,Ch 055 (Tj 057 SW),PERFORACION'),
	(2450, '2E31DV', 41, 12, '2', 'DESARR,VANESSA,Ch 055 (Tj 057 SW),VOLADURA'),
	(2451, '2E31DL', 41, 12, '2', 'DESARR,VANESSA,Ch 055 (Tj 057 SW),LIMPIEZA'),
	(2452, '2E31DS', 41, 12, '2', 'DESARR,VANESSA,Ch 055 (Tj 057 SW),SOSTENIMIENTO'),
	(2453, '2E31DO', 41, 12, '2', 'DESARR,VANESSA,Ch 055 (Tj 057 SW),SERVICIO'),
	(2454, '2L31EP', 103, 3, '2', 'DESARR,ANDREA,Ch 889 (Snv 152 SW),PERFORACION'),
	(2455, '2L31EV', 103, 3, '2', 'DESARR,ANDREA,Ch 889 (Snv 152 SW),VOLADURA'),
	(2456, '2L31EL', 103, 3, '2', 'DESARR,ANDREA,Ch 889 (Snv 152 SW),LIMPIEZA'),
	(2457, '2L31ES', 103, 3, '2', 'DESARR,ANDREA,Ch 889 (Snv 152 SW),SOSTENIMIENTO'),
	(2458, '2L31EO', 103, 3, '2', 'DESARR,ANDREA,Ch 889 (Snv 152 SW),SERVICIO'),
	(2459, '2G31FP', 106, 9, '2', 'DESARR,MANUEL,Ch 907 (Snv 878 NE),PERFORACION'),
	(2460, '2G31FV', 106, 9, '2', 'DESARR,MANUEL,Ch 907 (Snv 878 NE),VOLADURA'),
	(2461, '2G31FL', 106, 9, '2', 'DESARR,MANUEL,Ch 907 (Snv 878 NE),LIMPIEZA'),
	(2462, '2G31FS', 106, 9, '2', 'DESARR,MANUEL,Ch 907 (Snv 878 NE),SOSTENIMIENTO'),
	(2463, '2G31FO', 106, 9, '2', 'DESARR,MANUEL,Ch 907 (Snv 878 NE),SERVICIO'),
	(2464, '2G676P', 198, 9, '2', 'DESARR,MANUEL,Est 901 NW (Snv 878 NE),PERFORACION'),
	(2465, '2G676V', 198, 9, '2', 'DESARR,MANUEL,Est 901 NW (Snv 878 NE),VOLADURA'),
	(2466, '2G676L', 198, 9, '2', 'DESARR,MANUEL,Est 901 NW (Snv 878 NE),LIMPIEZA'),
	(2467, '2G676S', 198, 9, '2', 'DESARR,MANUEL,Est 901 NW (Snv 878 NE),SOSTENIMIENTO'),
	(2468, '2G676O', 198, 9, '2', 'DESARR,MANUEL,Est 901 NW (Snv 878 NE),SERVICIO'),
	(2469, '3E412P', 277, 12, '2', 'PREPAR,VANESSA,Pq 870 (Snv 030 SW),PERFORACION'),
	(2470, '3E412V', 277, 12, '2', 'PREPAR,VANESSA,Pq 870 (Snv 030 SW),VOLADURA'),
	(2471, '3E412L', 277, 12, '2', 'PREPAR,VANESSA,Pq 870 (Snv 030 SW),LIMPIEZA'),
	(2472, '3E412S', 277, 12, '2', 'PREPAR,VANESSA,Pq 870 (Snv 030 SW),SOSTENIMIENTO'),
	(2473, '3E412O', 277, 12, '2', 'PREPAR,VANESSA,Pq 870 (Snv 030 SW),SERVICIO'),
	(2474, '3M54KP', 450, 8, '2', 'PREPAR,JACKY,Snv 622 SW (Tj 619 SW),PERFORACION'),
	(2475, '3M54KV', 450, 8, '2', 'PREPAR,JACKY,Snv 622 SW (Tj 619 SW),VOLADURA'),
	(2476, '3M54KL', 450, 8, '2', 'PREPAR,JACKY,Snv 622 SW (Tj 619 SW),LIMPIEZA'),
	(2477, '3M54KS', 450, 8, '2', 'PREPAR,JACKY,Snv 622 SW (Tj 619 SW),SOSTENIMIENTO'),
	(2478, '3M54KO', 450, 8, '2', 'PREPAR,JACKY,Snv 622 SW (Tj 619 SW),SERVICIO'),
	(2479, '3M54LP', 449, 8, '2', 'PREPAR,JACKY,Snv 622 NE (Ch 619),PERFORACION'),
	(2480, '3M54LV', 449, 8, '2', 'PREPAR,JACKY,Snv 622 NE (Ch 619),VOLADURA'),
	(2481, '3M54LL', 449, 8, '2', 'PREPAR,JACKY,Snv 622 NE (Ch 619),LIMPIEZA'),
	(2482, '3M54LS', 449, 8, '2', 'PREPAR,JACKY,Snv 622 NE (Ch 619),SOSTENIMIENTO'),
	(2483, '3M54LO', 449, 8, '2', 'PREPAR,JACKY,Snv 622 NE (Ch 619),SERVICIO'),
	(2484, '3L675P', 216, 3, '2', 'PREPAR,ANDREA,Est 950 NW (Snv 152 NE) ,PERFORACION'),
	(2485, '3L675V', 216, 3, '2', 'PREPAR,ANDREA,Est 950 NW (Snv 152 NE) ,VOLADURA'),
	(2486, '3L675L', 216, 3, '2', 'PREPAR,ANDREA,Est 950 NW (Snv 152 NE) ,LIMPIEZA'),
	(2487, '3L675S', 216, 3, '2', 'PREPAR,ANDREA,Est 950 NW (Snv 152 NE) ,SOSTENIMIENTO'),
	(2488, '3L675O', 216, 3, '2', 'PREPAR,ANDREA,Est 950 NW (Snv 152 NE) ,SERVICIO'),
	(2489, '3ED04P', 267, 12, '2', 'PREPAR,VANESSA,Inc 870 SW (Snv 030 SW),PERFORACION'),
	(2490, '3ED04V', 267, 12, '2', 'PREPAR,VANESSA,Inc 870 SW (Snv 030 SW),VOLADURA'),
	(2491, '3ED04L', 267, 12, '2', 'PREPAR,VANESSA,Inc 870 SW (Snv 030 SW),LIMPIEZA'),
	(2492, '3ED04S', 267, 12, '2', 'PREPAR,VANESSA,Inc 870 SW (Snv 030 SW),SOSTENIMIENTO'),
	(2493, '3ED04O', 267, 12, '2', 'PREPAR,VANESSA,Inc 870 SW (Snv 030 SW),SERVICIO'),
	(2494, '3L54MP', 505, 3, '2', 'PREPAR,ANDREA,Snv 938 NE (Est 950 NW),PERFORACION'),
	(2495, '3L54MV', 505, 3, '2', 'PREPAR,ANDREA,Snv 938 NE (Est 950 NW),VOLADURA'),
	(2496, '3L54ML', 505, 3, '2', 'PREPAR,ANDREA,Snv 938 NE (Est 950 NW),LIMPIEZA'),
	(2497, '3L54MS', 505, 3, '2', 'PREPAR,ANDREA,Snv 938 NE (Est 950 NW),SOSTENIMIENTO'),
	(2498, '3L54MO', 505, 3, '2', 'PREPAR,ANDREA,Snv 938 NE (Est 950 NW),SERVICIO'),
	(2499, '3L54NP', 507, 3, '2', 'PREPAR,ANDREA,Snv 938 SW (Est 950 NW),PERFORACION'),
	(2500, '3L54NV', 507, 3, '2', 'PREPAR,ANDREA,Snv 938 SW (Est 950 NW),VOLADURA'),
	(2501, '3L54NL', 507, 3, '2', 'PREPAR,ANDREA,Snv 938 SW (Est 950 NW),LIMPIEZA'),
	(2502, '3L54NS', 507, 3, '2', 'PREPAR,ANDREA,Snv 938 SW (Est 950 NW),SOSTENIMIENTO'),
	(2503, '3L54NO', 507, 3, '2', 'PREPAR,ANDREA,Snv 938 SW (Est 950 NW),SERVICIO'),
	(2504, '5G72IP', 624, 9, '1', 'EXPLOT,MANUEL,Tj 880 NE (Ch 907),PERFORACION'),
	(2505, '5G72IV', 624, 9, '1', 'EXPLOT,MANUEL,Tj 880 NE (Ch 907),VOLADURA'),
	(2506, '5G72IL', 624, 9, '1', 'EXPLOT,MANUEL,Tj 880 NE (Ch 907),LIMPIEZA'),
	(2507, '5G72IS', 624, 9, '1', 'EXPLOT,MANUEL,Tj 880 NE (Ch 907),SOSTENIMIENTO'),
	(2508, '5G72IO', 624, 9, '1', 'EXPLOT,MANUEL,Tj 880 NE (Ch 907),SERVICIO'),
	(2509, '5G72IR', 624, 9, '1', 'EXPLOT,MANUEL,Tj 880 NE (Ch 907),RELLENO'),
	(2510, '2EP04P', 282, 12, '2', 'DESARR,VANESSA,Pz 026 (Snv 026 NE),PERFORACION'),
	(2511, '2EP04V', 282, 12, '2', 'DESARR,VANESSA,Pz 026 (Snv 026 NE),VOLADURA'),
	(2512, '2EP04L', 282, 12, '2', 'DESARR,VANESSA,Pz 026 (Snv 026 NE),LIMPIEZA'),
	(2513, '2EP04S', 282, 12, '2', 'DESARR,VANESSA,Pz 026 (Snv 026 NE),SOSTENIMIENTO'),
	(2514, '2EP04O', 282, 12, '2', 'DESARR,VANESSA,Pz 026 (Snv 026 NE),SERVICIO'),
	(2515, '3E54OP', 471, 12, '2', 'PREPAR,VANESSA,Snv 842 NE (Est 847 SW),PERFORACION'),
	(2516, '3E54OV', 471, 12, '2', 'PREPAR,VANESSA,Snv 842 NE (Est 847 SW),VOLADURA'),
	(2517, '3E54OL', 471, 12, '2', 'PREPAR,VANESSA,Snv 842 NE (Est 847 SW),LIMPIEZA'),
	(2518, '3E54OS', 471, 12, '2', 'PREPAR,VANESSA,Snv 842 NE (Est 847 SW),SOSTENIMIENTO'),
	(2519, '3E54OO', 471, 12, '2', 'PREPAR,VANESSA,Snv 842 NE (Est 847 SW),SERVICIO'),
	(2520, '3G54PP', 485, 9, '2', 'PREPAR,MANUEL,Snv 881 NE (Ch 907),PERFORACION'),
	(2521, '3G54PV', 485, 9, '2', 'PREPAR,MANUEL,Snv 881 NE (Ch 907),VOLADURA'),
	(2522, '3G54PL', 485, 9, '2', 'PREPAR,MANUEL,Snv 881 NE (Ch 907),LIMPIEZA'),
	(2523, '3G54PS', 485, 9, '2', 'PREPAR,MANUEL,Snv 881 NE (Ch 907),SOSTENIMIENTO'),
	(2524, '3G54PO', 485, 9, '2', 'PREPAR,MANUEL,Snv 881 NE (Ch 907),SERVICIO'),
	(2525, '3L54QP', 301, 3, '2', 'PREPAR,ANDREA,Snv 026 NE (Snv 029 SW),PERFORACION'),
	(2526, '3L54QV', 301, 3, '2', 'PREPAR,ANDREA,Snv 026 NE (Snv 029 SW),VOLADURA'),
	(2527, '3L54QL', 301, 3, '2', 'PREPAR,ANDREA,Snv 026 NE (Snv 029 SW),LIMPIEZA'),
	(2528, '3L54QS', 301, 3, '2', 'PREPAR,ANDREA,Snv 026 NE (Snv 029 SW),SOSTENIMIENTO'),
	(2529, '3L54QO', 301, 3, '2', 'PREPAR,ANDREA,Snv 026 NE (Snv 029 SW),SERVICIO'),
	(2530, '2G939P', 672, 9, '2', 'DESARR,MANUEL,Ven 034 NE (Tj 880 SW),PERFORACION'),
	(2531, '2G939V', 672, 9, '2', 'DESARR,MANUEL,Ven 034 NE (Tj 880 SW),VOLADURA'),
	(2532, '2G939L', 672, 9, '2', 'DESARR,MANUEL,Ven 034 NE (Tj 880 SW),LIMPIEZA'),
	(2533, '2G939S', 672, 9, '2', 'DESARR,MANUEL,Ven 034 NE (Tj 880 SW),SOSTENIMIENTO'),
	(2534, '2G939O', 672, 9, '2', 'DESARR,MANUEL,Ven 034 NE (Tj 880 SW),SERVICIO'),
	(2535, '3D940P', 673, 4, '2', 'PREPAR,CACHORRO,Ven 035 NE (Tj 050 SW),PERFORACION'),
	(2536, '3D940V', 673, 4, '2', 'PREPAR,CACHORRO,Ven 035 NE (Tj 050 SW),VOLADURA'),
	(2537, '3D940L', 673, 4, '2', 'PREPAR,CACHORRO,Ven 035 NE (Tj 050 SW),LIMPIEZA'),
	(2538, '3D940S', 673, 4, '2', 'PREPAR,CACHORRO,Ven 035 NE (Tj 050 SW),SOSTENIMIENTO'),
	(2539, '3D940O', 673, 4, '2', 'PREPAR,CACHORRO,Ven 035 NE (Tj 050 SW),SERVICIO'),
	(2540, '3D54RP', 497, 4, '2', 'PREPAR,CACHORRO,Snv 917 SW (Tj 050 SW),PERFORACION'),
	(2541, '3D54RV', 497, 4, '2', 'PREPAR,CACHORRO,Snv 917 SW (Tj 050 SW),VOLADURA'),
	(2542, '3D54RL', 497, 4, '2', 'PREPAR,CACHORRO,Snv 917 SW (Tj 050 SW),LIMPIEZA'),
	(2543, '3D54RS', 497, 4, '2', 'PREPAR,CACHORRO,Snv 917 SW (Tj 050 SW),SOSTENIMIENTO'),
	(2544, '3D54RO', 497, 4, '2', 'PREPAR,CACHORRO,Snv 917 SW (Tj 050 SW),SERVICIO'),
	(2545, '3E54SP', 289, 12, '2', 'PREPAR,VANESSA,Snv 010 NE (Inc 870 SW),PERFORACION'),
	(2546, '3E54SV', 289, 12, '2', 'PREPAR,VANESSA,Snv 010 NE (Inc 870 SW),VOLADURA'),
	(2547, '3E54SL', 289, 12, '2', 'PREPAR,VANESSA,Snv 010 NE (Inc 870 SW),LIMPIEZA'),
	(2548, '3E54SS', 289, 12, '2', 'PREPAR,VANESSA,Snv 010 NE (Inc 870 SW),SOSTENIMIENTO'),
	(2549, '3E54SO', 289, 12, '2', 'PREPAR,VANESSA,Snv 010 NE (Inc 870 SW),SERVICIO'),
	(2550, '2E677P', 190, 12, '2', 'DESARR,VANESSA,Est 840 SE (Inc 870 SW),PERFORACION'),
	(2551, '2E677V', 190, 12, '2', 'DESARR,VANESSA,Est 840 SE (Inc 870 SW),VOLADURA'),
	(2552, '2E677L', 190, 12, '2', 'DESARR,VANESSA,Est 840 SE (Inc 870 SW),LIMPIEZA'),
	(2553, '2E677S', 190, 12, '2', 'DESARR,VANESSA,Est 840 SE (Inc 870 SW),SOSTENIMIENTO'),
	(2554, '2E677O', 190, 12, '2', 'DESARR,VANESSA,Est 840 SE (Inc 870 SW),SERVICIO'),
	(2555, '2L31GP', 1, 3, '2', 'DESARR,ANDREA, Ch 944 (Snv 938 NE),PERFORACION'),
	(2556, '2L31GV', 1, 3, '2', 'DESARR,ANDREA, Ch 944 (Snv 938 NE),VOLADURA'),
	(2557, '2L31GL', 1, 3, '2', 'DESARR,ANDREA, Ch 944 (Snv 938 NE),LIMPIEZA'),
	(2558, '2L31GS', 1, 3, '2', 'DESARR,ANDREA, Ch 944 (Snv 938 NE),SOSTENIMIENTO'),
	(2559, '2L31GO', 1, 3, '2', 'DESARR,ANDREA, Ch 944 (Snv 938 NE),SERVICIO'),
	(2560, '5L72JP', 633, 3, '1', 'EXPLOT,ANDREA,Tj 938 NE (Ch 944),PERFORACION'),
	(2561, '5L72JV', 633, 3, '1', 'EXPLOT,ANDREA,Tj 938 NE (Ch 944),VOLADURA'),
	(2562, '5L72JL', 633, 3, '1', 'EXPLOT,ANDREA,Tj 938 NE (Ch 944),LIMPIEZA'),
	(2563, '5L72JS', 633, 3, '1', 'EXPLOT,ANDREA,Tj 938 NE (Ch 944),SOSTENIMIENTO'),
	(2564, '5L72JO', 633, 3, '1', 'EXPLOT,ANDREA,Tj 938 NE (Ch 944),SERVICIO'),
	(2565, '5L72JR', 633, 3, '1', 'EXPLOT,ANDREA,Tj 938 NE (Ch 944),RELLENO'),
	(2566, '2L941P', 674, 3, '2', 'DESARR,ANDREA,Ven 036 NE (Tj 157 SW),PERFORACION'),
	(2567, '2L941V', 674, 3, '2', 'DESARR,ANDREA,Ven 036 NE (Tj 157 SW),VOLADURA'),
	(2568, '2L941L', 674, 3, '2', 'DESARR,ANDREA,Ven 036 NE (Tj 157 SW),LIMPIEZA'),
	(2569, '2L941S', 674, 3, '2', 'DESARR,ANDREA,Ven 036 NE (Tj 157 SW),SOSTENIMIENTO'),
	(2570, '2L941O', 674, 3, '2', 'DESARR,ANDREA,Ven 036 NE (Tj 157 SW),SERVICIO'),
	(2571, '3E54TP', 311, 12, '2', 'PREPAR,VANESSA,Snv 037 SW (Ch 091),PERFORACION'),
	(2572, '3E54TV', 311, 12, '2', 'PREPAR,VANESSA,Snv 037 SW (Ch 091),VOLADURA'),
	(2573, '3E54TL', 311, 12, '2', 'PREPAR,VANESSA,Snv 037 SW (Ch 091),LIMPIEZA'),
	(2574, '3E54TS', 311, 12, '2', 'PREPAR,VANESSA,Snv 037 SW (Ch 091),SOSTENIMIENTO'),
	(2575, '3E54TO', 311, 12, '2', 'PREPAR,VANESSA,Snv 037 SW (Ch 091),SERVICIO'),
	(2576, '3D678P', 166, 4, '2', 'PREPAR,CACHORRO,Est 079 NW (Tj 050 SW),PERFORACION'),
	(2577, '3D678V', 166, 4, '2', 'PREPAR,CACHORRO,Est 079 NW (Tj 050 SW),VOLADURA'),
	(2578, '3D678L', 166, 4, '2', 'PREPAR,CACHORRO,Est 079 NW (Tj 050 SW),LIMPIEZA'),
	(2579, '3D678S', 166, 4, '2', 'PREPAR,CACHORRO,Est 079 NW (Tj 050 SW),SOSTENIMIENTO'),
	(2580, '3D678O', 166, 4, '2', 'PREPAR,CACHORRO,Est 079 NW (Tj 050 SW),SERVICIO'),
	(2581, '3D54UP', 337, 4, '2', 'PREPAR,CACHORRO,Snv 079 SW (Est 079 NW),PERFORACION'),
	(2582, '3D54UV', 337, 4, '2', 'PREPAR,CACHORRO,Snv 079 SW (Est 079 NW),VOLADURA'),
	(2583, '3D54UL', 337, 4, '2', 'PREPAR,CACHORRO,Snv 079 SW (Est 079 NW),LIMPIEZA'),
	(2584, '3D54US', 337, 4, '2', 'PREPAR,CACHORRO,Snv 079 SW (Est 079 NW),SOSTENIMIENTO'),
	(2585, '3D54UO', 337, 4, '2', 'PREPAR,CACHORRO,Snv 079 SW (Est 079 NW),SERVICIO'),
	(2586, '3D54VP', 336, 4, '2', 'PREPAR,CACHORRO,Snv 079 NE (Est 079 NW),PERFORACION'),
	(2587, '3D54VV', 336, 4, '2', 'PREPAR,CACHORRO,Snv 079 NE (Est 079 NW),VOLADURA'),
	(2588, '3D54VL', 336, 4, '2', 'PREPAR,CACHORRO,Snv 079 NE (Est 079 NW),LIMPIEZA'),
	(2589, '3D54VS', 336, 4, '2', 'PREPAR,CACHORRO,Snv 079 NE (Est 079 NW),SOSTENIMIENTO'),
	(2590, '3D54VO', 336, 4, '2', 'PREPAR,CACHORRO,Snv 079 NE (Est 079 NW),SERVICIO'),
	(2591, '3L942P', 675, 3, '2', 'PREPAR,ANDREA,Ven 037 SW (Tj 157 NE),PERFORACION'),
	(2592, '3L942V', 675, 3, '2', 'PREPAR,ANDREA,Ven 037 SW (Tj 157 NE),VOLADURA'),
	(2593, '3L942L', 675, 3, '2', 'PREPAR,ANDREA,Ven 037 SW (Tj 157 NE),LIMPIEZA'),
	(2594, '3L942S', 675, 3, '2', 'PREPAR,ANDREA,Ven 037 SW (Tj 157 NE),SOSTENIMIENTO'),
	(2595, '3L942O', 675, 3, '2', 'PREPAR,ANDREA,Ven 037 SW (Tj 157 NE),SERVICIO'),
	(2596, '5L72KP', 634, 3, '1', 'EXPLOT,ANDREA,Tj 938 SW (Ch 944),PERFORACION'),
	(2597, '5L72KV', 634, 3, '1', 'EXPLOT,ANDREA,Tj 938 SW (Ch 944),VOLADURA'),
	(2598, '5L72KL', 634, 3, '1', 'EXPLOT,ANDREA,Tj 938 SW (Ch 944),LIMPIEZA'),
	(2599, '5L72KS', 634, 3, '1', 'EXPLOT,ANDREA,Tj 938 SW (Ch 944),SOSTENIMIENTO'),
	(2600, '5L72KO', 634, 3, '1', 'EXPLOT,ANDREA,Tj 938 SW (Ch 944),SERVICIO'),
	(2601, '5L72KR', 634, 3, '1', 'EXPLOT,ANDREA,Tj 938 SW (Ch 944),RELLENO'),
	(2602, '2E679P', 191, 12, '2', 'DESARR,VANESSA,Est 845 SE (Inc 870 SW),PERFORACION'),
	(2603, '2E679V', 191, 12, '2', 'DESARR,VANESSA,Est 845 SE (Inc 870 SW),VOLADURA'),
	(2604, '2E679L', 191, 12, '2', 'DESARR,VANESSA,Est 845 SE (Inc 870 SW),LIMPIEZA'),
	(2605, '2E679S', 191, 12, '2', 'DESARR,VANESSA,Est 845 SE (Inc 870 SW),SOSTENIMIENTO'),
	(2606, '2E679O', 191, 12, '2', 'DESARR,VANESSA,Est 845 SE (Inc 870 SW),SERVICIO'),
	(2607, '3E54WP', 466, 12, '2', 'PREPAR,VANESSA,Snv 830 SW (Tj 063 SW),PERFORACION'),
	(2608, '3E54WV', 466, 12, '2', 'PREPAR,VANESSA,Snv 830 SW (Tj 063 SW),VOLADURA'),
	(2609, '3E54WL', 466, 12, '2', 'PREPAR,VANESSA,Snv 830 SW (Tj 063 SW),LIMPIEZA'),
	(2610, '3E54WS', 466, 12, '2', 'PREPAR,VANESSA,Snv 830 SW (Tj 063 SW),SOSTENIMIENTO'),
	(2611, '3E54WO', 466, 12, '2', 'PREPAR,VANESSA,Snv 830 SW (Tj 063 SW),SERVICIO'),
	(2612, '3E943P', 676, 12, '2', 'PREPAR,VANESSA,Ven 038 SW (Tj 037 NE),PERFORACION'),
	(2613, '3E943V', 676, 12, '2', 'PREPAR,VANESSA,Ven 038 SW (Tj 037 NE),VOLADURA'),
	(2614, '3E943L', 676, 12, '2', 'PREPAR,VANESSA,Ven 038 SW (Tj 037 NE),LIMPIEZA'),
	(2615, '3E943S', 676, 12, '2', 'PREPAR,VANESSA,Ven 038 SW (Tj 037 NE),SOSTENIMIENTO'),
	(2616, '3E943O', 676, 12, '2', 'PREPAR,VANESSA,Ven 038 SW (Tj 037 NE),SERVICIO'),
	(2617, '3E54XP', 298, 12, '2', 'PREPAR,VANESSA,Snv 020 SW (Inc 870 SW),PERFORACION'),
	(2618, '3E54XV', 298, 12, '2', 'PREPAR,VANESSA,Snv 020 SW (Inc 870 SW),VOLADURA'),
	(2619, '3E54XL', 298, 12, '2', 'PREPAR,VANESSA,Snv 020 SW (Inc 870 SW),LIMPIEZA'),
	(2620, '3E54XS', 298, 12, '2', 'PREPAR,VANESSA,Snv 020 SW (Inc 870 SW),SOSTENIMIENTO'),
	(2621, '3E54XO', 298, 12, '2', 'PREPAR,VANESSA,Snv 020 SW (Inc 870 SW),SERVICIO'),
	(2622, '3E54YP', 297, 12, '2', 'PREPAR,VANESSA,Snv 020 NE (Inc 870 SW),PERFORACION'),
	(2623, '3E54YV', 297, 12, '2', 'PREPAR,VANESSA,Snv 020 NE (Inc 870 SW),VOLADURA'),
	(2624, '3E54YL', 297, 12, '2', 'PREPAR,VANESSA,Snv 020 NE (Inc 870 SW),LIMPIEZA'),
	(2625, '3E54YS', 297, 12, '2', 'PREPAR,VANESSA,Snv 020 NE (Inc 870 SW),SOSTENIMIENTO'),
	(2626, '3E54YO', 297, 12, '2', 'PREPAR,VANESSA,Snv 020 NE (Inc 870 SW),SERVICIO'),
	(2627, '3E54ZP', 465, 12, '2', 'PREPAR,VANESSA,Snv 830 NE (Tj 063 SW),PERFORACION'),
	(2628, '3E54ZV', 465, 12, '2', 'PREPAR,VANESSA,Snv 830 NE (Tj 063 SW),VOLADURA'),
	(2629, '3E54ZL', 465, 12, '2', 'PREPAR,VANESSA,Snv 830 NE (Tj 063 SW),LIMPIEZA'),
	(2630, '3E54ZS', 465, 12, '2', 'PREPAR,VANESSA,Snv 830 NE (Tj 063 SW),SOSTENIMIENTO'),
	(2631, '3E54ZO', 465, 12, '2', 'PREPAR,VANESSA,Snv 830 NE (Tj 063 SW),SERVICIO'),
	(2632, '5L72LP', 596, 3, '1', 'EXPLOT,ANDREA,Tj 177 SW (Ch 921),PERFORACION'),
	(2633, '5L72LV', 596, 3, '1', 'EXPLOT,ANDREA,Tj 177 SW (Ch 921),VOLADURA'),
	(2634, '5L72LL', 596, 3, '1', 'EXPLOT,ANDREA,Tj 177 SW (Ch 921),LIMPIEZA'),
	(2635, '5L72LS', 596, 3, '1', 'EXPLOT,ANDREA,Tj 177 SW (Ch 921),SOSTENIMIENTO'),
	(2636, '5L72LO', 596, 3, '1', 'EXPLOT,ANDREA,Tj 177 SW (Ch 921),SERVICIO'),
	(2637, '5L72LR', 596, 3, '1', 'EXPLOT,ANDREA,Tj 177 SW (Ch 921),RELLENO'),
	(2638, '5L72MP', 595, 3, '1', 'EXPLOT,ANDREA,Tj 177 NE (Ch 921),PERFORACION'),
	(2639, '5L72MV', 595, 3, '1', 'EXPLOT,ANDREA,Tj 177 NE (Ch 921),VOLADURA'),
	(2640, '5L72ML', 595, 3, '1', 'EXPLOT,ANDREA,Tj 177 NE (Ch 921),LIMPIEZA'),
	(2641, '5L72MS', 595, 3, '1', 'EXPLOT,ANDREA,Tj 177 NE (Ch 921),SOSTENIMIENTO'),
	(2642, '5L72MO', 595, 3, '1', 'EXPLOT,ANDREA,Tj 177 NE (Ch 921),SERVICIO'),
	(2643, '5L72MR', 595, 3, '1', 'EXPLOT,ANDREA,Tj 177 NE (Ch 921),RELLENO'),
	(2644, '3D55BP', 341, 4, '2', 'PREPAR,CACHORRO,Snv 082 NE (Est 079 NW),PERFORACION'),
	(2645, '3D55BV', 341, 4, '2', 'PREPAR,CACHORRO,Snv 082 NE (Est 079 NW),VOLADURA'),
	(2646, '3D55BL', 341, 4, '2', 'PREPAR,CACHORRO,Snv 082 NE (Est 079 NW),LIMPIEZA'),
	(2647, '3D55BS', 341, 4, '2', 'PREPAR,CACHORRO,Snv 082 NE (Est 079 NW),SOSTENIMIENTO'),
	(2648, '3D55BO', 341, 4, '2', 'PREPAR,CACHORRO,Snv 082 NE (Est 079 NW),SERVICIO'),
	(2649, '1DD05P', 266, 4, '2', 'EXPLOR,CACHORRO,Inc 822 NE (Est 912 SE),PERFORACION'),
	(2650, '1DD05V', 266, 4, '2', 'EXPLOR,CACHORRO,Inc 822 NE (Est 912 SE),VOLADURA'),
	(2651, '1DD05L', 266, 4, '2', 'EXPLOR,CACHORRO,Inc 822 NE (Est 912 SE),LIMPIEZA'),
	(2652, '1DD05S', 266, 4, '2', 'EXPLOR,CACHORRO,Inc 822 NE (Est 912 SE),SOSTENIMIENTO'),
	(2653, '1DD05O', 266, 4, '2', 'EXPLOR,CACHORRO,Inc 822 NE (Est 912 SE),SERVICIO'),
	(2654, '3L55CP', 414, 3, '2', 'PREPAR,ANDREA,Snv 161 SW (Ch 948),PERFORACION'),
	(2655, '3L55CV', 414, 3, '2', 'PREPAR,ANDREA,Snv 161 SW (Ch 948),VOLADURA'),
	(2656, '3L55CL', 414, 3, '2', 'PREPAR,ANDREA,Snv 161 SW (Ch 948),LIMPIEZA'),
	(2657, '3L55CS', 414, 3, '2', 'PREPAR,ANDREA,Snv 161 SW (Ch 948),SOSTENIMIENTO'),
	(2658, '3L55CO', 414, 3, '2', 'PREPAR,ANDREA,Snv 161 SW (Ch 948),SERVICIO'),
	(2659, '3E31HP', 62, 12, '2', 'PREPAR,VANESSA,Ch 091 (Snv 020 NE),PERFORACION'),
	(2660, '3E31HV', 62, 12, '2', 'PREPAR,VANESSA,Ch 091 (Snv 020 NE),VOLADURA'),
	(2661, '3E31HL', 62, 12, '2', 'PREPAR,VANESSA,Ch 091 (Snv 020 NE),LIMPIEZA'),
	(2662, '3E31HS', 62, 12, '2', 'PREPAR,VANESSA,Ch 091 (Snv 020 NE),SOSTENIMIENTO'),
	(2663, '3E31HO', 62, 12, '2', 'PREPAR,VANESSA,Ch 091 (Snv 020 NE),SERVICIO'),
	(2664, '3E55AP', 297, 12, '2', 'PREPAR,VANESSA,Snv 020 NE (Inc 870 SW),PERFORACION'),
	(2665, '3E55AV', 297, 12, '2', 'PREPAR,VANESSA,Snv 020 NE (Inc 870 SW),VOLADURA'),
	(2666, '3E55AL', 297, 12, '2', 'PREPAR,VANESSA,Snv 020 NE (Inc 870 SW),LIMPIEZA'),
	(2667, '3E55AS', 297, 12, '2', 'PREPAR,VANESSA,Snv 020 NE (Inc 870 SW),SOSTENIMIENTO'),
	(2668, '3E55AO', 297, 12, '2', 'PREPAR,VANESSA,Snv 020 NE (Inc 870 SW),SERVICIO'),
	(2669, '3L55DP', 413, 3, '2', 'PREPAR,ANDREA,Snv 161 NE (Ch 948),PERFORACION'),
	(2670, '3L55DV', 413, 3, '2', 'PREPAR,ANDREA,Snv 161 NE (Ch 948),VOLADURA'),
	(2671, '3L55DL', 413, 3, '2', 'PREPAR,ANDREA,Snv 161 NE (Ch 948),LIMPIEZA'),
	(2672, '3L55DS', 413, 3, '2', 'PREPAR,ANDREA,Snv 161 NE (Ch 948),SOSTENIMIENTO'),
	(2673, '3L55DO', 413, 3, '2', 'PREPAR,ANDREA,Snv 161 NE (Ch 948),SERVICIO'),
	(2674, '3G55EP', 296, 9, '2', 'PREPAR,MANUEL,Snv 019 NE (Snv 020 NE),PERFORACION'),
	(2675, '3G55EV', 296, 9, '2', 'PREPAR,MANUEL,Snv 019 NE (Snv 020 NE),VOLADURA'),
	(2676, '3G55EL', 296, 9, '2', 'PREPAR,MANUEL,Snv 019 NE (Snv 020 NE),LIMPIEZA'),
	(2677, '3G55ES', 296, 9, '2', 'PREPAR,MANUEL,Snv 019 NE (Snv 020 NE),SOSTENIMIENTO'),
	(2678, '3G55EO', 296, 9, '2', 'PREPAR,MANUEL,Snv 019 NE (Snv 020 NE),SERVICIO'),
	(2679, '3E55FP', 291, 12, '2', 'PREPAR,VANESSA,Snv 010 SW (Inc 870 SW),PERFORACION'),
	(2680, '3E55FV', 291, 12, '2', 'PREPAR,VANESSA,Snv 010 SW (Inc 870 SW),VOLADURA'),
	(2681, '3E55FL', 291, 12, '2', 'PREPAR,VANESSA,Snv 010 SW (Inc 870 SW),LIMPIEZA'),
	(2682, '3E55FS', 291, 12, '2', 'PREPAR,VANESSA,Snv 010 SW (Inc 870 SW),SOSTENIMIENTO'),
	(2683, '3E55FO', 291, 12, '2', 'PREPAR,VANESSA,Snv 010 SW (Inc 870 SW),SERVICIO'),
	(2684, '3L55GP', 415, 3, '2', 'PREPAR,ANDREA,Snv 161-1 SW (Tj 157 NE),PERFORACION'),
	(2685, '3L55GV', 415, 3, '2', 'PREPAR,ANDREA,Snv 161-1 SW (Tj 157 NE),VOLADURA'),
	(2686, '3L55GL', 415, 3, '2', 'PREPAR,ANDREA,Snv 161-1 SW (Tj 157 NE),LIMPIEZA'),
	(2687, '3L55GS', 415, 3, '2', 'PREPAR,ANDREA,Snv 161-1 SW (Tj 157 NE),SOSTENIMIENTO'),
	(2688, '3L55GO', 415, 3, '2', 'PREPAR,ANDREA,Snv 161-1 SW (Tj 157 NE),SERVICIO'),
	(2689, '3E31JP', 34, 12, '2', 'PREPAR,VANESSA,Ch 044 (Snv 868 SW),PERFORACION'),
	(2690, '3E31JV', 34, 12, '2', 'PREPAR,VANESSA,Ch 044 (Snv 868 SW),VOLADURA'),
	(2691, '3E31JL', 34, 12, '2', 'PREPAR,VANESSA,Ch 044 (Snv 868 SW),LIMPIEZA'),
	(2692, '3E31JS', 34, 12, '2', 'PREPAR,VANESSA,Ch 044 (Snv 868 SW),SOSTENIMIENTO'),
	(2693, '3E31JO', 34, 12, '2', 'PREPAR,VANESSA,Ch 044 (Snv 868 SW),SERVICIO'),
	(2694, '2E31KP', 30, 12, '2', 'DESARR,VANESSA,Ch 040 (Tj 037 SW),PERFORACION'),
	(2695, '2E31KV', 30, 12, '2', 'DESARR,VANESSA,Ch 040 (Tj 037 SW),VOLADURA'),
	(2696, '2E31KL', 30, 12, '2', 'DESARR,VANESSA,Ch 040 (Tj 037 SW),LIMPIEZA'),
	(2697, '2E31KS', 30, 12, '2', 'DESARR,VANESSA,Ch 040 (Tj 037 SW),SOSTENIMIENTO'),
	(2698, '2E31KO', 30, 12, '2', 'DESARR,VANESSA,Ch 040 (Tj 037 SW),SERVICIO'),
	(2699, '3E55HP', 314, 12, '2', 'PREPAR,VANESSA,Snv 042 SW (Tj 037 SW,PERFORACION'),
	(2700, '3E55HV', 314, 12, '2', 'PREPAR,VANESSA,Snv 042 SW (Tj 037 SW,VOLADURA'),
	(2701, '3E55HL', 314, 12, '2', 'PREPAR,VANESSA,Snv 042 SW (Tj 037 SW,LIMPIEZA'),
	(2702, '3E55HS', 314, 12, '2', 'PREPAR,VANESSA,Snv 042 SW (Tj 037 SW,SOSTENIMIENTO'),
	(2703, '3E55HO', 314, 12, '2', 'PREPAR,VANESSA,Snv 042 SW (Tj 037 SW,SERVICIO'),
	(2704, '3E55IP', 480, 12, '2', 'PREPAR,VANESSA,Snv 868 NE (Snv 868 SW),PERFORACION'),
	(2705, '3E55IV', 480, 12, '2', 'PREPAR,VANESSA,Snv 868 NE (Snv 868 SW),VOLADURA'),
	(2706, '3E55IL', 480, 12, '2', 'PREPAR,VANESSA,Snv 868 NE (Snv 868 SW),LIMPIEZA'),
	(2707, '3E55IS', 480, 12, '2', 'PREPAR,VANESSA,Snv 868 NE (Snv 868 SW),SOSTENIMIENTO'),
	(2708, '3E55IO', 480, 12, '2', 'PREPAR,VANESSA,Snv 868 NE (Snv 868 SW),SERVICIO'),
	(2709, '2E680P', 3, 12, '2', 'DESARR,VANESSA, Est 819 SE (Snv 868 SW),PERFORACION'),
	(2710, '2E680V', 3, 12, '2', 'DESARR,VANESSA, Est 819 SE (Snv 868 SW),VOLADURA'),
	(2711, '2E680L', 3, 12, '2', 'DESARR,VANESSA, Est 819 SE (Snv 868 SW),LIMPIEZA'),
	(2712, '2E680S', 3, 12, '2', 'DESARR,VANESSA, Est 819 SE (Snv 868 SW),SOSTENIMIENTO'),
	(2713, '2E680O', 3, 12, '2', 'DESARR,VANESSA, Est 819 SE (Snv 868 SW),SERVICIO'),
	(2714, '2E681P', 187, 12, '2', 'DESARR,VANESSA,Est 829 SE (Snv 868 SW),PERFORACION'),
	(2715, '2E681V', 187, 12, '2', 'DESARR,VANESSA,Est 829 SE (Snv 868 SW),VOLADURA'),
	(2716, '2E681L', 187, 12, '2', 'DESARR,VANESSA,Est 829 SE (Snv 868 SW),LIMPIEZA'),
	(2717, '2E681S', 187, 12, '2', 'DESARR,VANESSA,Est 829 SE (Snv 868 SW),SOSTENIMIENTO'),
	(2718, '2E681O', 187, 12, '2', 'DESARR,VANESSA,Est 829 SE (Snv 868 SW),SERVICIO'),
	(2719, '5E72NP', 524, 12, '1', 'EXPLOT,VANESSA,Tj 010 NE (Inc 870 SW),PERFORACION'),
	(2720, '5E72NV', 524, 12, '1', 'EXPLOT,VANESSA,Tj 010 NE (Inc 870 SW),VOLADURA'),
	(2721, '5E72NL', 524, 12, '1', 'EXPLOT,VANESSA,Tj 010 NE (Inc 870 SW),LIMPIEZA'),
	(2722, '5E72NS', 524, 12, '1', 'EXPLOT,VANESSA,Tj 010 NE (Inc 870 SW),SOSTENIMIENTO'),
	(2723, '5E72NO', 524, 12, '1', 'EXPLOT,VANESSA,Tj 010 NE (Inc 870 SW),SERVICIO'),
	(2724, '5E72NR', 524, 12, '1', 'EXPLOT,VANESSA,Tj 010 NE (Inc 870 SW),RELLENO'),
	(2725, '5E72OP', 525, 12, '1', 'EXPLOT,VANESSA,Tj 010 SW (Inc 870 SW),PERFORACION'),
	(2726, '5E72OV', 525, 12, '1', 'EXPLOT,VANESSA,Tj 010 SW (Inc 870 SW),VOLADURA'),
	(2727, '5E72OL', 525, 12, '1', 'EXPLOT,VANESSA,Tj 010 SW (Inc 870 SW),LIMPIEZA'),
	(2728, '5E72OS', 525, 12, '1', 'EXPLOT,VANESSA,Tj 010 SW (Inc 870 SW),SOSTENIMIENTO'),
	(2729, '5E72OO', 525, 12, '1', 'EXPLOT,VANESSA,Tj 010 SW (Inc 870 SW),SERVICIO'),
	(2730, '5E72OR', 525, 12, '1', 'EXPLOT,VANESSA,Tj 010 SW (Inc 870 SW),RELLENO'),
	(2731, '1E682P', 183, 12, '2', 'EXPLOR,VANESSA,Est 810 SW (Snv 868 SW),PERFORACION'),
	(2732, '1E682V', 183, 12, '2', 'EXPLOR,VANESSA,Est 810 SW (Snv 868 SW),VOLADURA'),
	(2733, '1E682L', 183, 12, '2', 'EXPLOR,VANESSA,Est 810 SW (Snv 868 SW),LIMPIEZA'),
	(2734, '1E682S', 183, 12, '2', 'EXPLOR,VANESSA,Est 810 SW (Snv 868 SW),SOSTENIMIENTO'),
	(2735, '1E682O', 183, 12, '2', 'EXPLOR,VANESSA,Est 810 SW (Snv 868 SW),SERVICIO'),
	(2736, '1E683P', 189, 12, '2', 'EXPLOR,VANESSA,Est 831 SW (Snv 842 SW),PERFORACION'),
	(2737, '1E683V', 189, 12, '2', 'EXPLOR,VANESSA,Est 831 SW (Snv 842 SW),VOLADURA'),
	(2738, '1E683L', 189, 12, '2', 'EXPLOR,VANESSA,Est 831 SW (Snv 842 SW),LIMPIEZA'),
	(2739, '1E683S', 189, 12, '2', 'EXPLOR,VANESSA,Est 831 SW (Snv 842 SW),SOSTENIMIENTO'),
	(2740, '1E683O', 189, 12, '2', 'EXPLOR,VANESSA,Est 831 SW (Snv 842 SW),SERVICIO'),
	(2741, '3E31LP', 95, 12, '2', 'PREPAR,VANESSA,Ch 835 (Snv 030 SW),PERFORACION'),
	(2742, '3E31LV', 95, 12, '2', 'PREPAR,VANESSA,Ch 835 (Snv 030 SW),VOLADURA'),
	(2743, '3E31LL', 95, 12, '2', 'PREPAR,VANESSA,Ch 835 (Snv 030 SW),LIMPIEZA'),
	(2744, '3E31LS', 95, 12, '2', 'PREPAR,VANESSA,Ch 835 (Snv 030 SW),SOSTENIMIENTO'),
	(2745, '3E31LO', 95, 12, '2', 'PREPAR,VANESSA,Ch 835 (Snv 030 SW),SERVICIO'),
	(2746, '5E782R', 553, 12, '1', 'EXPLO,VANESSA,Tj 061 SW (Ch 091),RELLENO'),
	(2747, '3E55JP', 474, 12, '2', 'PREPAR,VANESSA,Snv 846 SW (Tj 061 SW),PERFORACION'),
	(2748, '3E55JV', 474, 12, '2', 'PREPAR,VANESSA,Snv 846 SW (Tj 061 SW),VOLADURA'),
	(2749, '3E55JL', 474, 12, '2', 'PREPAR,VANESSA,Snv 846 SW (Tj 061 SW),LIMPIEZA'),
	(2750, '3E55JS', 474, 12, '2', 'PREPAR,VANESSA,Snv 846 SW (Tj 061 SW),SOSTENIMIENTO'),
	(2751, '3E55JO', 474, 12, '2', 'PREPAR,VANESSA,Snv 846 SW (Tj 061 SW),SERVICIO'),
	(2752, '1E684P', 194, 12, '2', 'EXPLOR,VANESSA,Est 850 NW (Snv 010 NE),PERFORACION'),
	(2753, '1E684V', 194, 12, '2', 'EXPLOR,VANESSA,Est 850 NW (Snv 010 NE),VOLADURA'),
	(2754, '1E684L', 194, 12, '2', 'EXPLOR,VANESSA,Est 850 NW (Snv 010 NE),LIMPIEZA'),
	(2755, '1E684S', 194, 12, '2', 'EXPLOR,VANESSA,Est 850 NW (Snv 010 NE),SOSTENIMIENTO'),
	(2756, '1E684O', 194, 12, '2', 'EXPLOR,VANESSA,Est 850 NW (Snv 010 NE),SERVICIO'),
	(2757, '5G72PP', 626, 9, '1', 'EXPLOT,MANUEL,Tj 900 NE (Ch 907),PERFORACION'),
	(2758, '5G72PV', 626, 9, '1', 'EXPLOT,MANUEL,Tj 900 NE (Ch 907),VOLADURA'),
	(2759, '5G72PL', 626, 9, '1', 'EXPLOT,MANUEL,Tj 900 NE (Ch 907),LIMPIEZA'),
	(2760, '5G72PS', 626, 9, '1', 'EXPLOT,MANUEL,Tj 900 NE (Ch 907),SOSTENIMIENTO'),
	(2761, '5G72PO', 626, 9, '1', 'EXPLOT,MANUEL,Tj 900 NE (Ch 907),SERVICIO'),
	(2762, '5G72PR', 626, 9, '1', 'EXPLOT,MANUEL,Tj 900 NE (Ch 907),RELLENO'),
	(2763, '2D31MP', 109, 4, '2', 'DESARR,CACHORRO,Ch 916 (Snv 916 SW),PERFORACION'),
	(2764, '2D31MV', 109, 4, '2', 'DESARR,CACHORRO,Ch 916 (Snv 916 SW),VOLADURA'),
	(2765, '2D31ML', 109, 4, '2', 'DESARR,CACHORRO,Ch 916 (Snv 916 SW),LIMPIEZA'),
	(2766, '2D31MS', 109, 4, '2', 'DESARR,CACHORRO,Ch 916 (Snv 916 SW),SOSTENIMIENTO'),
	(2767, '2D31MO', 109, 4, '2', 'DESARR,CACHORRO,Ch 916 (Snv 916 SW),SERVICIO'),
	(2768, '3D55KP', 496, 4, '2', 'PREPAR,CACHORRO,Snv 916 SW (Snv 915 NE),PERFORACION'),
	(2769, '3D55KV', 496, 4, '2', 'PREPAR,CACHORRO,Snv 916 SW (Snv 915 NE),VOLADURA'),
	(2770, '3D55KL', 496, 4, '2', 'PREPAR,CACHORRO,Snv 916 SW (Snv 915 NE),LIMPIEZA'),
	(2771, '3D55KS', 496, 4, '2', 'PREPAR,CACHORRO,Snv 916 SW (Snv 915 NE),SOSTENIMIENTO'),
	(2772, '3D55KO', 496, 4, '2', 'PREPAR,CACHORRO,Snv 916 SW (Snv 915 NE),SERVICIO'),
	(2773, '3D55LP', 499, 4, '2', 'PREPAR,CACHORRO,Snv 919 SW (Tj 050 SW),PERFORACION'),
	(2774, '3D55LV', 499, 4, '2', 'PREPAR,CACHORRO,Snv 919 SW (Tj 050 SW),VOLADURA'),
	(2775, '3D55LL', 499, 4, '2', 'PREPAR,CACHORRO,Snv 919 SW (Tj 050 SW),LIMPIEZA'),
	(2776, '3D55LS', 499, 4, '2', 'PREPAR,CACHORRO,Snv 919 SW (Tj 050 SW),SOSTENIMIENTO'),
	(2777, '3D55LO', 499, 4, '2', 'PREPAR,CACHORRO,Snv 919 SW (Tj 050 SW),SERVICIO'),
	(2778, '1A819P', 22, 6, '2', 'EXPLOR,ESPERANZA,Cam 19 (Cx 011 SE),PERFORACION'),
	(2779, '1A819V', 22, 6, '2', 'EXPLOR,ESPERANZA,Cam 19 (Cx 011 SE),VOLADURA'),
	(2780, '1A819L', 22, 6, '2', 'EXPLOR,ESPERANZA,Cam 19 (Cx 011 SE),LIMPIEZA'),
	(2781, '1A819S', 22, 6, '2', 'EXPLOR,ESPERANZA,Cam 19 (Cx 011 SE),SOSTENIMIENTO'),
	(2782, '1A819O', 22, 6, '2', 'EXPLOR,ESPERANZA,Cam 19 (Cx 011 SE),SERVICIO'),
	(2783, '1B820P', 21, 7, '2', 'EXPLOR,INKA,Cam 18 (Cx 558 NE),PERFORACION'),
	(2784, '1B820V', 21, 7, '2', 'EXPLOR,INKA,Cam 18 (Cx 558 NE),VOLADURA'),
	(2785, '1B820L', 21, 7, '2', 'EXPLOR,INKA,Cam 18 (Cx 558 NE),LIMPIEZA'),
	(2786, '1B820S', 21, 7, '2', 'EXPLOR,INKA,Cam 18 (Cx 558 NE),SOSTENIMIENTO'),
	(2787, '1B820O', 21, 7, '2', 'EXPLOR,INKA,Cam 18 (Cx 558 NE),SERVICIO'),
	(2788, '1B132P', 140, 7, '2', 'EXPLOR,INKA,Cx 558 NE (Cx 990 NE),PERFORACION'),
	(2789, '1B132V', 140, 7, '2', 'EXPLOR,INKA,Cx 558 NE (Cx 990 NE),VOLADURA'),
	(2790, '1B132L', 140, 7, '2', 'EXPLOR,INKA,Cx 558 NE (Cx 990 NE),LIMPIEZA'),
	(2791, '1B132S', 140, 7, '2', 'EXPLOR,INKA,Cx 558 NE (Cx 990 NE),SOSTENIMIENTO'),
	(2792, '1B132O', 140, 7, '2', 'EXPLOR,INKA,Cx 558 NE (Cx 990 NE),SERVICIO'),
	(2793, '1L821P', 24, 3, '2', 'EXPLOR,ANDREA,Cam 21 (Cx 082 SE),PERFORACION'),
	(2794, '1L821V', 24, 3, '2', 'EXPLOR,ANDREA,Cam 21 (Cx 082 SE),VOLADURA'),
	(2795, '1L821L', 24, 3, '2', 'EXPLOR,ANDREA,Cam 21 (Cx 082 SE),LIMPIEZA'),
	(2796, '1L821S', 24, 3, '2', 'EXPLOR,ANDREA,Cam 21 (Cx 082 SE),SOSTENIMIENTO'),
	(2797, '1L821O', 24, 3, '2', 'EXPLOR,ANDREA,Cam 21 (Cx 082 SE),SERVICIO'),
	(2798, '1L133P', 127, 3, '2', 'EXPLOR,ANDREA,Cx 082 SE (Cx 199 NE),PERFORACION'),
	(2799, '1L133V', 127, 3, '2', 'EXPLOR,ANDREA,Cx 082 SE (Cx 199 NE),VOLADURA'),
	(2800, '1L133L', 127, 3, '2', 'EXPLOR,ANDREA,Cx 082 SE (Cx 199 NE),LIMPIEZA'),
	(2801, '1L133S', 127, 3, '2', 'EXPLOR,ANDREA,Cx 082 SE (Cx 199 NE),SOSTENIMIENTO'),
	(2802, '1L133O', 127, 3, '2', 'EXPLOR,ANDREA,Cx 082 SE (Cx 199 NE),SERVICIO'),
	(2803, '1D822P', 23, 4, '2', 'EXPLOR,CACHORRO,Cam 20 (Cx 924 NE),PERFORACION'),
	(2804, '1D822V', 23, 4, '2', 'EXPLOR,CACHORRO,Cam 20 (Cx 924 NE),VOLADURA'),
	(2805, '1D822L', 23, 4, '2', 'EXPLOR,CACHORRO,Cam 20 (Cx 924 NE),LIMPIEZA'),
	(2806, '1D822S', 23, 4, '2', 'EXPLOR,CACHORRO,Cam 20 (Cx 924 NE),SOSTENIMIENTO'),
	(2807, '1D822O', 23, 4, '2', 'EXPLOR,CACHORRO,Cam 20 (Cx 924 NE),SERVICIO'),
	(2808, '1D134P', 146, 4, '2', 'EXPLOR,CACHORRO,Cx 924 NE (Cx 128 NE),PERFORACION'),
	(2809, '1D134V', 146, 4, '2', 'EXPLOR,CACHORRO,Cx 924 NE (Cx 128 NE),VOLADURA'),
	(2810, '1D134L', 146, 4, '2', 'EXPLOR,CACHORRO,Cx 924 NE (Cx 128 NE),LIMPIEZA'),
	(2811, '1D134S', 146, 4, '2', 'EXPLOR,CACHORRO,Cx 924 NE (Cx 128 NE),SOSTENIMIENTO'),
	(2812, '1D134O', 146, 4, '2', 'EXPLOR,CACHORRO,Cx 924 NE (Cx 128 NE),SERVICIO'),
	(2813, '2EA03P', 7, 12, '2', 'EXPLOR,CACHORRO,Est 945 SE (Inc 822 NE),SERVICIO'),
	(2814, '2EA03V', 7, 12, '2', 'DESARR,VANESSA,Bp 852 NW (Snv 032 SW),VOLADURA'),
	(2815, '2EA03L', 7, 12, '2', 'DESARR,VANESSA,Bp 852 NW (Snv 032 SW),LIMPIEZA'),
	(2816, '2EA03S', 7, 12, '2', 'DESARR,VANESSA,Bp 852 NW (Snv 032 SW),SOSTENIMIENTO'),
	(2817, '2EA03O', 7, 12, '2', 'DESARR,VANESSA,Bp 852 NW (Snv 032 SW),SERVICIO'),
	(2818, '1G31NP', 107, 9, '2', 'EXPLOR,MANUEL,Ch 907 (Snv 898 NE),PERFORACION'),
	(2819, '1G31NV', 107, 9, '2', 'EXPLOR,MANUEL,Ch 907 (Snv 898 NE),VOLADURA'),
	(2820, '1G31NL', 107, 9, '2', 'EXPLOR,MANUEL,Ch 907 (Snv 898 NE),LIMPIEZA'),
	(2821, '1G31NS', 107, 9, '2', 'EXPLOR,MANUEL,Ch 907 (Snv 898 NE),SOSTENIMIENTO'),
	(2822, '1G31NO', 107, 9, '2', 'EXPLOR,MANUEL,Ch 907 (Snv 898 NE),SERVICIO'),
	(2823, '1E31OP', 96, 12, '2', 'EXPLOR,VANESSA,Ch 835 (Snv 042 SW),PERFORACION'),
	(2824, '1E31OV', 96, 12, '2', 'EXPLOR,VANESSA,Ch 835 (Snv 042 SW),VOLADURA'),
	(2825, '1E31OL', 96, 12, '2', 'EXPLOR,VANESSA,Ch 835 (Snv 042 SW),LIMPIEZA'),
	(2826, '1E31OS', 96, 12, '2', 'EXPLOR,VANESSA,Ch 835 (Snv 042 SW),SOSTENIMIENTO'),
	(2827, '1E31OO', 96, 12, '2', 'EXPLOR,VANESSA,Ch 835 (Snv 042 SW),SERVICIO'),
	(2828, '3L55MP', 422, 3, '2', 'PREPAR,ANDREA,Snv 174 SW (Ch 921),PERFORACION'),
	(2829, '3L55MV', 422, 3, '2', 'PREPAR,ANDREA,Snv 174 SW (Ch 921),VOLADURA'),
	(2830, '3L55ML', 422, 3, '2', 'PREPAR,ANDREA,Snv 174 SW (Ch 921),LIMPIEZA'),
	(2831, '3L55MS', 422, 3, '2', 'PREPAR,ANDREA,Snv 174 SW (Ch 921),SOSTENIMIENTO'),
	(2832, '3L55MO', 422, 3, '2', 'PREPAR,ANDREA,Snv 174 SW (Ch 921),SERVICIO'),
	(2833, '5G72QP', 527, 9, '1', 'EXPLOT,MANUEL,Tj 018 NE (Ch 877),PERFORACION'),
	(2834, '5G72QV', 527, 9, '1', 'EXPLOT,MANUEL,Tj 018 NE (Ch 877),VOLADURA'),
	(2835, '5G72QL', 527, 9, '1', 'EXPLOT,MANUEL,Tj 018 NE (Ch 877),LIMPIEZA'),
	(2836, '5G72QS', 527, 9, '1', 'EXPLOT,MANUEL,Tj 018 NE (Ch 877),SOSTENIMIENTO'),
	(2837, '5G72QO', 527, 9, '1', 'EXPLOT,MANUEL,Tj 018 NE (Ch 877),SERVICIO'),
	(2838, '5G72QR', 527, 9, '1', 'EXPLOT,MANUEL,Tj 018 NE (Ch 877),RELLENO'),
	(2839, '5E72RP', 535, 12, '1', 'EXPLOT,VANESSA,Tj 030 SW (Ch 835),PERFORACION'),
	(2840, '5E72RV', 535, 12, '1', 'EXPLOT,VANESSA,Tj 030 SW (Ch 835),VOLADURA'),
	(2841, '5E72RL', 535, 12, '1', 'EXPLOT,VANESSA,Tj 030 SW (Ch 835),LIMPIEZA'),
	(2842, '5E72RS', 535, 12, '1', 'EXPLOT,VANESSA,Tj 030 SW (Ch 835),SOSTENIMIENTO'),
	(2843, '5E72RO', 535, 12, '1', 'EXPLOT,VANESSA,Tj 030 SW (Ch 835),SERVICIO'),
	(2844, '5E72RR', 535, 12, '1', 'EXPLOT,VANESSA,Tj 030 SW (Ch 835),RELLENO'),
	(2845, '5E72SP', 530, 12, '1', 'EXPLOT,VANESSA,Tj 020 NE (Inc 870 SW),PERFORACION'),
	(2846, '5E72SV', 530, 12, '1', 'EXPLOT,VANESSA,Tj 020 NE (Inc 870 SW),VOLADURA'),
	(2847, '5E72SL', 530, 12, '1', 'EXPLOT,VANESSA,Tj 020 NE (Inc 870 SW),LIMPIEZA'),
	(2848, '5E72SS', 530, 12, '1', 'EXPLOT,VANESSA,Tj 020 NE (Inc 870 SW),SOSTENIMIENTO'),
	(2849, '5E72SO', 530, 12, '1', 'EXPLOT,VANESSA,Tj 020 NE (Inc 870 SW),SERVICIO'),
	(2850, '5E72SR', 530, 12, '1', 'EXPLOT,VANESSA,Tj 020 NE (Inc 870 SW),RELLENO'),
	(2851, '5E72TP', 531, 12, '1', 'EXPLOT,VANESSA,Tj 020 SW (Inc 870 SW),PERFORACION'),
	(2852, '5E72TV', 531, 12, '1', 'EXPLOT,VANESSA,Tj 020 SW (Inc 870 SW),VOLADURA'),
	(2853, '5E72TL', 531, 12, '1', 'EXPLOT,VANESSA,Tj 020 SW (Inc 870 SW),LIMPIEZA'),
	(2854, '5E72TS', 531, 12, '1', 'EXPLOT,VANESSA,Tj 020 SW (Inc 870 SW),SOSTENIMIENTO'),
	(2855, '5E72TO', 531, 12, '1', 'EXPLOT,VANESSA,Tj 020 SW (Inc 870 SW),SERVICIO'),
	(2856, '5E72TR', 531, 12, '1', 'EXPLOT,VANESSA,Tj 020 SW (Inc 870 SW),RELLENO'),
	(2857, '5E72UP', 538, 12, '1', 'EXPLOT,VANESSA,Tj 042 SW (Ch 835),PERFORACION'),
	(2858, '5E72UV', 538, 12, '1', 'EXPLOT,VANESSA,Tj 042 SW (Ch 835),VOLADURA'),
	(2859, '5E72UL', 538, 12, '1', 'EXPLOT,VANESSA,Tj 042 SW (Ch 835),LIMPIEZA'),
	(2860, '5E72US', 538, 12, '1', 'EXPLOT,VANESSA,Tj 042 SW (Ch 835),SOSTENIMIENTO'),
	(2861, '5E72UO', 538, 12, '1', 'EXPLOT,VANESSA,Tj 042 SW (Ch 835),SERVICIO'),
	(2862, '5E72UR', 538, 12, '1', 'EXPLOT,VANESSA,Tj 042 SW (Ch 835),RELLENO'),
	(2863, '5G72VP', 529, 9, '1', 'EXPLOT,MANUEL,Tj 019 SW (Ch 907),PERFORACION'),
	(2864, '5G72VV', 529, 9, '1', 'EXPLOT,MANUEL,Tj 019 SW (Ch 907),VOLADURA'),
	(2865, '5G72VL', 529, 9, '1', 'EXPLOT,MANUEL,Tj 019 SW (Ch 907),LIMPIEZA'),
	(2866, '5G72VS', 529, 9, '1', 'EXPLOT,MANUEL,Tj 019 SW (Ch 907),SOSTENIMIENTO'),
	(2867, '5G72VO', 529, 9, '1', 'EXPLOT,MANUEL,Tj 019 SW (Ch 907),SERVICIO'),
	(2868, '5G72VR', 529, 9, '1', 'EXPLOT,MANUEL,Tj 019 SW (Ch 907),RELLENO'),
	(2869, '5G72WP', 528, 9, '1', 'EXPLOT,MANUEL,Tj 019 NE (Ch 907),PERFORACION'),
	(2870, '5G72WV', 528, 9, '1', 'EXPLOT,MANUEL,Tj 019 NE (Ch 907),VOLADURA'),
	(2871, '5G72WL', 528, 9, '1', 'EXPLOT,MANUEL,Tj 019 NE (Ch 907),LIMPIEZA'),
	(2872, '5G72WS', 528, 9, '1', 'EXPLOT,MANUEL,Tj 019 NE (Ch 907),SOSTENIMIENTO'),
	(2873, '5G72WO', 528, 9, '1', 'EXPLOT,MANUEL,Tj 019 NE (Ch 907),SERVICIO'),
	(2874, '5G72WR', 528, 9, '1', 'EXPLOT,MANUEL,Tj 019 NE (Ch 907),RELLENO'),
	(2875, '3G31PP', 104, 9, '2', 'PREPAR,MANUEL,Ch 907 (Snv 019 NE),PERFORACION'),
	(2876, '3G31PV', 104, 9, '2', 'PREPAR,MANUEL,Ch 907 (Snv 019 NE),VOLADURA'),
	(2877, '3G31PL', 104, 9, '2', 'PREPAR,MANUEL,Ch 907 (Snv 019 NE),LIMPIEZA'),
	(2878, '3G31PS', 104, 9, '2', 'PREPAR,MANUEL,Ch 907 (Snv 019 NE),SOSTENIMIENTO'),
	(2879, '3G31PO', 104, 9, '2', 'PREPAR,MANUEL,Ch 907 (Snv 019 NE),SERVICIO'),
	(2880, '1D685P', 204, 4, '2', 'EXPLOR,CACHORRO,Est 927 SE (Inc 822 NE),PERFORACION'),
	(2881, '1D685V', 204, 4, '2', 'EXPLOR,CACHORRO,Est 927 SE (Inc 822 NE),VOLADURA'),
	(2882, '1D685L', 204, 4, '2', 'EXPLOR,CACHORRO,Est 927 SE (Inc 822 NE),LIMPIEZA'),
	(2883, '1D685S', 204, 4, '2', 'EXPLOR,CACHORRO,Est 927 SE (Inc 822 NE),SOSTENIMIENTO'),
	(2884, '1D685O', 204, 4, '2', 'EXPLOR,CACHORRO,Est 927 SE (Inc 822 NE),SERVICIO'),
	(2885, '3E31QP', 94, 12, '2', 'PREPAR,VANESSA,Ch 835 (Snv 020 SW),PERFORACION'),
	(2886, '3E31QV', 94, 12, '2', 'PREPAR,VANESSA,Ch 835 (Snv 020 SW),VOLADURA'),
	(2887, '3E31QL', 94, 12, '2', 'PREPAR,VANESSA,Ch 835 (Snv 020 SW),LIMPIEZA'),
	(2888, '3E31QS', 94, 12, '2', 'PREPAR,VANESSA,Ch 835 (Snv 020 SW),SOSTENIMIENTO'),
	(2889, '3E31QO', 94, 12, '2', 'PREPAR,VANESSA,Ch 835 (Snv 020 SW),SERVICIO'),
	(2890, '3D55NP', 492, 4, '2', 'PREPAR,CACHORRO,Snv 903 SW (Inc 822 NE),PERFORACION'),
	(2891, '3D55NV', 492, 4, '2', 'PREPAR,CACHORRO,Snv 903 SW (Inc 822 NE),VOLADURA'),
	(2892, '3D55NL', 492, 4, '2', 'PREPAR,CACHORRO,Snv 903 SW (Inc 822 NE),LIMPIEZA'),
	(2893, '3D55NS', 492, 4, '2', 'PREPAR,CACHORRO,Snv 903 SW (Inc 822 NE),SOSTENIMIENTO'),
	(2894, '3D55NO', 492, 4, '2', 'PREPAR,CACHORRO,Snv 903 SW (Inc 822 NE),SERVICIO'),
	(2895, '3D55OP', 491, 4, '2', 'PREPAR,CACHORRO,Snv 903 NE (Inc 822 NE),PERFORACION'),
	(2896, '3D55OV', 491, 4, '2', 'PREPAR,CACHORRO,Snv 903 NE (Inc 822 NE),VOLADURA'),
	(2897, '3D55OL', 491, 4, '2', 'PREPAR,CACHORRO,Snv 903 NE (Inc 822 NE),LIMPIEZA'),
	(2898, '3D55OS', 491, 4, '2', 'PREPAR,CACHORRO,Snv 903 NE (Inc 822 NE),SOSTENIMIENTO'),
	(2899, '3D55OO', 491, 4, '2', 'PREPAR,CACHORRO,Snv 903 NE (Inc 822 NE),SERVICIO'),
	(2900, '5D72XP', 630, 4, '1', 'EXPLOT,CACHORRO,Tj 903 NE (Inc 822 NE),PERFORACION'),
	(2901, '5D72XV', 630, 4, '1', 'EXPLOT,CACHORRO,Tj 903 NE (Inc 822 NE),VOLADURA'),
	(2902, '5D72XL', 630, 4, '1', 'EXPLOT,CACHORRO,Tj 903 NE (Inc 822 NE),LIMPIEZA'),
	(2903, '5D72XS', 630, 4, '1', 'EXPLOT,CACHORRO,Tj 903 NE (Inc 822 NE),SOSTENIMIENTO'),
	(2904, '5D72XO', 630, 4, '1', 'EXPLOT,CACHORRO,Tj 903 NE (Inc 822 NE),SERVICIO'),
	(2905, '5D72XR', 630, 4, '1', 'EXPLOT,CACHORRO,Tj 903 NE (Inc 822 NE),RELLENO'),
	(2906, '5D72YP', 631, 4, '1', 'EXPLOT,CACHORRO,Tj 903 SW (Inc 822 NE),PERFORACION'),
	(2907, '5D72YV', 631, 4, '1', 'EXPLOT,CACHORRO,Tj 903 SW (Inc 822 NE),VOLADURA'),
	(2908, '5D72YL', 631, 4, '1', 'EXPLOT,CACHORRO,Tj 903 SW (Inc 822 NE),LIMPIEZA'),
	(2909, '5D72YS', 631, 4, '1', 'EXPLOT,CACHORRO,Tj 903 SW (Inc 822 NE),SOSTENIMIENTO'),
	(2910, '5D72YO', 631, 4, '1', 'EXPLOT,CACHORRO,Tj 903 SW (Inc 822 NE),SERVICIO'),
	(2911, '5D72UR', 538, 4, '1', 'EXPLOT,CACHORRO,Tj 042 SW (Ch 835),RELLENO'),
	(2912, '1E55PP', 464, 12, '2', 'EXPLOR,VANESSA,Snv 829 SW (Est 830 SW),PERFORACION'),
	(2913, '1E55PV', 464, 12, '2', 'EXPLOR,VANESSA,Snv 829 SW (Est 830 SW),VOLADURA'),
	(2914, '1E55PL', 464, 12, '2', 'EXPLOR,VANESSA,Snv 829 SW (Est 830 SW),LIMPIEZA'),
	(2915, '1E55PS', 464, 12, '2', 'EXPLOR,VANESSA,Snv 829 SW (Est 830 SW),SOSTENIMIENTO'),
	(2916, '1E55PO', 464, 12, '2', 'EXPLOR,VANESSA,Snv 829 SW (Est 830 SW),SERVICIO'),
	(2917, '1E686P', 188, 12, '2', 'EXPLOR,VANESSA,Est 830 SW (Snv 842 SW),PERFORACION'),
	(2918, '1E686V', 188, 12, '2', 'EXPLOR,VANESSA,Est 830 SW (Snv 842 SW),VOLADURA'),
	(2919, '1E686L', 188, 12, '2', 'EXPLOR,VANESSA,Est 830 SW (Snv 842 SW),LIMPIEZA'),
	(2920, '1E686S', 188, 12, '2', 'EXPLOR,VANESSA,Est 830 SW (Snv 842 SW),SOSTENIMIENTO'),
	(2921, '1E686O', 188, 12, '2', 'EXPLOR,VANESSA,Est 830 SW (Snv 842 SW),SERVICIO'),
	(2922, '1AR01P', 14, 6, '2', 'EXPLOR,ESPERANZA,Cam 111 NE (Gal 028 NE),PERFORACION'),
	(2923, '1AR01V', 14, 6, '2', 'EXPLOR,ESPERANZA,Cam 111 NE (Gal 028 NE),VOLADURA'),
	(2924, '1AR01L', 14, 6, '2', 'EXPLOR,ESPERANZA,Cam 111 NE (Gal 028 NE),LIMPIEZA'),
	(2925, '1AR01S', 14, 6, '2', 'EXPLOR,ESPERANZA,Cam 111 NE (Gal 028 NE),SOSTENIMIENTO'),
	(2926, '1AR01O', 14, 6, '2', 'EXPLOR,ESPERANZA,Cam 111 NE (Gal 028 NE),SERVICIO'),
	(2927, '3D55QP', 488, 4, '2', 'PREPAR,CACHORRO,Snv 890 NE (Inc 822 NE),PERFORACION'),
	(2928, '3D55QV', 488, 4, '2', 'PREPAR,CACHORRO,Snv 890 NE (Inc 822 NE),VOLADURA'),
	(2929, '3D55QL', 488, 4, '2', 'PREPAR,CACHORRO,Snv 890 NE (Inc 822 NE),LIMPIEZA'),
	(2930, '3D55QS', 488, 4, '2', 'PREPAR,CACHORRO,Snv 890 NE (Inc 822 NE),SOSTENIMIENTO'),
	(2931, '3D55QO', 488, 4, '2', 'PREPAR,CACHORRO,Snv 890 NE (Inc 822 NE),SERVICIO'),
	(2932, '3D55RP', 489, 4, '2', 'PREPAR,CACHORRO,Snv 890 SW (Inc 822 NE),PERFORACION'),
	(2933, '3D55RV', 489, 4, '2', 'PREPAR,CACHORRO,Snv 890 SW (Inc 822 NE),VOLADURA'),
	(2934, '3D55RL', 489, 4, '2', 'PREPAR,CACHORRO,Snv 890 SW (Inc 822 NE),LIMPIEZA'),
	(2935, '3D55RS', 489, 4, '2', 'PREPAR,CACHORRO,Snv 890 SW (Inc 822 NE),SOSTENIMIENTO'),
	(2936, '3D55RO', 489, 4, '2', 'PREPAR,CACHORRO,Snv 890 SW (Inc 822 NE),SERVICIO'),
	(2937, '1E55SP', 348, 12, '2', 'EXPLOR,VANESSA,Snv 088 NE (Tj 077 NE),PERFORACION'),
	(2938, '1E55SV', 348, 12, '2', 'EXPLOR,VANESSA,Snv 088 NE (Tj 077 NE),VOLADURA'),
	(2939, '1E55SL', 348, 12, '2', 'EXPLOR,VANESSA,Snv 088 NE (Tj 077 NE),LIMPIEZA'),
	(2940, '1E55SS', 348, 12, '2', 'EXPLOR,VANESSA,Snv 088 NE (Tj 077 NE),SOSTENIMIENTO'),
	(2941, '1E55SO', 348, 12, '2', 'EXPLOR,VANESSA,Snv 088 NE (Tj 077 NE),SERVICIO'),
	(2942, '5E72ZP', 617, 12, '1', 'EXPLOT,VANESSA,Tj 829 SW (Snv 829 SW),PERFORACION'),
	(2943, '5E72ZV', 617, 12, '1', 'EXPLOT,VANESSA,Tj 829 SW (Snv 829 SW),VOLADURA'),
	(2944, '5E72ZL', 617, 12, '1', 'EXPLOT,VANESSA,Tj 829 SW (Snv 829 SW),LIMPIEZA'),
	(2945, '5E72ZS', 617, 12, '1', 'EXPLOT,VANESSA,Tj 829 SW (Snv 829 SW),SOSTENIMIENTO'),
	(2946, '5E72ZO', 617, 12, '1', 'EXPLOT,VANESSA,Tj 829 SW (Snv 829 SW),SERVICIO'),
	(2947, '5E72ZR', 617, 12, '1', 'EXPLOT,VANESSA,Tj 829 SW (Snv 829 SW),RELLENO'),
	(2948, '1G413P', 278, 9, '2', 'EXPLOR,MANUEL,Pq 907 (Snv 019 NE),PERFORACION'),
	(2949, '1G413V', 278, 9, '2', 'EXPLOR,MANUEL,Pq 907 (Snv 019 NE),VOLADURA'),
	(2950, '1G413L', 278, 9, '2', 'EXPLOR,MANUEL,Pq 907 (Snv 019 NE),LIMPIEZA'),
	(2951, '1G413S', 278, 9, '2', 'EXPLOR,MANUEL,Pq 907 (Snv 019 NE),SOSTENIMIENTO'),
	(2952, '1G413O', 278, 9, '2', 'EXPLOR,MANUEL,Pq 907 (Snv 019 NE),SERVICIO'),
	(2953, '1E687P', 186, 12, '2', 'EXPLOR,VANESSA,Est 820 NW (Tj 036 SW),PERFORACION'),
	(2954, '1E687V', 186, 12, '2', 'EXPLOR,VANESSA,Est 820 NW (Tj 036 SW),VOLADURA'),
	(2955, '1E687L', 186, 12, '2', 'EXPLOR,VANESSA,Est 820 NW (Tj 036 SW),LIMPIEZA'),
	(2956, '1E687S', 186, 12, '2', 'EXPLOR,VANESSA,Est 820 NW (Tj 036 SW),SOSTENIMIENTO'),
	(2957, '1E687O', 186, 12, '2', 'EXPLOR,VANESSA,Est 820 NW (Tj 036 SW),SERVICIO'),
	(2958, '1E55TP', 476, 12, '2', 'EXPLOR,VANESSA,Snv 860 SW (Snv 020 NE),PERFORACION'),
	(2959, '1E55TV', 476, 12, '2', 'EXPLOR,VANESSA,Snv 860 SW (Snv 020 NE),VOLADURA'),
	(2960, '1E55TL', 476, 12, '2', 'EXPLOR,VANESSA,Snv 860 SW (Snv 020 NE),LIMPIEZA'),
	(2961, '1E55TS', 476, 12, '2', 'EXPLOR,VANESSA,Snv 860 SW (Snv 020 NE),SOSTENIMIENTO'),
	(2962, '1E55TO', 476, 12, '2', 'EXPLOR,VANESSA,Snv 860 SW (Snv 020 NE),SERVICIO'),
	(2963, '1E688P', 185, 12, '2', 'EXPLOR,VANESSA,Est 820 NW (Ch 044),PERFORACION'),
	(2964, '1E688V', 185, 12, '2', 'EXPLOR,VANESSA,Est 820 NW (Ch 044),VOLADURA'),
	(2965, '1E688L', 185, 12, '2', 'EXPLOR,VANESSA,Est 820 NW (Ch 044),LIMPIEZA'),
	(2966, '1E688S', 185, 12, '2', 'EXPLOR,VANESSA,Est 820 NW (Ch 044),SOSTENIMIENTO'),
	(2967, '1E688O', 185, 12, '2', 'EXPLOR,VANESSA,Est 820 NW (Ch 044),SERVICIO'),
	(2968, '3E55UP', 461, 12, '2', 'PREPAR,VANESSA,Snv 820 NW (Est 820 NW),PERFORACION'),
	(2969, '3E55UV', 461, 12, '2', 'PREPAR,VANESSA,Snv 820 NW (Est 820 NW),VOLADURA'),
	(2970, '3E55UL', 461, 12, '2', 'PREPAR,VANESSA,Snv 820 NW (Est 820 NW),LIMPIEZA'),
	(2971, '3E55US', 461, 12, '2', 'PREPAR,VANESSA,Snv 820 NW (Est 820 NW),SOSTENIMIENTO'),
	(2972, '3E55UO', 461, 12, '2', 'PREPAR,VANESSA,Snv 820 NW (Est 820 NW),SERVICIO'),
	(2973, '3E55VP', 317, 12, '2', 'PREPAR,VANESSA,Snv 048 SW (Tj 042 SW),PERFORACION'),
	(2974, '3E55VV', 317, 12, '2', 'PREPAR,VANESSA,Snv 048 SW (Tj 042 SW),VOLADURA'),
	(2975, '3E55VL', 317, 12, '2', 'PREPAR,VANESSA,Snv 048 SW (Tj 042 SW),LIMPIEZA'),
	(2976, '3E55VS', 317, 12, '2', 'PREPAR,VANESSA,Snv 048 SW (Tj 042 SW),SOSTENIMIENTO'),
	(2977, '3E55VO', 317, 12, '2', 'PREPAR,VANESSA,Snv 048 SW (Tj 042 SW),SERVICIO'),
	(2978, '3E31RP', 97, 12, '2', 'PREPAR,VANESSA,Ch 835 (Tj 010 SW),PERFORACION'),
	(2979, '3E31RV', 97, 12, '2', 'PREPAR,VANESSA,Ch 835 (Tj 010 SW),VOLADURA'),
	(2980, '3E31RL', 97, 12, '2', 'PREPAR,VANESSA,Ch 835 (Tj 010 SW),LIMPIEZA'),
	(2981, '3E31RS', 97, 12, '2', 'PREPAR,VANESSA,Ch 835 (Tj 010 SW),SOSTENIMIENTO'),
	(2982, '3E31RO', 97, 12, '2', 'PREPAR,VANESSA,Ch 835 (Tj 010 SW),SERVICIO'),
	(2983, '1D689P', 209, 4, '2', 'EXPLOR,CACHORRO,Est 943 SE (Inc 822 NE),PERFORACION'),
	(2984, '1D689V', 209, 4, '2', 'EXPLOR,CACHORRO,Est 943 SE (Inc 822 NE),VOLADURA'),
	(2985, '1D689L', 209, 4, '2', 'EXPLOR,CACHORRO,Est 943 SE (Inc 822 NE),LIMPIEZA'),
	(2986, '1D689S', 209, 4, '2', 'EXPLOR,CACHORRO,Est 943 SE (Inc 822 NE),SOSTENIMIENTO'),
	(2987, '1D689O', 209, 4, '2', 'EXPLOR,CACHORRO,Est 943 SE (Inc 822 NE),SERVICIO'),
	(2988, '3E55WP', 462, 12, '2', 'PREPAR,VANESSA,Snv 820 SW (Est 820 NW),PERFORACION'),
	(2989, '3E55WV', 462, 12, '2', 'PREPAR,VANESSA,Snv 820 SW (Est 820 NW),VOLADURA'),
	(2990, '3E55WL', 462, 12, '2', 'PREPAR,VANESSA,Snv 820 SW (Est 820 NW),LIMPIEZA'),
	(2991, '3E55WS', 462, 12, '2', 'PREPAR,VANESSA,Snv 820 SW (Est 820 NW),SOSTENIMIENTO'),
	(2992, '3E55WO', 462, 12, '2', 'PREPAR,VANESSA,Snv 820 SW (Est 820 NW),SERVICIO'),
	(2993, '3E55XP', 460, 12, '2', 'PREPAR,VANESSA,Snv 820 NE (Est 820 NW),PERFORACION'),
	(2994, '3E55XV', 460, 12, '2', 'PREPAR,VANESSA,Snv 820 NE (Est 820 NW),VOLADURA'),
	(2995, '3E55XL', 460, 12, '2', 'PREPAR,VANESSA,Snv 820 NE (Est 820 NW),LIMPIEZA'),
	(2996, '3E55XS', 460, 12, '2', 'PREPAR,VANESSA,Snv 820 NE (Est 820 NW),SOSTENIMIENTO'),
	(2997, '3E55XO', 460, 12, '2', 'PREPAR,VANESSA,Snv 820 NE (Est 820 NW),SERVICIO'),
	(2998, '3E55YP', 286, 12, '2', 'PREPAR,VANESSA,Snv  025  SW (Ch 835),PERFORACION'),
	(2999, '3E55YV', 286, 12, '2', 'PREPAR,VANESSA,Snv  025  SW (Ch 835),VOLADURA'),
	(3000, '3E55YL', 286, 12, '2', 'PREPAR,VANESSA,Snv  025  SW (Ch 835),LIMPIEZA'),
	(3001, '3E55YS', 286, 12, '2', 'PREPAR,VANESSA,Snv  025  SW (Ch 835),SOSTENIMIENTO'),
	(3002, '3E55YO', 286, 12, '2', 'PREPAR,VANESSA,Snv  025  SW (Ch 835),SERVICIO'),
	(3003, '3D55ZP', 487, 4, '2', 'PREPAR,CACHORRO,Snv 885 SW (Est 945 SE),PERFORACION'),
	(3004, '3D55ZV', 487, 4, '2', 'PREPAR,CACHORRO,Snv 885 SW (Est 945 SE),VOLADURA'),
	(3005, '3D55ZL', 487, 4, '2', 'PREPAR,CACHORRO,Snv 885 SW (Est 945 SE),LIMPIEZA'),
	(3006, '3D55ZS', 487, 4, '2', 'PREPAR,CACHORRO,Snv 885 SW (Est 945 SE),SOSTENIMIENTO'),
	(3007, '3D55ZO', 487, 4, '2', 'PREPAR,CACHORRO,Snv 885 SW (Est 945 SE),SERVICIO'),
	(3008, '3D56AP', 486, 4, '2', 'PREPAR,CACHORRO,Snv 885 NE (Est 945 SE),PERFORACION'),
	(3009, '3D56AV', 486, 4, '2', 'PREPAR,CACHORRO,Snv 885 NE (Est 945 SE),VOLADURA'),
	(3010, '3D56AL', 486, 4, '2', 'PREPAR,CACHORRO,Snv 885 NE (Est 945 SE),LIMPIEZA'),
	(3011, '3D56AS', 486, 4, '2', 'PREPAR,CACHORRO,Snv 885 NE (Est 945 SE),SOSTENIMIENTO'),
	(3012, '3D56AO', 486, 4, '2', 'PREPAR,CACHORRO,Snv 885 NE (Est 945 SE),SERVICIO'),
	(3013, '1D690P', 210, 4, '2', 'EXPLOR,CACHORRO,Est 945 SE (Inc 822 NE),PERFORACION'),
	(3014, '1D690V', 210, 4, '2', 'EXPLOR,CACHORRO,Est 945 SE (Inc 822 NE),VOLADURA'),
	(3015, '1D690L', 210, 4, '2', 'EXPLOR,CACHORRO,Est 945 SE (Inc 822 NE),LIMPIEZA'),
	(3016, '1D690S', 210, 4, '2', 'EXPLOR,CACHORRO,Est 945 SE (Inc 822 NE),SOSTENIMIENTO'),
	(3017, '1D690O', 210, 4, '2', 'EXPLOR,CACHORRO,Est 945 SE (Inc 822 NE),SERVICIO'),
	(3018, '3DA04P', 8, 4, '2', 'PREPAR,CACHORRO,Bp 940 NW (Cx 128 NE),PERFORACION'),
	(3019, '3DA04V', 8, 4, '2', 'PREPAR,CACHORRO,Bp 940 NW (Cx 128 NE),VOLADURA'),
	(3020, '3DA04L', 8, 4, '2', 'PREPAR,CACHORRO,Bp 940 NW (Cx 128 NE),LIMPIEZA'),
	(3021, '3DA04S', 8, 4, '2', 'PREPAR,CACHORRO,Bp 940 NW (Cx 128 NE),SOSTENIMIENTO'),
	(3022, '3DA04O', 8, 4, '2', 'PREPAR,CACHORRO,Bp 940 NW (Cx 128 NE),SERVICIO'),
	(3023, '1G56BP', 518, 9, '2', 'EXPLOR,MANUEL,Snv  025 NE (Tj 019 NE),PERFORACION'),
	(3024, '1G56BV', 518, 9, '2', 'EXPLOR,MANUEL,Snv  025 NE (Tj 019 NE),VOLADURA'),
	(3025, '1G56BL', 518, 9, '2', 'EXPLOR,MANUEL,Snv  025 NE (Tj 019 NE),LIMPIEZA'),
	(3026, '1G56BS', 518, 9, '2', 'EXPLOR,MANUEL,Snv  025 NE (Tj 019 NE),SOSTENIMIENTO'),
	(3027, '1G56BO', 518, 9, '2', 'EXPLOR,MANUEL,Snv  025 NE (Tj 019 NE),SERVICIO'),
	(3028, '1E56CP', 517, 12, '2', 'EXPLOR,VANESSA,Snv  015 SW (Ch 835),PERFORACION'),
	(3029, '1E56CV', 517, 12, '2', 'EXPLOR,VANESSA,Snv  015 SW (Ch 835),VOLADURA'),
	(3030, '1E56CL', 517, 12, '2', 'EXPLOR,VANESSA,Snv  015 SW (Ch 835),LIMPIEZA'),
	(3031, '1E56CS', 517, 12, '2', 'EXPLOR,VANESSA,Snv  015 SW (Ch 835),SOSTENIMIENTO'),
	(3032, '1E56CO', 517, 12, '2', 'EXPLOR,VANESSA,Snv  015 SW (Ch 835),SERVICIO'),
	(3033, '2E31SP', 47, 12, '2', 'DESARR,VANESSA,Ch 065 (Tj 036 SW ),PERFORACION'),
	(3034, '2E31SV', 47, 12, '2', 'DESARR,VANESSA,Ch 065 (Tj 036 SW ),VOLADURA'),
	(3035, '2E31SL', 47, 12, '2', 'DESARR,VANESSA,Ch 065 (Tj 036 SW ),LIMPIEZA'),
	(3036, '2E31SS', 47, 12, '2', 'DESARR,VANESSA,Ch 065 (Tj 036 SW ),SOSTENIMIENTO'),
	(3037, '2E31SO', 47, 12, '2', 'DESARR,VANESSA,Ch 065 (Tj 036 SW ),SERVICIO'),
	(3038, '5E73AP', 519, 12, '1', 'EXPLOT,VANESSA,Tj  829 SW (Snv 868 SW),PERFORACION'),
	(3039, '5E73AV', 519, 12, '1', 'EXPLOT,VANESSA,Tj  829 SW (Snv 868 SW),VOLADURA'),
	(3040, '5E73AL', 519, 12, '1', 'EXPLOT,VANESSA,Tj  829 SW (Snv 868 SW),LIMPIEZA'),
	(3041, '5E73AS', 519, 12, '1', 'EXPLOT,VANESSA,Tj  829 SW (Snv 868 SW),SOSTENIMIENTO'),
	(3042, '5E73AO', 519, 12, '1', 'EXPLOT,VANESSA,Tj  829 SW (Snv 868 SW),SERVICIO'),
	(3043, '5E73AR', 519, 12, '1', 'EXPLOT,VANESSA,Tj  829 SW (Snv 868 SW),RELLENO'),
	(3044, '1E31TP', 26, 12, '2', 'EXPLOR,VANESSA,Ch  091 (Snv 010 NE),PERFORACION'),
	(3045, '1E31TV', 26, 12, '2', 'EXPLOR,VANESSA,Ch  091 (Snv 010 NE),VOLADURA'),
	(3046, '1E31TL', 26, 12, '2', 'EXPLOR,VANESSA,Ch  091 (Snv 010 NE),LIMPIEZA'),
	(3047, '1E31TS', 26, 12, '2', 'EXPLOR,VANESSA,Ch  091 (Snv 010 NE),SOSTENIMIENTO'),
	(3048, '1E31TO', 26, 12, '2', 'EXPLOR,VANESSA,Ch  091 (Snv 010 NE),SERVICIO'),
	(3049, '1E56DP', 467, 12, '2', 'EXPLOR,VANESSA,Snv 834 SW (Tj 829 SW),PERFORACION'),
	(3050, '1E56DV', 467, 12, '2', 'EXPLOR,VANESSA,Snv 834 SW (Tj 829 SW),VOLADURA'),
	(3051, '1E56DL', 467, 12, '2', 'EXPLOR,VANESSA,Snv 834 SW (Tj 829 SW),LIMPIEZA'),
	(3052, '1E56DS', 467, 12, '2', 'EXPLOR,VANESSA,Snv 834 SW (Tj 829 SW),SOSTENIMIENTO'),
	(3053, '1E56DO', 467, 12, '2', 'EXPLOR,VANESSA,Snv 834 SW (Tj 829 SW),SERVICIO'),
	(3054, '3E31UP', 93, 12, '2', 'PREPAR,VANESSA,Ch 820 (Tj 042 SW)\n,PERFORACION'),
	(3055, '3E31UV', 93, 12, '2', 'PREPAR,VANESSA,Ch 820 (Tj 042 SW)\n,VOLADURA'),
	(3056, '3E31UL', 93, 12, '2', 'PREPAR,VANESSA,Ch 820 (Tj 042 SW)\n,LIMPIEZA'),
	(3057, '3E31US', 93, 12, '2', 'PREPAR,VANESSA,Ch 820 (Tj 042 SW)\n,SOSTENIMIENTO'),
	(3058, '3E31UO', 93, 12, '2', 'PREPAR,VANESSA,Ch 820 (Tj 042 SW)\n,SERVICIO'),
	(3059, '3D31VP', 108, 4, '2', 'PREPAR,CACHORRO,Ch 914 (Snv 885 SW),PERFORACION'),
	(3060, '3D31VV', 108, 4, '2', 'PREPAR,CACHORRO,Ch 914 (Snv 885 SW),VOLADURA'),
	(3061, '3D31VL', 108, 4, '2', 'PREPAR,CACHORRO,Ch 914 (Snv 885 SW),LIMPIEZA'),
	(3062, '3D31VS', 108, 4, '2', 'PREPAR,CACHORRO,Ch 914 (Snv 885 SW),SOSTENIMIENTO'),
	(3063, '3D31VO', 108, 4, '2', 'PREPAR,CACHORRO,Ch 914 (Snv 885 SW),SERVICIO'),
	(3064, '1D56EP', 503, 4, '2', 'EXPLOR,CACHORRO,Snv 929 SW (Bp 940 NW)\n,PERFORACION'),
	(3065, '1D56EV', 503, 4, '2', 'EXPLOR,CACHORRO,Snv 929 SW (Bp 940 NW)\n,VOLADURA'),
	(3066, '1D56EL', 503, 4, '2', 'EXPLOR,CACHORRO,Snv 929 SW (Bp 940 NW)\n,LIMPIEZA'),
	(3067, '1D56ES', 503, 4, '2', 'EXPLOR,CACHORRO,Snv 929 SW (Bp 940 NW)\n,SOSTENIMIENTO'),
	(3068, '1D56EO', 503, 4, '2', 'EXPLOR,CACHORRO,Snv 929 SW (Bp 940 NW)\n,SERVICIO'),
	(3069, '3E56FP', 343, 12, '2', 'PREPAR,VANESSA,Snv 084 SW (Tj 077 NE) ,PERFORACION'),
	(3070, '3E56FV', 343, 12, '2', 'PREPAR,VANESSA,Snv 084 SW (Tj 077 NE) ,VOLADURA'),
	(3071, '3E56FL', 343, 12, '2', 'PREPAR,VANESSA,Snv 084 SW (Tj 077 NE) ,LIMPIEZA'),
	(3072, '3E56FS', 343, 12, '2', 'PREPAR,VANESSA,Snv 084 SW (Tj 077 NE) ,SOSTENIMIENTO'),
	(3073, '3E56FO', 343, 12, '2', 'PREPAR,VANESSA,Snv 084 SW (Tj 077 NE) ,SERVICIO'),
	(3074, '5D73BP', 521, 4, '1', 'EXPLOT,CACHORRO,Tj  885 SW (Inc 822 NE),PERFORACION'),
	(3075, '5D73BV', 521, 4, '1', 'EXPLOT,CACHORRO,Tj  885 SW (Inc 822 NE),VOLADURA'),
	(3076, '5D73BL', 521, 4, '1', 'EXPLOT,CACHORRO,Tj  885 SW (Inc 822 NE),LIMPIEZA'),
	(3077, '5D73BS', 521, 4, '1', 'EXPLOT,CACHORRO,Tj  885 SW (Inc 822 NE),SOSTENIMIENTO'),
	(3078, '5D73BO', 521, 4, '1', 'EXPLOT,CACHORRO,Tj  885 SW (Inc 822 NE),SERVICIO'),
	(3079, '5D73BR', 521, 4, '1', 'EXPLOT,CACHORRO,Tj  885 SW (Inc 822 NE),RELLENO'),
	(3080, '5D73CP', 520, 4, '1', 'EXPLOT,CACHORRO,Tj  885 NE (Inc 822 NE),PERFORACION'),
	(3081, '5D73CV', 520, 4, '1', 'EXPLOT,CACHORRO,Tj  885 NE (Inc 822 NE),VOLADURA'),
	(3082, '5D73CL', 520, 4, '1', 'EXPLOT,CACHORRO,Tj  885 NE (Inc 822 NE),LIMPIEZA'),
	(3083, '5D73CS', 520, 4, '1', 'EXPLOT,CACHORRO,Tj  885 NE (Inc 822 NE),SOSTENIMIENTO'),
	(3084, '5D73CO', 520, 4, '1', 'EXPLOT,CACHORRO,Tj  885 NE (Inc 822 NE),SERVICIO'),
	(3085, '5D73CR', 520, 4, '1', 'EXPLOT,CACHORRO,Tj  885 NE (Inc 822 NE),RELLENO'),
	(3086, '3G31WP', 113, 9, '2', 'PREPAR,MANUEL,Ch 934 (Snv 025 NE),PERFORACION'),
	(3087, '3G31WV', 113, 9, '2', 'PREPAR,MANUEL,Ch 934 (Snv 025 NE),VOLADURA'),
	(3088, '3G31WL', 113, 9, '2', 'PREPAR,MANUEL,Ch 934 (Snv 025 NE),LIMPIEZA'),
	(3089, '3G31WS', 113, 9, '2', 'PREPAR,MANUEL,Ch 934 (Snv 025 NE),SOSTENIMIENTO'),
	(3090, '3G31WO', 113, 9, '2', 'PREPAR,MANUEL,Ch 934 (Snv 025 NE),SERVICIO'),
	(3091, '5D73DP', 632, 4, '1', 'EXPLOT,CACHORRO,Tj 929 SW (Snv 929 SW) ,PERFORACION'),
	(3092, '5D73DV', 632, 4, '1', 'EXPLOT,CACHORRO,Tj 929 SW (Snv 929 SW) ,VOLADURA'),
	(3093, '5D73DL', 632, 4, '1', 'EXPLOT,CACHORRO,Tj 929 SW (Snv 929 SW) ,LIMPIEZA'),
	(3094, '5D73DS', 632, 4, '1', 'EXPLOT,CACHORRO,Tj 929 SW (Snv 929 SW) ,SOSTENIMIENTO'),
	(3095, '5D73DO', 632, 4, '1', 'EXPLOT,CACHORRO,Tj 929 SW (Snv 929 SW) ,SERVICIO'),
	(3096, '3E56GP', 310, 12, '2', 'PREPAR,VANESSA,Snv 034 SW (Tj 030 SW),PERFORACION'),
	(3097, '3E56GV', 310, 12, '2', 'PREPAR,VANESSA,Snv 034 SW (Tj 030 SW),VOLADURA'),
	(3098, '3E56GL', 310, 12, '2', 'PREPAR,VANESSA,Snv 034 SW (Tj 030 SW),LIMPIEZA'),
	(3099, '3E56GS', 310, 12, '2', 'PREPAR,VANESSA,Snv 034 SW (Tj 030 SW),SOSTENIMIENTO'),
	(3100, '3E56GO', 310, 12, '2', 'PREPAR,VANESSA,Snv 034 SW (Tj 030 SW),SERVICIO'),
	(3101, '5D73DR', 632, 4, '1', 'EXPLOT,CACHORRO,Tj 929 SW (Snv 929 SW) ,RELLENO'),
	(3102, '1D691P', 211, 4, '2', 'EXPLOR,CACHORRO,Est 955 NW (Snv 885 NE) ,PERFORACION'),
	(3103, '1D691V', 211, 4, '2', 'EXPLOR,CACHORRO,Est 955 NW (Snv 885 NE) ,VOLADURA'),
	(3104, '1D691L', 211, 4, '2', 'EXPLOR,CACHORRO,Est 955 NW (Snv 885 NE) ,LIMPIEZA'),
	(3105, '1D691S', 211, 4, '2', 'EXPLOR,CACHORRO,Est 955 NW (Snv 885 NE) ,SOSTENIMIENTO'),
	(3106, '1D691O', 211, 4, '2', 'EXPLOR,CACHORRO,Est 955 NW (Snv 885 NE) ,SERVICIO'),
	(3107, '1D692P', 206, 4, '2', 'EXPLOR,CACHORRO,Est 934 NW (Snv 885 SW) ,PERFORACION'),
	(3108, '1D692V', 206, 4, '2', 'EXPLOR,CACHORRO,Est 934 NW (Snv 885 SW) ,VOLADURA'),
	(3109, '1D692L', 206, 4, '2', 'EXPLOR,CACHORRO,Est 934 NW (Snv 885 SW) ,LIMPIEZA'),
	(3110, '1D692S', 206, 4, '2', 'EXPLOR,CACHORRO,Est 934 NW (Snv 885 SW) ,SOSTENIMIENTO'),
	(3111, '1D692O', 206, 4, '2', 'EXPLOR,CACHORRO,Est 934 NW (Snv 885 SW) ,SERVICIO'),
	(3112, '1D693P', 203, 4, '2', 'EXPLOR,CACHORRO,Est 925 NW (Snv 885 SW),PERFORACION'),
	(3113, '1D693V', 203, 4, '2', 'EXPLOR,CACHORRO,Est 925 NW (Snv 885 SW),VOLADURA'),
	(3114, '1D693L', 203, 4, '2', 'EXPLOR,CACHORRO,Est 925 NW (Snv 885 SW),LIMPIEZA'),
	(3115, '1D693S', 203, 4, '2', 'EXPLOR,CACHORRO,Est 925 NW (Snv 885 SW),SOSTENIMIENTO'),
	(3116, '1D693O', 203, 4, '2', 'EXPLOR,CACHORRO,Est 925 NW (Snv 885 SW),SERVICIO'),
	(3117, '1D694P', 202, 4, '2', 'EXPLOR,CACHORRO,Est 919 NW (Snv 885 SW),PERFORACION'),
	(3118, '1D694V', 202, 4, '2', 'EXPLOR,CACHORRO,Est 919 NW (Snv 885 SW),VOLADURA'),
	(3119, '1D694L', 202, 4, '2', 'EXPLOR,CACHORRO,Est 919 NW (Snv 885 SW),LIMPIEZA'),
	(3120, '1D694S', 202, 4, '2', 'EXPLOR,CACHORRO,Est 919 NW (Snv 885 SW),SOSTENIMIENTO'),
	(3121, '1D694O', 202, 4, '2', 'EXPLOR,CACHORRO,Est 919 NW (Snv 885 SW),SERVICIO'),
	(3122, '1D695P', 200, 4, '2', 'EXPLOR,CACHORRO,Est 910 NW (Snv 885 SW),PERFORACION'),
	(3123, '1D695V', 200, 4, '2', 'EXPLOR,CACHORRO,Est 910 NW (Snv 885 SW),VOLADURA'),
	(3124, '1D695L', 200, 4, '2', 'EXPLOR,CACHORRO,Est 910 NW (Snv 885 SW),LIMPIEZA'),
	(3125, '1D695S', 200, 4, '2', 'EXPLOR,CACHORRO,Est 910 NW (Snv 885 SW),SOSTENIMIENTO'),
	(3126, '1D695O', 200, 4, '2', 'EXPLOR,CACHORRO,Est 910 NW (Snv 885 SW),SERVICIO'),
	(3127, '1D31XP', 111, 4, '2', 'EXPLOR,CACHORRO,Ch 929 (Bp 940 NW),PERFORACION'),
	(3128, '1D31XV', 111, 4, '2', 'EXPLOR,CACHORRO,Ch 929 (Bp 940 NW),VOLADURA'),
	(3129, '1D31XL', 111, 4, '2', 'EXPLOR,CACHORRO,Ch 929 (Bp 940 NW),LIMPIEZA'),
	(3130, '1D31XS', 111, 4, '2', 'EXPLOR,CACHORRO,Ch 929 (Bp 940 NW),SOSTENIMIENTO'),
	(3131, '1D31XO', 111, 4, '2', 'EXPLOR,CACHORRO,Ch 929 (Bp 940 NW),SERVICIO'),
	(3132, '1D56HP', 509, 4, '2', 'EXPLOR,CACHORRO,Snv 959 SW (Est 955 NW),PERFORACION'),
	(3133, '1D56HV', 509, 4, '2', 'EXPLOR,CACHORRO,Snv 959 SW (Est 955 NW),VOLADURA'),
	(3134, '1D56HL', 509, 4, '2', 'EXPLOR,CACHORRO,Snv 959 SW (Est 955 NW),LIMPIEZA'),
	(3135, '1D56HS', 509, 4, '2', 'EXPLOR,CACHORRO,Snv 959 SW (Est 955 NW),SOSTENIMIENTO'),
	(3136, '1D56HO', 509, 4, '2', 'EXPLOR,CACHORRO,Snv 959 SW (Est 955 NW),SERVICIO'),
	(3137, '1D56IP', 501, 4, '2', 'EXPLOR,CACHORRO,Snv 925 NE (Est 925 NW),PERFORACION'),
	(3138, '1D56IV', 501, 4, '2', 'EXPLOR,CACHORRO,Snv 925 NE (Est 925 NW),VOLADURA'),
	(3139, '1D56IL', 501, 4, '2', 'EXPLOR,CACHORRO,Snv 925 NE (Est 925 NW),LIMPIEZA'),
	(3140, '1D56IS', 501, 4, '2', 'EXPLOR,CACHORRO,Snv 925 NE (Est 925 NW),SOSTENIMIENTO'),
	(3141, '1D56IO', 501, 4, '2', 'EXPLOR,CACHORRO,Snv 925 NE (Est 925 NW),SERVICIO'),
	(3142, '1D56JP', 502, 4, '2', 'EXPLOR,CACHORRO,Snv 925 SW (Est 925 NW),PERFORACION'),
	(3143, '1D56JV', 502, 4, '2', 'EXPLOR,CACHORRO,Snv 925 SW (Est 925 NW),VOLADURA'),
	(3144, '1D56JL', 502, 4, '2', 'EXPLOR,CACHORRO,Snv 925 SW (Est 925 NW),LIMPIEZA'),
	(3145, '1D56JS', 502, 4, '2', 'EXPLOR,CACHORRO,Snv 925 SW (Est 925 NW),SOSTENIMIENTO'),
	(3146, '1D56JO', 502, 4, '2', 'EXPLOR,CACHORRO,Snv 925 SW (Est 925 NW),SERVICIO'),
	(3147, '1D56KP', 475, 4, '2', 'EXPLOR,CACHORRO,Snv 850 NE (Snv 010 NE),PERFORACION'),
	(3148, '1D56KV', 475, 4, '2', 'EXPLOR,CACHORRO,Snv 850 NE (Snv 010 NE),VOLADURA'),
	(3149, '1D56KL', 475, 4, '2', 'EXPLOR,CACHORRO,Snv 850 NE (Snv 010 NE),LIMPIEZA'),
	(3150, '1D56KS', 475, 4, '2', 'EXPLOR,CACHORRO,Snv 850 NE (Snv 010 NE),SOSTENIMIENTO'),
	(3151, '1D56KO', 475, 4, '2', 'EXPLOR,CACHORRO,Snv 850 NE (Snv 010 NE),SERVICIO'),
	(3152, '3G31YP', 100, 9, '2', 'PREPAR,MANUEL,Ch 877 (Snv 010 NE),PERFORACION'),
	(3153, '3G31YV', 100, 9, '2', 'PREPAR,MANUEL,Ch 877 (Snv 010 NE),VOLADURA'),
	(3154, '3G31YL', 100, 9, '2', 'PREPAR,MANUEL,Ch 877 (Snv 010 NE),LIMPIEZA'),
	(3155, '3G31YS', 100, 9, '2', 'PREPAR,MANUEL,Ch 877 (Snv 010 NE),SOSTENIMIENTO'),
	(3156, '3G31YO', 100, 9, '2', 'PREPAR,MANUEL,Ch 877 (Snv 010 NE),SERVICIO'),
	(3157, '3G31ZP', 105, 9, '2', 'PREPAR,MANUEL,Ch 907 (Snv 850 NE),PERFORACION'),
	(3158, '3G31ZV', 105, 9, '2', 'PREPAR,MANUEL,Ch 907 (Snv 850 NE),VOLADURA'),
	(3159, '3G31ZL', 105, 9, '2', 'PREPAR,MANUEL,Ch 907 (Snv 850 NE),LIMPIEZA'),
	(3160, '3G31ZS', 105, 9, '2', 'PREPAR,MANUEL,Ch 907 (Snv 850 NE),SOSTENIMIENTO'),
	(3161, '3G31ZO', 105, 9, '2', 'PREPAR,MANUEL,Ch 907 (Snv 850 NE),SERVICIO'),
	(3162, '11101D', 150, 6, '2', 'EXPL , ESPERANZA , Cx.128 NE_GL.028 NE , REHABILIT'),
	(3163, '6A19', 270, 6, '2', 'Motorista'),
	(3164, '6A1B', 5, 6, '2', 'Bodeguero'),
	(3165, '6A355', 4, 6, '2', 'Acarreo');
/*!40000 ALTER TABLE `labores` ENABLE KEYS */;